mod,id,name,class,class_note,current_gate,proposed_gate
create,create:acacia_window,Acacia Window,decoration/building block,Create building block,,
create,create:acacia_window_pane,Acacia Window Pane,decoration/building block,Create building block,,
create,create:adjustable_chain_gearshift,Adjustable Chain Gearshift,machine/automation,Create machine/kinetics,,
create,create:analog_lever,Analog Lever,machine/automation,Create machine/kinetics,,
create,create:andesite_alloy,Andesite Alloy,crafting material,Create material,,
create,create:andesite_alloy_block,Block of Andesite Alloy,decoration/building block,Create building block,,
create,create:andesite_bars,Andesite Bars,decoration/building block,Create building block,,
create,create:andesite_casing,Andesite Casing,decoration/building block,Create building block,,
create,create:andesite_door,Andesite Door,decoration/building block,Create building block,,
create,create:andesite_encased_cogwheel,Andesite Encased Cogwheel,technical/creative-only,placed form (JEI-hidden),,
create,create:andesite_encased_large_cogwheel,Andesite Encased Large Cogwheel,technical/creative-only,placed form (JEI-hidden),,
create,create:andesite_encased_shaft,Andesite Encased Shaft,technical/creative-only,placed form (JEI-hidden),,
create,create:andesite_funnel,Andesite Funnel,storage/logistics,Create logistics,,
create,create:andesite_ladder,Andesite Ladder,decoration/building block,Create building block,,
create,create:andesite_pillar,Andesite Pillar,decoration/building block,Create building block,,
create,create:andesite_scaffolding,Andesite Scaffolding,decoration/building block,Create building block,,
create,create:andesite_table_cloth,Andesite Table Cover,decoration/building block,Create building block,,
create,create:andesite_tunnel,Andesite Tunnel,storage/logistics,Create logistics,,
create,create:asurine,Asurine,decoration/building block,Create building block,,
create,create:asurine_pillar,Asurine Pillar,decoration/building block,Create building block,,
create,create:attribute_filter,Attribute Filter,crafting material,Create material,,
create,create:bamboo_window,Bamboo Window,decoration/building block,Create building block,,
create,create:bamboo_window_pane,Bamboo Window Pane,decoration/building block,Create building block,,
create,create:bar_of_chocolate,Bar of Chocolate,food,Create food,,
create,create:basin,Basin,machine/automation,Create machine/kinetics,,
create,create:belt_connector,Mechanical Belt,crafting material,Create material,,
create,create:birch_window,Birch Window,decoration/building block,Create building block,,
create,create:birch_window_pane,Birch Window Pane,decoration/building block,Create building block,,
create,create:black_postbox,Black Postbox,storage/logistics,Create logistics,,
create,create:black_seat,Black Seat,utility block,seat,,
create,create:black_table_cloth,Black Table Cloth,decoration/building block,Create building block,,
create,create:black_toolbox,Black Toolbox,storage/logistics,Create logistics,,craft Crafting 15
create,create:black_valve_handle,Black Valve Handle,decoration/building block,Create building block,,
create,create:blaze_burner,Blaze Burner,machine/automation,Create machine/kinetics,,
create,create:blaze_cake,Blaze Cake,crafting material,Create material,,
create,create:blaze_cake_base,Blaze Cake Base,crafting material,Create material,,
create,create:blue_postbox,Blue Postbox,storage/logistics,Create logistics,,
create,create:blue_seat,Blue Seat,utility block,seat,,
create,create:blue_table_cloth,Blue Table Cloth,decoration/building block,Create building block,,
create,create:blue_toolbox,Blue Toolbox,storage/logistics,Create logistics,,craft Crafting 15
create,create:blue_valve_handle,Blue Valve Handle,decoration/building block,Create building block,,
create,create:bound_cardboard_block,Bound Block of Cardboard,storage/logistics,Create logistics,,
create,create:brass_bars,Brass Bars,decoration/building block,Create building block,,
create,create:brass_block,Block of Brass,decoration/building block,Create building block,,
create,create:brass_casing,Brass Casing,decoration/building block,Create building block,,
create,create:brass_door,Brass Door,decoration/building block,Create building block,,
create,create:brass_encased_cogwheel,Brass Encased Cogwheel,technical/creative-only,placed form (JEI-hidden),,
create,create:brass_encased_large_cogwheel,Brass Encased Large Cogwheel,technical/creative-only,placed form (JEI-hidden),,
create,create:brass_encased_shaft,Brass Encased Shaft,technical/creative-only,placed form (JEI-hidden),,
create,create:brass_funnel,Brass Funnel,storage/logistics,Create logistics,,
create,create:brass_hand,Brass Hand,crafting material,Create material,,
create,create:brass_ingot,Brass Ingot,crafting material,Create material,,
create,create:brass_ladder,Brass Ladder,decoration/building block,Create building block,,
create,create:brass_nugget,Brass Nugget,crafting material,Create material,,
create,create:brass_scaffolding,Brass Scaffolding,decoration/building block,Create building block,,
create,create:brass_sheet,Brass Sheet,crafting material,Create material,,
create,create:brass_table_cloth,Brass Table Cover,decoration/building block,Create building block,,
create,create:brass_tunnel,Brass Tunnel,storage/logistics,Create logistics,,
create,create:brown_postbox,Brown Postbox,storage/logistics,Create logistics,,
create,create:brown_seat,Brown Seat,utility block,seat,,
create,create:brown_table_cloth,Brown Table Cloth,decoration/building block,Create building block,,
create,create:brown_toolbox,Brown Toolbox,storage/logistics,Create logistics,,craft Crafting 15
create,create:brown_valve_handle,Brown Valve Handle,decoration/building block,Create building block,,
create,create:builders_tea,Builder's Tea,food,Create food,,
create,create:calcite_pillar,Calcite Pillar,decoration/building block,Create building block,,
create,create:cardboard,Cardboard,crafting material,Create material,,
create,create:cardboard_block,Block of Cardboard,storage/logistics,Create logistics,,
create,create:cardboard_boots,Cardboard Boots,armour,Create armour/gear,,
create,create:cardboard_chestplate,Cardboard Chestplate,armour,Create armour/gear,,
create,create:cardboard_helmet,Cardboard Helmet,armour,Create armour/gear,,
create,create:cardboard_leggings,Cardboard Leggings,armour,Create armour/gear,,
create,create:cardboard_package_10x12,,storage/logistics,Create logistics,,
create,create:cardboard_package_10x8,,storage/logistics,Create logistics,,
create,create:cardboard_package_12x10,,storage/logistics,Create logistics,,
create,create:cardboard_package_12x12,,storage/logistics,Create logistics,,
create,create:cardboard_sword,Cardboard Sword,weapon,Create weapon,,
create,create:cart_assembler,Cart Assembler,transport,Create transport,,
create,create:chain_conveyor,Chain Conveyor,storage/logistics,Create logistics,,
create,create:cherry_window,Cherry Window,decoration/building block,Create building block,,
create,create:cherry_window_pane,Cherry Window Pane,decoration/building block,Create building block,,
create,create:chest_minecart_contraption,Chest Minecart Contraption,transport,Create transport,,
create,create:chocolate_bucket,Chocolate Bucket,crafting material,Create material,,
create,create:chocolate_glazed_berries,Chocolate Glazed Berries,food,Create food,,
create,create:chromatic_compound,Chromatic Compound,technical/creative-only,unobtainable in survival,,
create,create:chute,Chute,storage/logistics,Create logistics,,
create,create:cinder_flour,Cinder Flour,crafting material,Create material,,
create,create:clipboard,Clipboard,tool,Create tool,,
create,create:clockwork_bearing,Clockwork Bearing,machine/automation,Create machine/kinetics,,
create,create:clutch,Clutch,machine/automation,Create machine/kinetics,,
create,create:cogwheel,Cogwheel,machine/automation,Create machine/kinetics,,
create,create:content_observer,Smart Observer,machine/automation,Create machine/kinetics,,
create,create:contraption_controls,Contraption Controls,machine/automation,Create machine/kinetics,,
create,create:controller_rail,Controller Rail,transport,Create transport,,
create,create:controls,Train Controls,transport,Create transport,craft: agility 35 (machine),
create,create:copper_backtank,Copper Backtank,armour,Create armour/gear,pmmo: WEAR defence 5,
create,create:copper_backtank_placeable,Copper Backtank Placeable,technical/creative-only,unobtainable in survival,,
create,create:copper_bars,Copper Bars,decoration/building block,Create building block,,
create,create:copper_casing,Copper Casing,decoration/building block,Create building block,,
create,create:copper_diving_boots,Copper Diving Boots,armour,Create armour/gear,pmmo: WEAR defence 5,
create,create:copper_diving_helmet,Copper Diving Helmet,armour,Create armour/gear,pmmo: WEAR defence 5,
create,create:copper_door,Copper Door,decoration/building block,Create building block,,
create,create:copper_ladder,Copper Ladder,decoration/building block,Create building block,,
create,create:copper_nugget,Copper Nugget,crafting material,Create material,,
create,create:copper_scaffolding,Copper Scaffolding,decoration/building block,Create building block,,
create,create:copper_sheet,Copper Sheet,crafting material,Create material,,
create,create:copper_shingle_slab,Copper Shingle Slab,decoration/building block,Create building block,,
create,create:copper_shingle_stairs,Copper Shingle Stairs,decoration/building block,Create building block,,
create,create:copper_shingles,Copper Shingles,decoration/building block,Create building block,,
create,create:copper_table_cloth,Copper Table Cover,decoration/building block,Create building block,,
create,create:copper_tile_slab,Copper Tile Slab,decoration/building block,Create building block,,
create,create:copper_tile_stairs,Copper Tile Stairs,decoration/building block,Create building block,,
create,create:copper_tiles,Copper Tiles,decoration/building block,Create building block,,
create,create:copper_valve_handle,Copper Valve Handle,decoration/building block,Create building block,,
create,create:copycat_panel,Copycat Panel,decoration/building block,Create building block,,
create,create:copycat_step,Copycat Step,decoration/building block,Create building block,,
create,create:crafter_slot_cover,Crafter Slot Cover,crafting material,Create material,,
create,create:crafting_blueprint,Crafting Blueprint,tool,Create tool,,
create,create:creative_blaze_cake,Creative Blaze Cake,technical/creative-only,"creative, debug or mod-internal",,
create,create:creative_crate,Creative Crate,technical/creative-only,"creative, debug or mod-internal",,
create,create:creative_fluid_tank,Creative Fluid Tank,technical/creative-only,"creative, debug or mod-internal",,
create,create:creative_motor,Creative Motor,technical/creative-only,"creative, debug or mod-internal",,
create,create:crimsite,Crimsite,decoration/building block,Create building block,,
create,create:crimsite_pillar,Crimsite Pillar,decoration/building block,Create building block,,
create,create:crimson_window,Crimson Window,decoration/building block,Create building block,,
create,create:crimson_window_pane,Crimson Window Pane,decoration/building block,Create building block,,
create,create:crushed_raw_aluminum,Crushed Raw Aluminum,technical/creative-only,Create material; unobtainable in this pack (JEI-hidden),,
create,create:crushed_raw_copper,Crushed Raw Copper,crafting material,Create material,,
create,create:crushed_raw_gold,Crushed Raw Gold,crafting material,Create material,,
create,create:crushed_raw_iron,Crushed Raw Iron,crafting material,Create material,,
create,create:crushed_raw_lead,Crushed Raw Lead,technical/creative-only,Create material; unobtainable in this pack (JEI-hidden),,
create,create:crushed_raw_nickel,Crushed Raw Nickel,technical/creative-only,Create material; unobtainable in this pack (JEI-hidden),,
create,create:crushed_raw_osmium,Crushed Raw Osmium,technical/creative-only,Create material; unobtainable in this pack (JEI-hidden),,
create,create:crushed_raw_platinum,Crushed Raw Platinum,technical/creative-only,Create material; unobtainable in this pack (JEI-hidden),,
create,create:crushed_raw_quicksilver,Crushed Raw Quicksilver,technical/creative-only,Create material; unobtainable in this pack (JEI-hidden),,
create,create:crushed_raw_silver,Crushed Raw Silver,technical/creative-only,Create material; unobtainable in this pack (JEI-hidden),,
create,create:crushed_raw_tin,Crushed Raw Tin,technical/creative-only,Create material; unobtainable in this pack (JEI-hidden),,
create,create:crushed_raw_uranium,Crushed Raw Uranium,technical/creative-only,Create material; unobtainable in this pack (JEI-hidden),,
create,create:crushed_raw_zinc,Crushed Raw Zinc,crafting material,Create material,,
create,create:crushing_wheel,Crushing Wheel,machine/automation,Create machine/kinetics,,
create,create:cuckoo_clock,Cuckoo Clock,decoration/building block,Create building block,,
create,create:cut_andesite,Cut Andesite,decoration/building block,Create building block,,
create,create:cut_andesite_brick_slab,Cut Andesite Brick Slab,decoration/building block,Create building block,,
create,create:cut_andesite_brick_stairs,Cut Andesite Brick Stairs,decoration/building block,Create building block,,
create,create:cut_andesite_brick_wall,Cut Andesite Brick Wall,decoration/building block,Create building block,,
create,create:cut_andesite_bricks,Cut Andesite Bricks,decoration/building block,Create building block,,
create,create:cut_andesite_slab,Cut Andesite Slab,decoration/building block,Create building block,,
create,create:cut_andesite_stairs,Cut Andesite Stairs,decoration/building block,Create building block,,
create,create:cut_andesite_wall,Cut Andesite Wall,decoration/building block,Create building block,,
create,create:cut_asurine,Cut Asurine,decoration/building block,Create building block,,
create,create:cut_asurine_brick_slab,Cut Asurine Brick Slab,decoration/building block,Create building block,,
create,create:cut_asurine_brick_stairs,Cut Asurine Brick Stairs,decoration/building block,Create building block,,
create,create:cut_asurine_brick_wall,Cut Asurine Brick Wall,decoration/building block,Create building block,,
create,create:cut_asurine_bricks,Cut Asurine Bricks,decoration/building block,Create building block,,
create,create:cut_asurine_slab,Cut Asurine Slab,decoration/building block,Create building block,,
create,create:cut_asurine_stairs,Cut Asurine Stairs,decoration/building block,Create building block,,
create,create:cut_asurine_wall,Cut Asurine Wall,decoration/building block,Create building block,,
create,create:cut_calcite,Cut Calcite,decoration/building block,Create building block,,
create,create:cut_calcite_brick_slab,Cut Calcite Brick Slab,decoration/building block,Create building block,,
create,create:cut_calcite_brick_stairs,Cut Calcite Brick Stairs,decoration/building block,Create building block,,
create,create:cut_calcite_brick_wall,Cut Calcite Brick Wall,decoration/building block,Create building block,,
create,create:cut_calcite_bricks,Cut Calcite Bricks,decoration/building block,Create building block,,
create,create:cut_calcite_slab,Cut Calcite Slab,decoration/building block,Create building block,,
create,create:cut_calcite_stairs,Cut Calcite Stairs,decoration/building block,Create building block,,
create,create:cut_calcite_wall,Cut Calcite Wall,decoration/building block,Create building block,,
create,create:cut_crimsite,Cut Crimsite,decoration/building block,Create building block,,
create,create:cut_crimsite_brick_slab,Cut Crimsite Brick Slab,decoration/building block,Create building block,,
create,create:cut_crimsite_brick_stairs,Cut Crimsite Brick Stairs,decoration/building block,Create building block,,
create,create:cut_crimsite_brick_wall,Cut Crimsite Brick Wall,decoration/building block,Create building block,,
create,create:cut_crimsite_bricks,Cut Crimsite Bricks,decoration/building block,Create building block,,
create,create:cut_crimsite_slab,Cut Crimsite Slab,decoration/building block,Create building block,,
create,create:cut_crimsite_stairs,Cut Crimsite Stairs,decoration/building block,Create building block,,
create,create:cut_crimsite_wall,Cut Crimsite Wall,decoration/building block,Create building block,,
create,create:cut_deepslate,Cut Deepslate,decoration/building block,Create building block,,
create,create:cut_deepslate_brick_slab,Cut Deepslate Brick Slab,decoration/building block,Create building block,,
create,create:cut_deepslate_brick_stairs,Cut Deepslate Brick Stairs,decoration/building block,Create building block,,
create,create:cut_deepslate_brick_wall,Cut Deepslate Brick Wall,decoration/building block,Create building block,,
create,create:cut_deepslate_bricks,Cut Deepslate Bricks,decoration/building block,Create building block,,
create,create:cut_deepslate_slab,Cut Deepslate Slab,decoration/building block,Create building block,,
create,create:cut_deepslate_stairs,Cut Deepslate Stairs,decoration/building block,Create building block,,
create,create:cut_deepslate_wall,Cut Deepslate Wall,decoration/building block,Create building block,,
create,create:cut_diorite,Cut Diorite,decoration/building block,Create building block,,
create,create:cut_diorite_brick_slab,Cut Diorite Brick Slab,decoration/building block,Create building block,,
create,create:cut_diorite_brick_stairs,Cut Diorite Brick Stairs,decoration/building block,Create building block,,
create,create:cut_diorite_brick_wall,Cut Diorite Brick Wall,decoration/building block,Create building block,,
create,create:cut_diorite_bricks,Cut Diorite Bricks,decoration/building block,Create building block,,
create,create:cut_diorite_slab,Cut Diorite Slab,decoration/building block,Create building block,,
create,create:cut_diorite_stairs,Cut Diorite Stairs,decoration/building block,Create building block,,
create,create:cut_diorite_wall,Cut Diorite Wall,decoration/building block,Create building block,,
create,create:cut_dripstone,Cut Dripstone,decoration/building block,Create building block,,
create,create:cut_dripstone_brick_slab,Cut Dripstone Brick Slab,decoration/building block,Create building block,,
create,create:cut_dripstone_brick_stairs,Cut Dripstone Brick Stairs,decoration/building block,Create building block,,
create,create:cut_dripstone_brick_wall,Cut Dripstone Brick Wall,decoration/building block,Create building block,,
create,create:cut_dripstone_bricks,Cut Dripstone Bricks,decoration/building block,Create building block,,
create,create:cut_dripstone_slab,Cut Dripstone Slab,decoration/building block,Create building block,,
create,create:cut_dripstone_stairs,Cut Dripstone Stairs,decoration/building block,Create building block,,
create,create:cut_dripstone_wall,Cut Dripstone Wall,decoration/building block,Create building block,,
create,create:cut_granite,Cut Granite,decoration/building block,Create building block,,
create,create:cut_granite_brick_slab,Cut Granite Brick Slab,decoration/building block,Create building block,,
create,create:cut_granite_brick_stairs,Cut Granite Brick Stairs,decoration/building block,Create building block,,
create,create:cut_granite_brick_wall,Cut Granite Brick Wall,decoration/building block,Create building block,,
create,create:cut_granite_bricks,Cut Granite Bricks,decoration/building block,Create building block,,
create,create:cut_granite_slab,Cut Granite Slab,decoration/building block,Create building block,,
create,create:cut_granite_stairs,Cut Granite Stairs,decoration/building block,Create building block,,
create,create:cut_granite_wall,Cut Granite Wall,decoration/building block,Create building block,,
create,create:cut_limestone,Cut Limestone,decoration/building block,Create building block,,
create,create:cut_limestone_brick_slab,Cut Limestone Brick Slab,decoration/building block,Create building block,,
create,create:cut_limestone_brick_stairs,Cut Limestone Brick Stairs,decoration/building block,Create building block,,
create,create:cut_limestone_brick_wall,Cut Limestone Brick Wall,decoration/building block,Create building block,,
create,create:cut_limestone_bricks,Cut Limestone Bricks,decoration/building block,Create building block,,
create,create:cut_limestone_slab,Cut Limestone Slab,decoration/building block,Create building block,,
create,create:cut_limestone_stairs,Cut Limestone Stairs,decoration/building block,Create building block,,
create,create:cut_limestone_wall,Cut Limestone Wall,decoration/building block,Create building block,,
create,create:cut_ochrum,Cut Ochrum,decoration/building block,Create building block,,
create,create:cut_ochrum_brick_slab,Cut Ochrum Brick Slab,decoration/building block,Create building block,,
create,create:cut_ochrum_brick_stairs,Cut Ochrum Brick Stairs,decoration/building block,Create building block,,
create,create:cut_ochrum_brick_wall,Cut Ochrum Brick Wall,decoration/building block,Create building block,,
create,create:cut_ochrum_bricks,Cut Ochrum Bricks,decoration/building block,Create building block,,
create,create:cut_ochrum_slab,Cut Ochrum Slab,decoration/building block,Create building block,,
create,create:cut_ochrum_stairs,Cut Ochrum Stairs,decoration/building block,Create building block,,
create,create:cut_ochrum_wall,Cut Ochrum Wall,decoration/building block,Create building block,,
create,create:cut_scorchia,Cut Scorchia,decoration/building block,Create building block,,
create,create:cut_scorchia_brick_slab,Cut Scorchia Brick Slab,decoration/building block,Create building block,,
create,create:cut_scorchia_brick_stairs,Cut Scorchia Brick Stairs,decoration/building block,Create building block,,
create,create:cut_scorchia_brick_wall,Cut Scorchia Brick Wall,decoration/building block,Create building block,,
create,create:cut_scorchia_bricks,Cut Scorchia Bricks,decoration/building block,Create building block,,
create,create:cut_scorchia_slab,Cut Scorchia Slab,decoration/building block,Create building block,,
create,create:cut_scorchia_stairs,Cut Scorchia Stairs,decoration/building block,Create building block,,
create,create:cut_scorchia_wall,Cut Scorchia Wall,decoration/building block,Create building block,,
create,create:cut_scoria,Cut Scoria,decoration/building block,Create building block,,
create,create:cut_scoria_brick_slab,Cut Scoria Brick Slab,decoration/building block,Create building block,,
create,create:cut_scoria_brick_stairs,Cut Scoria Brick Stairs,decoration/building block,Create building block,,
create,create:cut_scoria_brick_wall,Cut Scoria Brick Wall,decoration/building block,Create building block,,
create,create:cut_scoria_bricks,Cut Scoria Bricks,decoration/building block,Create building block,,
create,create:cut_scoria_slab,Cut Scoria Slab,decoration/building block,Create building block,,
create,create:cut_scoria_stairs,Cut Scoria Stairs,decoration/building block,Create building block,,
create,create:cut_scoria_wall,Cut Scoria Wall,decoration/building block,Create building block,,
create,create:cut_tuff,Cut Tuff,decoration/building block,Create building block,,
create,create:cut_tuff_brick_slab,Cut Tuff Brick Slab,decoration/building block,Create building block,,
create,create:cut_tuff_brick_stairs,Cut Tuff Brick Stairs,decoration/building block,Create building block,,
create,create:cut_tuff_brick_wall,Cut Tuff Brick Wall,decoration/building block,Create building block,,
create,create:cut_tuff_bricks,Cut Tuff Bricks,decoration/building block,Create building block,,
create,create:cut_tuff_slab,Cut Tuff Slab,decoration/building block,Create building block,,
create,create:cut_tuff_stairs,Cut Tuff Stairs,decoration/building block,Create building block,,
create,create:cut_tuff_wall,Cut Tuff Wall,decoration/building block,Create building block,,
create,create:cut_veridium,Cut Veridium,decoration/building block,Create building block,,
create,create:cut_veridium_brick_slab,Cut Veridium Brick Slab,decoration/building block,Create building block,,
create,create:cut_veridium_brick_stairs,Cut Veridium Brick Stairs,decoration/building block,Create building block,,
create,create:cut_veridium_brick_wall,Cut Veridium Brick Wall,decoration/building block,Create building block,,
create,create:cut_veridium_bricks,Cut Veridium Bricks,decoration/building block,Create building block,,
create,create:cut_veridium_slab,Cut Veridium Slab,decoration/building block,Create building block,,
create,create:cut_veridium_stairs,Cut Veridium Stairs,decoration/building block,Create building block,,
create,create:cut_veridium_wall,Cut Veridium Wall,decoration/building block,Create building block,,
create,create:cyan_postbox,Cyan Postbox,storage/logistics,Create logistics,,
create,create:cyan_seat,Cyan Seat,utility block,seat,,
create,create:cyan_table_cloth,Cyan Table Cloth,decoration/building block,Create building block,,
create,create:cyan_toolbox,Cyan Toolbox,storage/logistics,Create logistics,,craft Crafting 15
create,create:cyan_valve_handle,Cyan Valve Handle,decoration/building block,Create building block,,
create,create:dark_oak_window,Dark Oak Window,decoration/building block,Create building block,,
create,create:dark_oak_window_pane,Dark Oak Window Pane,decoration/building block,Create building block,,
create,create:deepslate_pillar,Deepslate Pillar,decoration/building block,Create building block,,
create,create:deepslate_zinc_ore,Deepslate Zinc Ore,crafting material,ore,hardness 1 (mining 10) use-gate; hardness 1 block (mining 10),
create,create:deployer,Deployer,machine/automation,Create machine/kinetics,,
create,create:depot,Depot,storage/logistics,Create logistics,,
create,create:desk_bell,Desk Bell,decoration/building block,Create building block,,
create,create:diorite_pillar,Diorite Pillar,decoration/building block,Create building block,,
create,create:display_board,Display Board,machine/automation,Create machine/kinetics,,
create,create:display_link,Display Link,machine/automation,Create machine/kinetics,,
create,create:dough,Dough,crafting material,Create material,,
create,create:dripstone_pillar,Dripstone Pillar,decoration/building block,Create building block,,
create,create:electron_tube,Electron Tube,crafting material,Create material,,
create,create:elevator_contact,Elevator Contact,technical/creative-only,unobtainable in survival,,
create,create:elevator_pulley,Elevator Pulley,transport,Create transport,,craft Agility 25 (machine)
create,create:empty_blaze_burner,Empty Blaze Burner,machine/automation,Create machine/kinetics,,
create,create:empty_schematic,Empty Schematic,crafting material,Create material,,
create,create:encased_chain_drive,Encased Chain Drive,machine/automation,Create machine/kinetics,,
create,create:encased_fan,Encased Fan,machine/automation,Create machine/kinetics,craft: cooking 20 (machine),
create,create:experience_block,Block of Experience,decoration/building block,Create building block,,
create,create:experience_nugget,Nugget of Experience,crafting material,Create material,,
create,create:exposed_copper_shingle_slab,Exposed Copper Shingle Slab,decoration/building block,Create building block,,
create,create:exposed_copper_shingle_stairs,Exposed Copper Shingle Stairs,decoration/building block,Create building block,,
create,create:exposed_copper_shingles,Exposed Copper Shingles,decoration/building block,Create building block,,
create,create:exposed_copper_tile_slab,Exposed Copper Tile Slab,decoration/building block,Create building block,,
create,create:exposed_copper_tile_stairs,Exposed Copper Tile Stairs,decoration/building block,Create building block,,
create,create:exposed_copper_tiles,Exposed Copper Tiles,decoration/building block,Create building block,,
create,create:extendo_grip,Extendo Grip,tool,Create tool,,hold Attack 40
create,create:factory_gauge,Factory Gauge,storage/logistics,Create logistics,,craft Crafting 45
create,create:filter,List Filter,crafting material,Create material,,
create,create:fluid_pipe,Fluid Pipe,storage/logistics,Create logistics,,
create,create:fluid_tank,Fluid Tank,storage/logistics,Create logistics,,
create,create:fluid_valve,Fluid Valve,storage/logistics,Create logistics,,
create,create:flywheel,Flywheel,machine/automation,Create machine/kinetics,,
create,create:framed_glass,Framed Glass,decoration/building block,Create building block,,
create,create:framed_glass_door,Framed Glass Door,decoration/building block,Create building block,,
create,create:framed_glass_pane,Framed Glass Pane,decoration/building block,Create building block,,
create,create:framed_glass_trapdoor,Framed Glass Trapdoor,decoration/building block,Create building block,,
create,create:furnace_minecart_contraption,Furnace Minecart Contraption,transport,Create transport,,
create,create:gantry_carriage,Gantry Carriage,machine/automation,Create machine/kinetics,,
create,create:gantry_shaft,Gantry Shaft,machine/automation,Create machine/kinetics,,
create,create:gearbox,Gearbox,machine/automation,Create machine/kinetics,,
create,create:gearshift,Gearshift,machine/automation,Create machine/kinetics,,
create,create:goggles,Engineer's Goggles,armour,Create armour/gear,,
create,create:golden_sheet,Golden Sheet,crafting material,Create material,,
create,create:granite_pillar,Granite Pillar,decoration/building block,Create building block,,
create,create:gray_postbox,Gray Postbox,storage/logistics,Create logistics,,
create,create:gray_seat,Gray Seat,utility block,seat,,
create,create:gray_table_cloth,Gray Table Cloth,decoration/building block,Create building block,,
create,create:gray_toolbox,Gray Toolbox,storage/logistics,Create logistics,,craft Crafting 15
create,create:gray_valve_handle,Gray Valve Handle,decoration/building block,Create building block,,
create,create:green_postbox,Green Postbox,storage/logistics,Create logistics,,
create,create:green_seat,Green Seat,utility block,seat,,
create,create:green_table_cloth,Green Table Cloth,decoration/building block,Create building block,,
create,create:green_toolbox,Green Toolbox,storage/logistics,Create logistics,,craft Crafting 15
create,create:green_valve_handle,Green Valve Handle,decoration/building block,Create building block,,
create,create:hand_crank,Hand Crank,machine/automation,Create machine/kinetics,,
create,create:handheld_worldshaper,Creative Worldshaper,technical/creative-only,unobtainable in survival,,
create,create:haunted_bell,Haunted Bell,decoration/building block,Create building block,,
create,create:honey_bucket,Honey Bucket,crafting material,Create material,,
create,create:honeyed_apple,Honeyed Apple,food,Create food,,
create,create:horizontal_framed_glass,Horizontal Framed Glass,decoration/building block,Create building block,,
create,create:horizontal_framed_glass_pane,Horizontal Framed Glass Pane,decoration/building block,Create building block,,
create,create:hose_pulley,Hose Pulley,storage/logistics,Create logistics,,
create,create:incomplete_precision_mechanism,Incomplete Precision Mechanism,crafting material,Create material,,
create,create:incomplete_track,Incomplete Track,crafting material,Create material,,
create,create:industrial_iron_block,Block of Industrial Iron,decoration/building block,Create building block,,
create,create:industrial_iron_window,Industrial Iron Window,decoration/building block,Create building block,,
create,create:industrial_iron_window_pane,Industrial Iron Window Pane,decoration/building block,Create building block,,
create,create:iron_sheet,Iron Sheet,crafting material,Create material,,
create,create:item_drain,Item Drain,storage/logistics,Create logistics,,
create,create:item_hatch,Item Hatch,storage/logistics,Create logistics,,
create,create:item_vault,Item Vault,storage/logistics,Create logistics,,craft Crafting 20
create,create:jungle_window,Jungle Window,decoration/building block,Create building block,,
create,create:jungle_window_pane,Jungle Window Pane,decoration/building block,Create building block,,
create,create:large_cogwheel,Large Cogwheel,machine/automation,Create machine/kinetics,,
create,create:large_water_wheel,Large Water Wheel,machine/automation,Create machine/kinetics,,
create,create:layered_andesite,Layered Andesite,decoration/building block,Create building block,,
create,create:layered_asurine,Layered Asurine,decoration/building block,Create building block,,
create,create:layered_calcite,Layered Calcite,decoration/building block,Create building block,,
create,create:layered_crimsite,Layered Crimsite,decoration/building block,Create building block,,
create,create:layered_deepslate,Layered Deepslate,decoration/building block,Create building block,,
create,create:layered_diorite,Layered Diorite,decoration/building block,Create building block,,
create,create:layered_dripstone,Layered Dripstone,decoration/building block,Create building block,,
create,create:layered_granite,Layered Granite,decoration/building block,Create building block,,
create,create:layered_limestone,Layered Limestone,decoration/building block,Create building block,,
create,create:layered_ochrum,Layered Ochrum,decoration/building block,Create building block,,
create,create:layered_scorchia,Layered Scorchia,decoration/building block,Create building block,,
create,create:layered_scoria,Layered Scoria,decoration/building block,Create building block,,
create,create:layered_tuff,Layered Tuff,decoration/building block,Create building block,,
create,create:layered_veridium,Layered Veridium,decoration/building block,Create building block,,
create,create:light_blue_postbox,Light Blue Postbox,storage/logistics,Create logistics,,
create,create:light_blue_seat,Light Blue Seat,utility block,seat,,
create,create:light_blue_table_cloth,Light Blue Table Cloth,decoration/building block,Create building block,,
create,create:light_blue_toolbox,Light Blue Toolbox,storage/logistics,Create logistics,,craft Crafting 15
create,create:light_blue_valve_handle,Light Blue Valve Handle,decoration/building block,Create building block,,
create,create:light_gray_postbox,Light Gray Postbox,storage/logistics,Create logistics,,
create,create:light_gray_seat,Light Gray Seat,utility block,seat,,
create,create:light_gray_table_cloth,Light Gray Table Cloth,decoration/building block,Create building block,,
create,create:light_gray_toolbox,Light Gray Toolbox,storage/logistics,Create logistics,,craft Crafting 15
create,create:light_gray_valve_handle,Light Gray Valve Handle,decoration/building block,Create building block,,
create,create:lime_postbox,Lime Postbox,storage/logistics,Create logistics,,
create,create:lime_seat,Lime Seat,utility block,seat,,
create,create:lime_table_cloth,Lime Table Cloth,decoration/building block,Create building block,,
create,create:lime_toolbox,Lime Toolbox,storage/logistics,Create logistics,,craft Crafting 15
create,create:lime_valve_handle,Lime Valve Handle,decoration/building block,Create building block,,
create,create:limestone,Limestone,decoration/building block,Create building block,,
create,create:limestone_pillar,Limestone Pillar,decoration/building block,Create building block,,
create,create:linear_chassis,Linear Chassis,machine/automation,Create machine/kinetics,,
create,create:linked_controller,Linked Controller,tool,Create tool,,
create,create:magenta_postbox,Magenta Postbox,storage/logistics,Create logistics,,
create,create:magenta_seat,Magenta Seat,utility block,seat,,
create,create:magenta_table_cloth,Magenta Table Cloth,decoration/building block,Create building block,,
create,create:magenta_toolbox,Magenta Toolbox,storage/logistics,Create logistics,,craft Crafting 15
create,create:magenta_valve_handle,Magenta Valve Handle,decoration/building block,Create building block,,
create,create:mangrove_window,Mangrove Window,decoration/building block,Create building block,,
create,create:mangrove_window_pane,Mangrove Window Pane,decoration/building block,Create building block,,
create,create:mechanical_arm,Mechanical Arm,machine/automation,Create machine/kinetics,,craft Crafting 25
create,create:mechanical_bearing,Mechanical Bearing,machine/automation,Create machine/kinetics,,
create,create:mechanical_crafter,Mechanical Crafter,machine/automation,Create machine/kinetics,craft: crafting 30 (machine),
create,create:mechanical_drill,Mechanical Drill,machine/automation,Create machine/kinetics,craft: mining 15 (machine),
create,create:mechanical_harvester,Mechanical Harvester,machine/automation,Create machine/kinetics,craft: farming 15 (machine),
create,create:mechanical_mixer,Mechanical Mixer,machine/automation,Create machine/kinetics,,
create,create:mechanical_piston,Mechanical Piston,machine/automation,Create machine/kinetics,,
create,create:mechanical_plough,Mechanical Plough,machine/automation,Create machine/kinetics,craft: farming 15 (machine),
create,create:mechanical_press,Mechanical Press,machine/automation,Create machine/kinetics,,
create,create:mechanical_pump,Mechanical Pump,storage/logistics,Create logistics,,
create,create:mechanical_roller,Mechanical Roller,machine/automation,Create machine/kinetics,,
create,create:mechanical_saw,Mechanical Saw,machine/automation,Create machine/kinetics,craft: woodcutting 15 (machine),
create,create:metal_bracket,Metal Bracket,decoration/building block,Create building block,,
create,create:metal_girder,Metal Girder,decoration/building block,Create building block,,
create,create:millstone,Millstone,machine/automation,Create machine/kinetics,,
create,create:minecart_contraption,Minecart Contraption,transport,Create transport,,
create,create:minecart_coupling,Minecart Coupling,transport,Create transport,,
create,create:mysterious_cuckoo_clock,Cuckoo Clock,decoration/building block,Create building block,,
create,create:netherite_backtank,Netherite Backtank,armour,Create armour/gear,pmmo: WEAR defence 50,
create,create:netherite_backtank_placeable,Netherite Backtank Placeable,technical/creative-only,unobtainable in survival,,
create,create:netherite_diving_boots,Netherite Diving Boots,armour,Create armour/gear,pmmo: WEAR defence 50,
create,create:netherite_diving_helmet,Netherite Diving Helmet,armour,Create armour/gear,pmmo: WEAR defence 50,
create,create:nixie_tube,Nixie Tube,machine/automation,Create machine/kinetics,,
create,create:nozzle,Nozzle,machine/automation,Create machine/kinetics,,
create,create:oak_window,Oak Window,decoration/building block,Create building block,,
create,create:oak_window_pane,Oak Window Pane,decoration/building block,Create building block,,
create,create:ochrum,Ochrum,decoration/building block,Create building block,,
create,create:ochrum_pillar,Ochrum Pillar,decoration/building block,Create building block,,
create,create:orange_postbox,Orange Postbox,storage/logistics,Create logistics,,
create,create:orange_seat,Orange Seat,utility block,seat,,
create,create:orange_table_cloth,Orange Table Cloth,decoration/building block,Create building block,,
create,create:orange_toolbox,Orange Toolbox,storage/logistics,Create logistics,,craft Crafting 15
create,create:orange_valve_handle,Orange Valve Handle,decoration/building block,Create building block,,
create,create:ornate_iron_window,Ornate Iron Window,decoration/building block,Create building block,,
create,create:ornate_iron_window_pane,Ornate Iron Window Pane,decoration/building block,Create building block,,
create,create:oxidized_copper_shingle_slab,Oxidized Copper Shingle Slab,decoration/building block,Create building block,,
create,create:oxidized_copper_shingle_stairs,Oxidized Copper Shingle Stairs,decoration/building block,Create building block,,
create,create:oxidized_copper_shingles,Oxidized Copper Shingles,decoration/building block,Create building block,,
create,create:oxidized_copper_tile_slab,Oxidized Copper Tile Slab,decoration/building block,Create building block,,
create,create:oxidized_copper_tile_stairs,Oxidized Copper Tile Stairs,decoration/building block,Create building block,,
create,create:oxidized_copper_tiles,Oxidized Copper Tiles,decoration/building block,Create building block,,
create,create:package_filter,Package Filter,crafting material,Create material,,
create,create:package_frogport,Package Frogport,storage/logistics,Create logistics,,
create,create:packager,Packager,storage/logistics,Create logistics,,
create,create:peculiar_bell,Peculiar Bell,decoration/building block,Create building block,,
create,create:pink_postbox,Pink Postbox,storage/logistics,Create logistics,,
create,create:pink_seat,Pink Seat,utility block,seat,,
create,create:pink_table_cloth,Pink Table Cloth,decoration/building block,Create building block,,
create,create:pink_toolbox,Pink Toolbox,storage/logistics,Create logistics,,craft Crafting 15
create,create:pink_valve_handle,Pink Valve Handle,decoration/building block,Create building block,,
create,create:piston_extension_pole,Piston Extension Pole,machine/automation,Create machine/kinetics,,
create,create:placard,Placard,decoration/building block,Create building block,,
create,create:polished_cut_andesite,Polished Cut Andesite,decoration/building block,Create building block,,
create,create:polished_cut_andesite_slab,Polished Cut Andesite Slab,decoration/building block,Create building block,,
create,create:polished_cut_andesite_stairs,Polished Cut Andesite Stairs,decoration/building block,Create building block,,
create,create:polished_cut_andesite_wall,Polished Cut Andesite Wall,decoration/building block,Create building block,,
create,create:polished_cut_asurine,Polished Cut Asurine,decoration/building block,Create building block,,
create,create:polished_cut_asurine_slab,Polished Cut Asurine Slab,decoration/building block,Create building block,,
create,create:polished_cut_asurine_stairs,Polished Cut Asurine Stairs,decoration/building block,Create building block,,
create,create:polished_cut_asurine_wall,Polished Cut Asurine Wall,decoration/building block,Create building block,,
create,create:polished_cut_calcite,Polished Cut Calcite,decoration/building block,Create building block,,
create,create:polished_cut_calcite_slab,Polished Cut Calcite Slab,decoration/building block,Create building block,,
create,create:polished_cut_calcite_stairs,Polished Cut Calcite Stairs,decoration/building block,Create building block,,
create,create:polished_cut_calcite_wall,Polished Cut Calcite Wall,decoration/building block,Create building block,,
create,create:polished_cut_crimsite,Polished Cut Crimsite,decoration/building block,Create building block,,
create,create:polished_cut_crimsite_slab,Polished Cut Crimsite Slab,decoration/building block,Create building block,,
create,create:polished_cut_crimsite_stairs,Polished Cut Crimsite Stairs,decoration/building block,Create building block,,
create,create:polished_cut_crimsite_wall,Polished Cut Crimsite Wall,decoration/building block,Create building block,,
create,create:polished_cut_deepslate,Polished Cut Deepslate,decoration/building block,Create building block,,
create,create:polished_cut_deepslate_slab,Polished Cut Deepslate Slab,decoration/building block,Create building block,,
create,create:polished_cut_deepslate_stairs,Polished Cut Deepslate Stairs,decoration/building block,Create building block,,
create,create:polished_cut_deepslate_wall,Polished Cut Deepslate Wall,decoration/building block,Create building block,,
create,create:polished_cut_diorite,Polished Cut Diorite,decoration/building block,Create building block,,
create,create:polished_cut_diorite_slab,Polished Cut Diorite Slab,decoration/building block,Create building block,,
create,create:polished_cut_diorite_stairs,Polished Cut Diorite Stairs,decoration/building block,Create building block,,
create,create:polished_cut_diorite_wall,Polished Cut Diorite Wall,decoration/building block,Create building block,,
create,create:polished_cut_dripstone,Polished Cut Dripstone,decoration/building block,Create building block,,
create,create:polished_cut_dripstone_slab,Polished Cut Dripstone Slab,decoration/building block,Create building block,,
create,create:polished_cut_dripstone_stairs,Polished Cut Dripstone Stairs,decoration/building block,Create building block,,
create,create:polished_cut_dripstone_wall,Polished Cut Dripstone Wall,decoration/building block,Create building block,,
create,create:polished_cut_granite,Polished Cut Granite,decoration/building block,Create building block,,
create,create:polished_cut_granite_slab,Polished Cut Granite Slab,decoration/building block,Create building block,,
create,create:polished_cut_granite_stairs,Polished Cut Granite Stairs,decoration/building block,Create building block,,
create,create:polished_cut_granite_wall,Polished Cut Granite Wall,decoration/building block,Create building block,,
create,create:polished_cut_limestone,Polished Cut Limestone,decoration/building block,Create building block,,
create,create:polished_cut_limestone_slab,Polished Cut Limestone Slab,decoration/building block,Create building block,,
create,create:polished_cut_limestone_stairs,Polished Cut Limestone Stairs,decoration/building block,Create building block,,
create,create:polished_cut_limestone_wall,Polished Cut Limestone Wall,decoration/building block,Create building block,,
create,create:polished_cut_ochrum,Polished Cut Ochrum,decoration/building block,Create building block,,
create,create:polished_cut_ochrum_slab,Polished Cut Ochrum Slab,decoration/building block,Create building block,,
create,create:polished_cut_ochrum_stairs,Polished Cut Ochrum Stairs,decoration/building block,Create building block,,
create,create:polished_cut_ochrum_wall,Polished Cut Ochrum Wall,decoration/building block,Create building block,,
create,create:polished_cut_scorchia,Polished Cut Scorchia,decoration/building block,Create building block,,
create,create:polished_cut_scorchia_slab,Polished Cut Scorchia Slab,decoration/building block,Create building block,,
create,create:polished_cut_scorchia_stairs,Polished Cut Scorchia Stairs,decoration/building block,Create building block,,
create,create:polished_cut_scorchia_wall,Polished Cut Scorchia Wall,decoration/building block,Create building block,,
create,create:polished_cut_scoria,Polished Cut Scoria,decoration/building block,Create building block,,
create,create:polished_cut_scoria_slab,Polished Cut Scoria Slab,decoration/building block,Create building block,,
create,create:polished_cut_scoria_stairs,Polished Cut Scoria Stairs,decoration/building block,Create building block,,
create,create:polished_cut_scoria_wall,Polished Cut Scoria Wall,decoration/building block,Create building block,,
create,create:polished_cut_tuff,Polished Cut Tuff,decoration/building block,Create building block,,
create,create:polished_cut_tuff_slab,Polished Cut Tuff Slab,decoration/building block,Create building block,,
create,create:polished_cut_tuff_stairs,Polished Cut Tuff Stairs,decoration/building block,Create building block,,
create,create:polished_cut_tuff_wall,Polished Cut Tuff Wall,decoration/building block,Create building block,,
create,create:polished_cut_veridium,Polished Cut Veridium,decoration/building block,Create building block,,
create,create:polished_cut_veridium_slab,Polished Cut Veridium Slab,decoration/building block,Create building block,,
create,create:polished_cut_veridium_stairs,Polished Cut Veridium Stairs,decoration/building block,Create building block,,
create,create:polished_cut_veridium_wall,Polished Cut Veridium Wall,decoration/building block,Create building block,,
create,create:polished_rose_quartz,Polished Rose Quartz,crafting material,Create material,,
create,create:portable_fluid_interface,Portable Fluid Interface,storage/logistics,Create logistics,,
create,create:portable_storage_interface,Portable Storage Interface,storage/logistics,Create logistics,,
create,create:potato_cannon,Potato Cannon,weapon,Create weapon,"use/weapon: ranged 20; pmmo: USE ranged 20, WEAPON ranged 20",
create,create:powdered_obsidian,Powdered Obsidian,crafting material,Create material,,
create,create:powered_latch,Powered Latch,machine/automation,Create machine/kinetics,,
create,create:powered_toggle_latch,Powered Toggle Latch,machine/automation,Create machine/kinetics,,
create,create:precision_mechanism,Precision Mechanism,crafting material,Create material,,
create,create:propeller,Propeller,crafting material,Create material,,
create,create:pulp,Pulp,crafting material,Create material,,
create,create:pulse_extender,Pulse Extender,machine/automation,Create machine/kinetics,,
create,create:pulse_repeater,Pulse Repeater,machine/automation,Create machine/kinetics,,
create,create:pulse_timer,Pulse Timer,machine/automation,Create machine/kinetics,,
create,create:purple_postbox,Purple Postbox,storage/logistics,Create logistics,,
create,create:purple_seat,Purple Seat,utility block,seat,,
create,create:purple_table_cloth,Purple Table Cloth,decoration/building block,Create building block,,
create,create:purple_toolbox,Purple Toolbox,storage/logistics,Create logistics,,craft Crafting 15
create,create:purple_valve_handle,Purple Valve Handle,decoration/building block,Create building block,,
create,create:radial_chassis,Radial Chassis,machine/automation,Create machine/kinetics,,
create,create:railway_casing,Train Casing,crafting material,casing,,
create,create:rare_creeper_package,,storage/logistics,Create logistics,,
create,create:rare_darcy_package,,storage/logistics,Create logistics,,
create,create:rare_evan_package,,storage/logistics,Create logistics,,
create,create:rare_jinx_package,,storage/logistics,Create logistics,,
create,create:rare_kryppers_package,,storage/logistics,Create logistics,,
create,create:rare_simi_package,,storage/logistics,Create logistics,,
create,create:rare_starlotte_package,,storage/logistics,Create logistics,,
create,create:rare_thunder_package,,storage/logistics,Create logistics,,
create,create:rare_up_package,,storage/logistics,Create logistics,,
create,create:rare_vector_package,,storage/logistics,Create logistics,,
create,create:raw_zinc,Raw Zinc,crafting material,Create material,hardness 1 (mining 10) use-gate,
create,create:raw_zinc_block,Block of Raw Zinc,decoration/building block,Create building block,hardness 1 (mining 10) use-gate,
create,create:red_postbox,Red Postbox,storage/logistics,Create logistics,,
create,create:red_sand_paper,Red Sand Paper,crafting material,Create material,,
create,create:red_seat,Red Seat,utility block,seat,,
create,create:red_table_cloth,Red Table Cloth,decoration/building block,Create building block,,
create,create:red_toolbox,Red Toolbox,storage/logistics,Create logistics,,craft Crafting 15
create,create:red_valve_handle,Red Valve Handle,decoration/building block,Create building block,,
create,create:redstone_contact,Redstone Contact,machine/automation,Create machine/kinetics,,
create,create:redstone_link,Redstone Link,machine/automation,Create machine/kinetics,,
create,create:redstone_requester,Redstone Requester,storage/logistics,Create logistics,,craft Crafting 45
create,create:refined_radiance,Refined Radiance,technical/creative-only,unobtainable in survival,,
create,create:refined_radiance_casing,Radiant Casing,technical/creative-only,unobtainable in survival,,
create,create:repackager,Re-Packager,storage/logistics,Create logistics,,
create,create:rope_pulley,Rope Pulley,machine/automation,Create machine/kinetics,,
create,create:rose_quartz,Rose Quartz,crafting material,Create material,,
create,create:rose_quartz_block,Block of Rose Quartz,decoration/building block,Create building block,,
create,create:rose_quartz_lamp,Rose Quartz Lamp,light source,lamp,,
create,create:rose_quartz_tiles,Rose Quartz Tiles,decoration/building block,Create building block,,
create,create:rotation_speed_controller,Rotation Speed Controller,machine/automation,Create machine/kinetics,,
create,create:sail_frame,Windmill Sail Frame,decoration/building block,Create building block,,
create,create:sand_paper,Sand Paper,crafting material,Create material,,
create,create:schedule,Train Schedule,tool,Create tool,,
create,create:schematic,Schematic,crafting material,Create material,,
create,create:schematic_and_quill,Schematic And Quill,crafting material,Create material,,
create,create:schematic_table,Schematic Table,utility block,workstation,,
create,create:schematicannon,Schematicannon,machine/automation,Create machine/kinetics,craft: construction 30 (machine),
create,create:scorchia,Scorchia,decoration/building block,Create building block,,
create,create:scorchia_pillar,Scorchia Pillar,decoration/building block,Create building block,,
create,create:scoria,Scoria,decoration/building block,Create building block,,
create,create:scoria_pillar,Scoria Pillar,decoration/building block,Create building block,,
create,create:secondary_linear_chassis,Secondary Linear Chassis,machine/automation,Create machine/kinetics,,
create,create:sequenced_gearshift,Sequenced Gearshift,machine/automation,Create machine/kinetics,,
create,create:shadow_steel,Shadow Steel,technical/creative-only,unobtainable in survival,,
create,create:shadow_steel_casing,Shadow Casing,technical/creative-only,unobtainable in survival,,
create,create:shaft,Shaft,machine/automation,Create machine/kinetics,,
create,create:shopping_list,Shopping List,crafting material,Create material,,
create,create:small_andesite_brick_slab,Small Andesite Brick Slab,decoration/building block,Create building block,,
create,create:small_andesite_brick_stairs,Small Andesite Brick Stairs,decoration/building block,Create building block,,
create,create:small_andesite_brick_wall,Small Andesite Brick Wall,decoration/building block,Create building block,,
create,create:small_andesite_bricks,Small Andesite Bricks,decoration/building block,Create building block,,
create,create:small_asurine_brick_slab,Small Asurine Brick Slab,decoration/building block,Create building block,,
create,create:small_asurine_brick_stairs,Small Asurine Brick Stairs,decoration/building block,Create building block,,
create,create:small_asurine_brick_wall,Small Asurine Brick Wall,decoration/building block,Create building block,,
create,create:small_asurine_bricks,Small Asurine Bricks,decoration/building block,Create building block,,
create,create:small_calcite_brick_slab,Small Calcite Brick Slab,decoration/building block,Create building block,,
create,create:small_calcite_brick_stairs,Small Calcite Brick Stairs,decoration/building block,Create building block,,
create,create:small_calcite_brick_wall,Small Calcite Brick Wall,decoration/building block,Create building block,,
create,create:small_calcite_bricks,Small Calcite Bricks,decoration/building block,Create building block,,
create,create:small_crimsite_brick_slab,Small Crimsite Brick Slab,decoration/building block,Create building block,,
create,create:small_crimsite_brick_stairs,Small Crimsite Brick Stairs,decoration/building block,Create building block,,
create,create:small_crimsite_brick_wall,Small Crimsite Brick Wall,decoration/building block,Create building block,,
create,create:small_crimsite_bricks,Small Crimsite Bricks,decoration/building block,Create building block,,
create,create:small_deepslate_brick_slab,Small Deepslate Brick Slab,decoration/building block,Create building block,,
create,create:small_deepslate_brick_stairs,Small Deepslate Brick Stairs,decoration/building block,Create building block,,
create,create:small_deepslate_brick_wall,Small Deepslate Brick Wall,decoration/building block,Create building block,,
create,create:small_deepslate_bricks,Small Deepslate Bricks,decoration/building block,Create building block,,
create,create:small_diorite_brick_slab,Small Diorite Brick Slab,decoration/building block,Create building block,,
create,create:small_diorite_brick_stairs,Small Diorite Brick Stairs,decoration/building block,Create building block,,
create,create:small_diorite_brick_wall,Small Diorite Brick Wall,decoration/building block,Create building block,,
create,create:small_diorite_bricks,Small Diorite Bricks,decoration/building block,Create building block,,
create,create:small_dripstone_brick_slab,Small Dripstone Brick Slab,decoration/building block,Create building block,,
create,create:small_dripstone_brick_stairs,Small Dripstone Brick Stairs,decoration/building block,Create building block,,
create,create:small_dripstone_brick_wall,Small Dripstone Brick Wall,decoration/building block,Create building block,,
create,create:small_dripstone_bricks,Small Dripstone Bricks,decoration/building block,Create building block,,
create,create:small_granite_brick_slab,Small Granite Brick Slab,decoration/building block,Create building block,,
create,create:small_granite_brick_stairs,Small Granite Brick Stairs,decoration/building block,Create building block,,
create,create:small_granite_brick_wall,Small Granite Brick Wall,decoration/building block,Create building block,,
create,create:small_granite_bricks,Small Granite Bricks,decoration/building block,Create building block,,
create,create:small_limestone_brick_slab,Small Limestone Brick Slab,decoration/building block,Create building block,,
create,create:small_limestone_brick_stairs,Small Limestone Brick Stairs,decoration/building block,Create building block,,
create,create:small_limestone_brick_wall,Small Limestone Brick Wall,decoration/building block,Create building block,,
create,create:small_limestone_bricks,Small Limestone Bricks,decoration/building block,Create building block,,
create,create:small_ochrum_brick_slab,Small Ochrum Brick Slab,decoration/building block,Create building block,,
create,create:small_ochrum_brick_stairs,Small Ochrum Brick Stairs,decoration/building block,Create building block,,
create,create:small_ochrum_brick_wall,Small Ochrum Brick Wall,decoration/building block,Create building block,,
create,create:small_ochrum_bricks,Small Ochrum Bricks,decoration/building block,Create building block,,
create,create:small_rose_quartz_tiles,Small Rose Quartz Tiles,decoration/building block,Create building block,,
create,create:small_scorchia_brick_slab,Small Scorchia Brick Slab,decoration/building block,Create building block,,
create,create:small_scorchia_brick_stairs,Small Scorchia Brick Stairs,decoration/building block,Create building block,,
create,create:small_scorchia_brick_wall,Small Scorchia Brick Wall,decoration/building block,Create building block,,
create,create:small_scorchia_bricks,Small Scorchia Bricks,decoration/building block,Create building block,,
create,create:small_scoria_brick_slab,Small Scoria Brick Slab,decoration/building block,Create building block,,
create,create:small_scoria_brick_stairs,Small Scoria Brick Stairs,decoration/building block,Create building block,,
create,create:small_scoria_brick_wall,Small Scoria Brick Wall,decoration/building block,Create building block,,
create,create:small_scoria_bricks,Small Scoria Bricks,decoration/building block,Create building block,,
create,create:small_tuff_brick_slab,Small Tuff Brick Slab,decoration/building block,Create building block,,
create,create:small_tuff_brick_stairs,Small Tuff Brick Stairs,decoration/building block,Create building block,,
create,create:small_tuff_brick_wall,Small Tuff Brick Wall,decoration/building block,Create building block,,
create,create:small_tuff_bricks,Small Tuff Bricks,decoration/building block,Create building block,,
create,create:small_veridium_brick_slab,Small Veridium Brick Slab,decoration/building block,Create building block,,
create,create:small_veridium_brick_stairs,Small Veridium Brick Stairs,decoration/building block,Create building block,,
create,create:small_veridium_brick_wall,Small Veridium Brick Wall,decoration/building block,Create building block,,
create,create:small_veridium_bricks,Small Veridium Bricks,decoration/building block,Create building block,,
create,create:smart_chute,Smart Chute,storage/logistics,Create logistics,,
create,create:smart_fluid_pipe,Smart Fluid Pipe,storage/logistics,Create logistics,,
create,create:speedometer,Speedometer,machine/automation,Create machine/kinetics,,
create,create:spout,Spout,machine/automation,Create machine,,
create,create:spruce_window,Spruce Window,decoration/building block,Create building block,,
create,create:spruce_window_pane,Spruce Window Pane,decoration/building block,Create building block,,
create,create:steam_engine,Steam Engine,machine/automation,Create machine/kinetics,craft: smithing 35 (machine),
create,create:steam_whistle,Steam Whistle,machine/automation,Create machine/kinetics,,
create,create:sticker,Sticker,machine/automation,Create machine/kinetics,,
create,create:sticky_mechanical_piston,Sticky Mechanical Piston,machine/automation,Create machine/kinetics,,
create,create:stock_link,Stock Link,storage/logistics,Create logistics,,
create,create:stock_ticker,Stock Ticker,storage/logistics,Create logistics,,craft Crafting 45
create,create:stockpile_switch,Threshold Switch,machine/automation,Create machine/kinetics,,
create,create:stressometer,Stressometer,machine/automation,Create machine/kinetics,,
create,create:sturdy_sheet,Sturdy Sheet,crafting material,Create material,,
create,create:super_glue,Super Glue,tool,Create tool,,
create,create:sweet_roll,Sweet Roll,food,Create food,,
create,create:tiled_glass,Tiled Glass,decoration/building block,Create building block,,
create,create:tiled_glass_pane,Tiled Glass Pane,decoration/building block,Create building block,,
create,create:track,Train Track,transport,Create transport,,
create,create:track_observer,Train Observer,transport,Create transport,,
create,create:track_signal,Train Signal,transport,Create transport,,
create,create:track_station,Train Station,transport,Create transport,craft: agility 35 (machine),
create,create:train_door,Train Door,transport,Create transport,,
create,create:train_trapdoor,Train Trapdoor,transport,Create transport,,
create,create:transmitter,Transmitter,crafting material,Create material,,
create,create:tree_fertilizer,Tree Fertilizer,crafting material,Create material,,
create,create:tuff_pillar,Tuff Pillar,decoration/building block,Create building block,,
create,create:turntable,Turntable,machine/automation,Create machine/kinetics,,
create,create:unprocessed_obsidian_sheet,Unprocessed Obsidian Sheet,crafting material,Create material,,
create,create:veridium,Veridium,decoration/building block,Create building block,,
create,create:veridium_pillar,Veridium Pillar,decoration/building block,Create building block,,
create,create:vertical_framed_glass,Vertical Framed Glass,decoration/building block,Create building block,,
create,create:vertical_framed_glass_pane,Vertical Framed Glass Pane,decoration/building block,Create building block,,
create,create:vertical_gearbox,Vertical Gearbox,machine/automation,Create machine/kinetics,,
create,create:wand_of_symmetry,Wand Of Symmetry,tool,Create tool,,use Construction 40
create,create:warped_window,Warped Window,decoration/building block,Create building block,,
create,create:warped_window_pane,Warped Window Pane,decoration/building block,Create building block,,
create,create:water_wheel,Water Wheel,machine/automation,Create machine/kinetics,,
create,create:waxed_copper_shingle_slab,Waxed Copper Shingle Slab,decoration/building block,Create building block,,
create,create:waxed_copper_shingle_stairs,Waxed Copper Shingle Stairs,decoration/building block,Create building block,,
create,create:waxed_copper_shingles,Waxed Copper Shingles,decoration/building block,Create building block,,
create,create:waxed_copper_tile_slab,Waxed Copper Tile Slab,decoration/building block,Create building block,,
create,create:waxed_copper_tile_stairs,Waxed Copper Tile Stairs,decoration/building block,Create building block,,
create,create:waxed_copper_tiles,Waxed Copper Tiles,decoration/building block,Create building block,,
create,create:waxed_exposed_copper_shingle_slab,Waxed Exposed Copper Shingle Slab,decoration/building block,Create building block,,
create,create:waxed_exposed_copper_shingle_stairs,Waxed Exposed Copper Shingle Stairs,decoration/building block,Create building block,,
create,create:waxed_exposed_copper_shingles,Waxed Exposed Copper Shingles,decoration/building block,Create building block,,
create,create:waxed_exposed_copper_tile_slab,Waxed Exposed Copper Tile Slab,decoration/building block,Create building block,,
create,create:waxed_exposed_copper_tile_stairs,Waxed Exposed Copper Tile Stairs,decoration/building block,Create building block,,
create,create:waxed_exposed_copper_tiles,Waxed Exposed Copper Tiles,decoration/building block,Create building block,,
create,create:waxed_oxidized_copper_shingle_slab,Waxed Oxidized Copper Shingle Slab,decoration/building block,Create building block,,
create,create:waxed_oxidized_copper_shingle_stairs,Waxed Oxidized Copper Shingle Stairs,decoration/building block,Create building block,,
create,create:waxed_oxidized_copper_shingles,Waxed Oxidized Copper Shingles,decoration/building block,Create building block,,
create,create:waxed_oxidized_copper_tile_slab,Waxed Oxidized Copper Tile Slab,decoration/building block,Create building block,,
create,create:waxed_oxidized_copper_tile_stairs,Waxed Oxidized Copper Tile Stairs,decoration/building block,Create building block,,
create,create:waxed_oxidized_copper_tiles,Waxed Oxidized Copper Tiles,decoration/building block,Create building block,,
create,create:waxed_weathered_copper_shingle_slab,Waxed Weathered Copper Shingle Slab,decoration/building block,Create building block,,
create,create:waxed_weathered_copper_shingle_stairs,Waxed Weathered Copper Shingle Stairs,decoration/building block,Create building block,,
create,create:waxed_weathered_copper_shingles,Waxed Weathered Copper Shingles,decoration/building block,Create building block,,
create,create:waxed_weathered_copper_tile_slab,Waxed Weathered Copper Tile Slab,decoration/building block,Create building block,,
create,create:waxed_weathered_copper_tile_stairs,Waxed Weathered Copper Tile Stairs,decoration/building block,Create building block,,
create,create:waxed_weathered_copper_tiles,Waxed Weathered Copper Tiles,decoration/building block,Create building block,,
create,create:weathered_copper_shingle_slab,Weathered Copper Shingle Slab,decoration/building block,Create building block,,
create,create:weathered_copper_shingle_stairs,Weathered Copper Shingle Stairs,decoration/building block,Create building block,,
create,create:weathered_copper_shingles,Weathered Copper Shingles,decoration/building block,Create building block,,
create,create:weathered_copper_tile_slab,Weathered Copper Tile Slab,decoration/building block,Create building block,,
create,create:weathered_copper_tile_stairs,Weathered Copper Tile Stairs,decoration/building block,Create building block,,
create,create:weathered_copper_tiles,Weathered Copper Tiles,decoration/building block,Create building block,,
create,create:weathered_iron_block,Block of Weathered Iron,decoration/building block,Create building block,,
create,create:weathered_iron_window,Weathered Iron Window,decoration/building block,Create building block,,
create,create:weathered_iron_window_pane,Weathered Iron Window Pane,decoration/building block,Create building block,,
create,create:weighted_ejector,Weighted Ejector,storage/logistics,Create logistics,,
create,create:wheat_flour,Wheat Flour,crafting material,Create material,,
create,create:whisk,Whisk,crafting material,Create material,,
create,create:white_postbox,White Postbox,storage/logistics,Create logistics,,
create,create:white_sail,Windmill Sail,decoration/building block,Create building block,,
create,create:white_seat,White Seat,utility block,seat,,
create,create:white_table_cloth,White Table Cloth,decoration/building block,Create building block,,
create,create:white_toolbox,White Toolbox,storage/logistics,Create logistics,,craft Crafting 15
create,create:white_valve_handle,White Valve Handle,decoration/building block,Create building block,,
create,create:windmill_bearing,Windmill Bearing,machine/automation,Create machine/kinetics,,
create,create:wooden_bracket,Wooden Bracket,decoration/building block,Create building block,,
create,create:wrench,Wrench,tool,Create tool,,
create,create:yellow_postbox,Yellow Postbox,storage/logistics,Create logistics,,
create,create:yellow_seat,Yellow Seat,utility block,seat,,
create,create:yellow_table_cloth,Yellow Table Cloth,decoration/building block,Create building block,,
create,create:yellow_toolbox,Yellow Toolbox,storage/logistics,Create logistics,,craft Crafting 15
create,create:yellow_valve_handle,Yellow Valve Handle,decoration/building block,Create building block,,
create,create:zinc_block,Block of Zinc,decoration/building block,Create building block,,
create,create:zinc_ingot,Zinc Ingot,crafting material,Create material,,
create,create:zinc_nugget,Zinc Nugget,crafting material,Create material,,
create,create:zinc_ore,Zinc Ore,crafting material,ore,hardness 1 (mining 10) use-gate; hardness 1 block (mining 10),
create_connected,create_connected:andesite_encased_cross_connector,Andesite Encased Cross Connector,technical/creative-only,placed form (JEI-hidden),,
create_connected,create_connected:black_fan_dyeing_catalyst,Black Fan Dyeing Catalyst,crafting material,fan catalyst / chip,,
create_connected,create_connected:blue_fan_dyeing_catalyst,Blue Fan Dyeing Catalyst,crafting material,fan catalyst / chip,,
create_connected,create_connected:brake,Brake,machine/automation,kinetics / redstone,,
create_connected,create_connected:brass_chute,Brass Chute,storage/logistics,storage/logistics,,
create_connected,create_connected:brass_encased_cross_connector,Brass Encased Cross Connector,technical/creative-only,placed form (JEI-hidden),,
create_connected,create_connected:brass_gearbox,Brass Gearbox,machine/automation,kinetics / redstone,,
create_connected,create_connected:brown_fan_dyeing_catalyst,Brown Fan Dyeing Catalyst,crafting material,fan catalyst / chip,,
create_connected,create_connected:centrifugal_clutch,Centrifugal Clutch,machine/automation,kinetics / redstone,,
create_connected,create_connected:charged_kinetic_battery,Charged Kinetic Battery,machine/automation,kinetics / redstone,,
create_connected,create_connected:control_chip,Control Chip,crafting material,fan catalyst / chip,,
create_connected,create_connected:copycat_beam,Copycat Beam,technical/creative-only,placed form (JEI-hidden),,
create_connected,create_connected:copycat_block,Copycat Block,technical/creative-only,placed form (JEI-hidden),,
create_connected,create_connected:copycat_board,Copycat Board,technical/creative-only,placed form (JEI-hidden),,
create_connected,create_connected:copycat_box,Copycat Box,technical/creative-only,placed form (JEI-hidden),,
create_connected,create_connected:copycat_catwalk,Copycat Catwalk,technical/creative-only,placed form (JEI-hidden),,
create_connected,create_connected:copycat_fence,Copycat Fence,technical/creative-only,placed form (JEI-hidden),,
create_connected,create_connected:copycat_fence_gate,Copycat Fence Gate,technical/creative-only,placed form (JEI-hidden),,
create_connected,create_connected:copycat_slab,Copycat Slab,technical/creative-only,placed form (JEI-hidden),,
create_connected,create_connected:copycat_stairs,Copycat Stairs,technical/creative-only,placed form (JEI-hidden),,
create_connected,create_connected:copycat_vertical_step,Copycat Vertical Step,technical/creative-only,placed form (JEI-hidden),,
create_connected,create_connected:copycat_wall,Copycat Wall,technical/creative-only,placed form (JEI-hidden),,
create_connected,create_connected:crank_wheel,Crank Wheel,machine/automation,kinetics / redstone,,
create_connected,create_connected:creative_fluid_vessel,Creative Fluid Vessel,technical/creative-only,"creative, debug or mod-internal",,
create_connected,create_connected:cross_connector,Cross Connector,machine/automation,kinetics / redstone,,
create_connected,create_connected:cyan_fan_dyeing_catalyst,Cyan Fan Dyeing Catalyst,crafting material,fan catalyst / chip,,
create_connected,create_connected:dashboard,Dashboard,machine/automation,kinetics / redstone,,
create_connected,create_connected:empty_fan_catalyst,Empty Fan Catalyst,crafting material,fan catalyst / chip,,
create_connected,create_connected:encased_chain_cogwheel,Encased Chain Cogwheel,machine/automation,kinetics / redstone,,
create_connected,create_connected:fan_blasting_catalyst,Fan Blasting Catalyst,crafting material,fan catalyst / chip,,
create_connected,create_connected:fan_chocolate_coating_catalyst,Fan Chocolate Coating Catalyst,technical/creative-only,fan catalyst / chip; unobtainable in this pack (JEI-hidden),,
create_connected,create_connected:fan_ending_catalyst_dragon_head,Fan Ending Catalyst with Dragon Head,crafting material,fan catalyst / chip,,
create_connected,create_connected:fan_ending_catalyst_dragons_breath,Fan Ending Catalyst with Dragon's Breath,crafting material,fan catalyst / chip,,
create_connected,create_connected:fan_enriched_catalyst,Fan Enriched Catalyst,technical/creative-only,fan catalyst / chip; unobtainable in this pack (JEI-hidden),,
create_connected,create_connected:fan_exploding_catalyst,Fan Exploding Catalyst,technical/creative-only,fan catalyst / chip; unobtainable in this pack (JEI-hidden),,
create_connected,create_connected:fan_freezing_catalyst,Fan Freezing Catalyst,crafting material,fan catalyst / chip,,
create_connected,create_connected:fan_glooming_catalyst,Fan Glooming Catalyst,technical/creative-only,fan catalyst / chip; unobtainable in this pack (JEI-hidden),,
create_connected,create_connected:fan_haunting_catalyst,Fan Haunting Catalyst,crafting material,fan catalyst / chip,,
create_connected,create_connected:fan_honey_coating_catalyst,Fan Honey Coating Catalyst,technical/creative-only,fan catalyst / chip; unobtainable in this pack (JEI-hidden),,
create_connected,create_connected:fan_purifying_catalyst,Fan Purifying Catalyst,technical/creative-only,fan catalyst / chip; unobtainable in this pack (JEI-hidden),,
create_connected,create_connected:fan_resonance_catalyst,Fan Resonance Catalyst,technical/creative-only,fan catalyst / chip; unobtainable in this pack (JEI-hidden),,
create_connected,create_connected:fan_sanding_catalyst,Fan Sanding Catalyst,crafting material,fan catalyst / chip,,
create_connected,create_connected:fan_sculking_catalyst,Fan Sculking Catalyst,technical/creative-only,fan catalyst / chip; unobtainable in this pack (JEI-hidden),,
create_connected,create_connected:fan_seething_catalyst,Fan Seething Catalyst,technical/creative-only,fan catalyst / chip; unobtainable in this pack (JEI-hidden),,
create_connected,create_connected:fan_smoking_catalyst,Fan Smoking Catalyst,crafting material,fan catalyst / chip,,
create_connected,create_connected:fan_soul_stripping_catalyst,Fan Soul Stripping Catalyst,technical/creative-only,fan catalyst / chip; unobtainable in this pack (JEI-hidden),,
create_connected,create_connected:fan_splashing_catalyst,Fan Washing Catalyst,crafting material,fan catalyst / chip,,
create_connected,create_connected:fan_transmutation_catalyst,Fan Transmutation Catalyst,technical/creative-only,fan catalyst / chip; unobtainable in this pack (JEI-hidden),,
create_connected,create_connected:fan_withering_catalyst,Fan Withering Catalyst,technical/creative-only,fan catalyst / chip; unobtainable in this pack (JEI-hidden),,
create_connected,create_connected:fluid_vessel,Fluid Vessel,storage/logistics,storage/logistics,,
create_connected,create_connected:freewheel_clutch,Freewheel Clutch,machine/automation,kinetics / redstone,,
create_connected,create_connected:gray_fan_dyeing_catalyst,Gray Fan Dyeing Catalyst,crafting material,fan catalyst / chip,,
create_connected,create_connected:green_fan_dyeing_catalyst,Green Fan Dyeing Catalyst,crafting material,fan catalyst / chip,,
create_connected,create_connected:incomplete_control_chip,Incomplete Control Chip,crafting material,fan catalyst / chip,,
create_connected,create_connected:inventory_access_port,Inventory Access Port,storage/logistics,storage/logistics,,
create_connected,create_connected:inventory_bridge,Inventory Bridge,storage/logistics,storage/logistics,,
create_connected,create_connected:inverted_clutch,Inverted Clutch,machine/automation,kinetics / redstone,,
create_connected,create_connected:inverted_gearshift,Inverted Gearshift,machine/automation,kinetics / redstone,,
create_connected,create_connected:item_silo,Item Silo,storage/logistics,storage/logistics,,craft Crafting 20
create_connected,create_connected:kinetic_battery,Kinetic Battery,machine/automation,kinetics / redstone,,
create_connected,create_connected:kinetic_bridge,Kinetic Bridge,machine/automation,kinetics / redstone,,
create_connected,create_connected:large_crank_wheel,Large Crank Wheel,machine/automation,kinetics / redstone,,
create_connected,create_connected:light_blue_fan_dyeing_catalyst,Light Blue Fan Dyeing Catalyst,crafting material,fan catalyst / chip,,
create_connected,create_connected:light_gray_fan_dyeing_catalyst,Light Gray Fan Dyeing Catalyst,crafting material,fan catalyst / chip,,
create_connected,create_connected:lime_fan_dyeing_catalyst,Lime Fan Dyeing Catalyst,crafting material,fan catalyst / chip,,
create_connected,create_connected:linked_transmitter,Linked Transmitter,machine/automation,kinetics / redstone,,
create_connected,create_connected:magenta_fan_dyeing_catalyst,Magenta Fan Dyeing Catalyst,crafting material,fan catalyst / chip,,
create_connected,create_connected:music_disc_elevator,Music Disc,decoration/building block,music disc,,
create_connected,create_connected:music_disc_interlude,Music Disc,decoration/building block,music disc,,
create_connected,create_connected:orange_fan_dyeing_catalyst,Orange Fan Dyeing Catalyst,crafting material,fan catalyst / chip,,
create_connected,create_connected:overstress_clutch,Overstress Clutch,machine/automation,kinetics / redstone,,
create_connected,create_connected:parallel_gearbox,Parallel Gearbox,machine/automation,kinetics / redstone,,
create_connected,create_connected:pink_fan_dyeing_catalyst,Pink Fan Dyeing Catalyst,crafting material,fan catalyst / chip,,
create_connected,create_connected:purple_fan_dyeing_catalyst,Purple Fan Dyeing Catalyst,crafting material,fan catalyst / chip,,
create_connected,create_connected:red_fan_dyeing_catalyst,Red Fan Dyeing Catalyst,crafting material,fan catalyst / chip,,
create_connected,create_connected:redstone_link_wildcard,Redstone Link Wildcard,machine/automation,kinetics / redstone,,
create_connected,create_connected:sequenced_pulse_generator,Sequenced Pulse Generator,machine/automation,kinetics / redstone,,
create_connected,create_connected:shear_pin,Shear Pin,machine/automation,kinetics / redstone,,
create_connected,create_connected:six_way_gearbox,6-way Gearbox,machine/automation,kinetics / redstone,,
create_connected,create_connected:vertical_brass_gearbox,Vertical Brass Gearbox,machine/automation,kinetics / redstone,,
create_connected,create_connected:vertical_parallel_gearbox,Vertical Parallel Gearbox,machine/automation,kinetics / redstone,,
create_connected,create_connected:vertical_six_way_gearbox,Vertical 6-way Gearbox,machine/automation,kinetics / redstone,,
create_connected,create_connected:white_fan_dyeing_catalyst,White Fan Dyeing Catalyst,crafting material,fan catalyst / chip,,
create_connected,create_connected:yellow_fan_dyeing_catalyst,Yellow Fan Dyeing Catalyst,crafting material,fan catalyst / chip,,
createdeco,createdeco:andesite_bars,Andesite Bars,decoration/building block,Create Deco block,,
createdeco,createdeco:andesite_bars_overlay,Andesite Bars Overlay,decoration/building block,Create Deco block,,
createdeco,createdeco:andesite_catwalk,Andesite Catwalk,decoration/building block,Create Deco block,,
createdeco,createdeco:andesite_catwalk_railing,Andesite Catwalk Railing,decoration/building block,Create Deco block,,
createdeco,createdeco:andesite_catwalk_stairs,Andesite Catwalk Stairs,decoration/building block,Create Deco block,,
createdeco,createdeco:andesite_door,Andesite Door,decoration/building block,Create Deco block,,
createdeco,createdeco:andesite_hull,Andesite Train Hull,decoration/building block,Create Deco block,,
createdeco,createdeco:andesite_mesh_fence,Andesite Mesh Fence,decoration/building block,Create Deco block,,
createdeco,createdeco:andesite_sheet,Andesite Alloy Sheet,crafting material,metal,,
createdeco,createdeco:andesite_sheet_metal,Andesite Sheet Metal,decoration/building block,Create Deco block,,
createdeco,createdeco:andesite_support,Andesite Support,decoration/building block,Create Deco block,,
createdeco,createdeco:andesite_support_wedge,Andesite Support Wedge,decoration/building block,Create Deco block,,
createdeco,createdeco:andesite_trapdoor,Andesite Trapdoor,decoration/building block,Create Deco block,,
createdeco,createdeco:andesite_window,Andesite Window,decoration/building block,Create Deco block,,
createdeco,createdeco:andesite_window_pane,Andesite Window Pane,decoration/building block,Create Deco block,,
createdeco,createdeco:black_placard,Black Placard,decoration/building block,Create Deco block,,
createdeco,createdeco:black_shipping_container,Black Shipping Container,storage/logistics,dyed item vault,,craft Crafting 20
createdeco,createdeco:blue_andesite_lamp,Blue Andesite Cage Lamp,light source,lamp,,
createdeco,createdeco:blue_brass_lamp,Blue Brass Cage Lamp,light source,lamp,,
createdeco,createdeco:blue_brick_slab,Blue Brick Slab,decoration/building block,Create Deco block,,
createdeco,createdeco:blue_brick_stairs,Blue Brick Stairs,decoration/building block,Create Deco block,,
createdeco,createdeco:blue_brick_wall,Blue Brick Wall,decoration/building block,Create Deco block,,
createdeco,createdeco:blue_bricks,Blue Bricks,decoration/building block,Create Deco block,,
createdeco,createdeco:blue_copper_lamp,Blue Copper Cage Lamp,light source,lamp,,
createdeco,createdeco:blue_industrial_iron_lamp,Blue Industrial Iron Cage Lamp,light source,lamp,,
createdeco,createdeco:blue_iron_lamp,Blue Iron Cage Lamp,light source,lamp,,
createdeco,createdeco:blue_placard,Blue Placard,decoration/building block,Create Deco block,,
createdeco,createdeco:blue_shipping_container,Blue Shipping Container,storage/logistics,dyed item vault,,craft Crafting 20
createdeco,createdeco:blue_zinc_lamp,Blue Zinc Cage Lamp,light source,lamp,,
createdeco,createdeco:brass_bars,Brass Bars,decoration/building block,Create Deco block,,
createdeco,createdeco:brass_bars_overlay,Brass Bars Overlay,decoration/building block,Create Deco block,,
createdeco,createdeco:brass_catwalk,Brass Catwalk,decoration/building block,Create Deco block,,
createdeco,createdeco:brass_catwalk_railing,Brass Catwalk Railing,decoration/building block,Create Deco block,,
createdeco,createdeco:brass_catwalk_stairs,Brass Catwalk Stairs,decoration/building block,Create Deco block,,
createdeco,createdeco:brass_coin,Brass Coin,decoration/building block,Create Deco block,,
createdeco,createdeco:brass_coinstack,BrassCoin Stack Block,decoration/building block,Create Deco block,,
createdeco,createdeco:brass_door,Brass Door,decoration/building block,Create Deco block,,
createdeco,createdeco:brass_hull,Brass Train Hull,decoration/building block,Create Deco block,,
createdeco,createdeco:brass_mesh_fence,Brass Mesh Fence,decoration/building block,Create Deco block,,
createdeco,createdeco:brass_sheet_metal,Brass Sheet Metal,decoration/building block,Create Deco block,,
createdeco,createdeco:brass_support,Brass Support,decoration/building block,Create Deco block,,
createdeco,createdeco:brass_support_wedge,Brass Support Wedge,decoration/building block,Create Deco block,,
createdeco,createdeco:brass_trapdoor,Brass Trapdoor,decoration/building block,Create Deco block,,
createdeco,createdeco:brass_window,Brass Window,decoration/building block,Create Deco block,,
createdeco,createdeco:brass_window_pane,Brass Window Pane,decoration/building block,Create Deco block,,
createdeco,createdeco:brown_placard,Brown Placard,decoration/building block,Create Deco block,,
createdeco,createdeco:brown_shipping_container,Brown Shipping Container,storage/logistics,dyed item vault,,craft Crafting 20
createdeco,createdeco:copper_bars,Copper Bars,decoration/building block,Create Deco block,,
createdeco,createdeco:copper_bars_overlay,Copper Bars Overlay,decoration/building block,Create Deco block,,
createdeco,createdeco:copper_catwalk,Copper Catwalk,decoration/building block,Create Deco block,,
createdeco,createdeco:copper_catwalk_railing,Copper Catwalk Railing,decoration/building block,Create Deco block,,
createdeco,createdeco:copper_catwalk_stairs,Copper Catwalk Stairs,decoration/building block,Create Deco block,,
createdeco,createdeco:copper_coin,Copper Coin,decoration/building block,Create Deco block,,
createdeco,createdeco:copper_coinstack,CopperCoin Stack Block,decoration/building block,Create Deco block,,
createdeco,createdeco:copper_hull,Copper Train Hull,decoration/building block,Create Deco block,,
createdeco,createdeco:copper_mesh_fence,Copper Mesh Fence,decoration/building block,Create Deco block,,
createdeco,createdeco:copper_sheet_metal,Copper Sheet Metal,decoration/building block,Create Deco block,,
createdeco,createdeco:copper_support,Copper Support,decoration/building block,Create Deco block,,
createdeco,createdeco:copper_support_wedge,Copper Support Wedge,decoration/building block,Create Deco block,,
createdeco,createdeco:copper_window,Copper Window,decoration/building block,Create Deco block,,
createdeco,createdeco:copper_window_pane,Copper Window Pane,decoration/building block,Create Deco block,,
createdeco,createdeco:corner_blue_brick_slab,Corner Blue Brick Slab,decoration/building block,Create Deco block,,
createdeco,createdeco:corner_blue_brick_stairs,Corner Blue Brick Stairs,decoration/building block,Create Deco block,,
createdeco,createdeco:corner_blue_brick_wall,Corner Blue Brick Wall,decoration/building block,Create Deco block,,
createdeco,createdeco:corner_blue_bricks,Corner Blue Bricks,decoration/building block,Create Deco block,,
createdeco,createdeco:corner_dean_brick_slab,Corner Dean Brick Slab,decoration/building block,Create Deco block,,
createdeco,createdeco:corner_dean_brick_stairs,Corner Dean Brick Stairs,decoration/building block,Create Deco block,,
createdeco,createdeco:corner_dean_brick_wall,Corner Dean Brick Wall,decoration/building block,Create Deco block,,
createdeco,createdeco:corner_dean_bricks,Corner Dean Bricks,decoration/building block,Create Deco block,,
createdeco,createdeco:corner_dusk_brick_slab,Corner Dusk Brick Slab,decoration/building block,Create Deco block,,
createdeco,createdeco:corner_dusk_brick_stairs,Corner Dusk Brick Stairs,decoration/building block,Create Deco block,,
createdeco,createdeco:corner_dusk_brick_wall,Corner Dusk Brick Wall,decoration/building block,Create Deco block,,
createdeco,createdeco:corner_dusk_bricks,Corner Dusk Bricks,decoration/building block,Create Deco block,,
createdeco,createdeco:corner_pearl_brick_slab,Corner Pearl Brick Slab,decoration/building block,Create Deco block,,
createdeco,createdeco:corner_pearl_brick_stairs,Corner Pearl Brick Stairs,decoration/building block,Create Deco block,,
createdeco,createdeco:corner_pearl_brick_wall,Corner Pearl Brick Wall,decoration/building block,Create Deco block,,
createdeco,createdeco:corner_pearl_bricks,Corner Pearl Bricks,decoration/building block,Create Deco block,,
createdeco,createdeco:corner_red_brick_slab,Corner Red Brick Slab,decoration/building block,Create Deco block,,
createdeco,createdeco:corner_red_brick_stairs,Corner Red Brick Stairs,decoration/building block,Create Deco block,,
createdeco,createdeco:corner_red_brick_wall,Corner Red Brick Wall,decoration/building block,Create Deco block,,
createdeco,createdeco:corner_red_bricks,Corner Red Bricks,decoration/building block,Create Deco block,,
createdeco,createdeco:corner_scarlet_brick_slab,Corner Scarlet Brick Slab,decoration/building block,Create Deco block,,
createdeco,createdeco:corner_scarlet_brick_stairs,Corner Scarlet Brick Stairs,decoration/building block,Create Deco block,,
createdeco,createdeco:corner_scarlet_brick_wall,Corner Scarlet Brick Wall,decoration/building block,Create Deco block,,
createdeco,createdeco:corner_scarlet_bricks,Corner Scarlet Bricks,decoration/building block,Create Deco block,,
createdeco,createdeco:corner_umber_brick_slab,Corner Umber Brick Slab,decoration/building block,Create Deco block,,
createdeco,createdeco:corner_umber_brick_stairs,Corner Umber Brick Stairs,decoration/building block,Create Deco block,,
createdeco,createdeco:corner_umber_brick_wall,Corner Umber Brick Wall,decoration/building block,Create Deco block,,
createdeco,createdeco:corner_umber_bricks,Corner Umber Bricks,decoration/building block,Create Deco block,,
createdeco,createdeco:corner_verdant_brick_slab,Corner Verdant Brick Slab,decoration/building block,Create Deco block,,
createdeco,createdeco:corner_verdant_brick_stairs,Corner Verdant Brick Stairs,decoration/building block,Create Deco block,,
createdeco,createdeco:corner_verdant_brick_wall,Corner Verdant Brick Wall,decoration/building block,Create Deco block,,
createdeco,createdeco:corner_verdant_bricks,Corner Verdant Bricks,decoration/building block,Create Deco block,,
createdeco,createdeco:cracked_blue_brick_slab,Cracked Blue Brick Slab,decoration/building block,Create Deco block,,
createdeco,createdeco:cracked_blue_brick_stairs,Cracked Blue Brick Stairs,decoration/building block,Create Deco block,,
createdeco,createdeco:cracked_blue_brick_wall,Cracked Blue Brick Wall,decoration/building block,Create Deco block,,
createdeco,createdeco:cracked_blue_bricks,Cracked Blue Bricks,decoration/building block,Create Deco block,,
createdeco,createdeco:cracked_dean_brick_slab,Cracked Dean Brick Slab,decoration/building block,Create Deco block,,
createdeco,createdeco:cracked_dean_brick_stairs,Cracked Dean Brick Stairs,decoration/building block,Create Deco block,,
createdeco,createdeco:cracked_dean_brick_wall,Cracked Dean Brick Wall,decoration/building block,Create Deco block,,
createdeco,createdeco:cracked_dean_bricks,Cracked Dean Bricks,decoration/building block,Create Deco block,,
createdeco,createdeco:cracked_dusk_brick_slab,Cracked Dusk Brick Slab,decoration/building block,Create Deco block,,
createdeco,createdeco:cracked_dusk_brick_stairs,Cracked Dusk Brick Stairs,decoration/building block,Create Deco block,,
createdeco,createdeco:cracked_dusk_brick_wall,Cracked Dusk Brick Wall,decoration/building block,Create Deco block,,
createdeco,createdeco:cracked_dusk_bricks,Cracked Dusk Bricks,decoration/building block,Create Deco block,,
createdeco,createdeco:cracked_pearl_brick_slab,Cracked Pearl Brick Slab,decoration/building block,Create Deco block,,
createdeco,createdeco:cracked_pearl_brick_stairs,Cracked Pearl Brick Stairs,decoration/building block,Create Deco block,,
createdeco,createdeco:cracked_pearl_brick_wall,Cracked Pearl Brick Wall,decoration/building block,Create Deco block,,
createdeco,createdeco:cracked_pearl_bricks,Cracked Pearl Bricks,decoration/building block,Create Deco block,,
createdeco,createdeco:cracked_red_brick_slab,Cracked Red Brick Slab,decoration/building block,Create Deco block,,
createdeco,createdeco:cracked_red_brick_stairs,Cracked Red Brick Stairs,decoration/building block,Create Deco block,,
createdeco,createdeco:cracked_red_brick_wall,Cracked Red Brick Wall,decoration/building block,Create Deco block,,
createdeco,createdeco:cracked_red_bricks,Cracked Red Bricks,decoration/building block,Create Deco block,,
createdeco,createdeco:cracked_scarlet_brick_slab,Cracked Scarlet Brick Slab,decoration/building block,Create Deco block,,
createdeco,createdeco:cracked_scarlet_brick_stairs,Cracked Scarlet Brick Stairs,decoration/building block,Create Deco block,,
createdeco,createdeco:cracked_scarlet_brick_wall,Cracked Scarlet Brick Wall,decoration/building block,Create Deco block,,
createdeco,createdeco:cracked_scarlet_bricks,Cracked Scarlet Bricks,decoration/building block,Create Deco block,,
createdeco,createdeco:cracked_umber_brick_slab,Cracked Umber Brick Slab,decoration/building block,Create Deco block,,
createdeco,createdeco:cracked_umber_brick_stairs,Cracked Umber Brick Stairs,decoration/building block,Create Deco block,,
createdeco,createdeco:cracked_umber_brick_wall,Cracked Umber Brick Wall,decoration/building block,Create Deco block,,
createdeco,createdeco:cracked_umber_bricks,Cracked Umber Bricks,decoration/building block,Create Deco block,,
createdeco,createdeco:cracked_verdant_brick_slab,Cracked Verdant Brick Slab,decoration/building block,Create Deco block,,
createdeco,createdeco:cracked_verdant_brick_stairs,Cracked Verdant Brick Stairs,decoration/building block,Create Deco block,,
createdeco,createdeco:cracked_verdant_brick_wall,Cracked Verdant Brick Wall,decoration/building block,Create Deco block,,
createdeco,createdeco:cracked_verdant_bricks,Cracked Verdant Bricks,decoration/building block,Create Deco block,,
createdeco,createdeco:cyan_placard,Cyan Placard,decoration/building block,Create Deco block,,
createdeco,createdeco:cyan_shipping_container,Cyan Shipping Container,storage/logistics,dyed item vault,,craft Crafting 20
createdeco,createdeco:dean_brick_slab,Dean Brick Slab,decoration/building block,Create Deco block,,
createdeco,createdeco:dean_brick_stairs,Dean Brick Stairs,decoration/building block,Create Deco block,,
createdeco,createdeco:dean_brick_wall,Dean Brick Wall,decoration/building block,Create Deco block,,
createdeco,createdeco:dean_bricks,Dean Bricks,decoration/building block,Create Deco block,,
createdeco,createdeco:decal_creeper,Creeper Decal,decoration/building block,Create Deco block,,
createdeco,createdeco:decal_cross,Cross Decal,decoration/building block,Create Deco block,,
createdeco,createdeco:decal_down,Down Arrow Decal,decoration/building block,Create Deco block,,
createdeco,createdeco:decal_down_left,Down Left Arrow Decal,decoration/building block,Create Deco block,,
createdeco,createdeco:decal_down_right,Down Right Arrow Decal,decoration/building block,Create Deco block,,
createdeco,createdeco:decal_electrical,Electrical Decal,decoration/building block,Create Deco block,,
createdeco,createdeco:decal_fire,Fire Decal,decoration/building block,Create Deco block,,
createdeco,createdeco:decal_fire_diamond,Fire Diamond Decal,decoration/building block,Create Deco block,,
createdeco,createdeco:decal_flow,Flow Decal,decoration/building block,Create Deco block,,
createdeco,createdeco:decal_fluid,Fluid Decal,decoration/building block,Create Deco block,,
createdeco,createdeco:decal_ice,Ice Decal,decoration/building block,Create Deco block,,
createdeco,createdeco:decal_left,Left Arrow Decal,decoration/building block,Create Deco block,,
createdeco,createdeco:decal_no_entry,No Entry Decal,decoration/building block,Create Deco block,,
createdeco,createdeco:decal_radioactive,Radioactive Decal,decoration/building block,Create Deco block,,
createdeco,createdeco:decal_right,Right Arrow Decal,decoration/building block,Create Deco block,,
createdeco,createdeco:decal_skull,Skull Decal,decoration/building block,Create Deco block,,
createdeco,createdeco:decal_top_left,Up Left Arrow Decal,decoration/building block,Create Deco block,,
createdeco,createdeco:decal_top_right,Up Right Arrow Decal,decoration/building block,Create Deco block,,
createdeco,createdeco:decal_up,Up Arrow Decal,decoration/building block,Create Deco block,,
createdeco,createdeco:decal_warning,Warning Decal,decoration/building block,Create Deco block,,
createdeco,createdeco:dusk_brick_slab,Dusk Brick Slab,decoration/building block,Create Deco block,,
createdeco,createdeco:dusk_brick_stairs,Dusk Brick Stairs,decoration/building block,Create Deco block,,
createdeco,createdeco:dusk_brick_wall,Dusk Brick Wall,decoration/building block,Create Deco block,,
createdeco,createdeco:dusk_bricks,Dusk Bricks,decoration/building block,Create Deco block,,
createdeco,createdeco:gold_coin,Gold Coin,decoration/building block,Create Deco block,,
createdeco,createdeco:gold_coinstack,GoldCoin Stack Block,decoration/building block,Create Deco block,,
createdeco,createdeco:gray_placard,Gray Placard,decoration/building block,Create Deco block,,
createdeco,createdeco:gray_shipping_container,Gray Shipping Container,storage/logistics,dyed item vault,,craft Crafting 20
createdeco,createdeco:green_andesite_lamp,Green Andesite Cage Lamp,light source,lamp,,
createdeco,createdeco:green_brass_lamp,Green Brass Cage Lamp,light source,lamp,,
createdeco,createdeco:green_copper_lamp,Green Copper Cage Lamp,light source,lamp,,
createdeco,createdeco:green_industrial_iron_lamp,Green Industrial Iron Cage Lamp,light source,lamp,,
createdeco,createdeco:green_iron_lamp,Green Iron Cage Lamp,light source,lamp,,
createdeco,createdeco:green_placard,Green Placard,decoration/building block,Create Deco block,,
createdeco,createdeco:green_shipping_container,Green Shipping Container,storage/logistics,dyed item vault,,craft Crafting 20
createdeco,createdeco:green_zinc_lamp,Green Zinc Cage Lamp,light source,lamp,,
createdeco,createdeco:industrial_iron_bars,Industrial Iron Bars,decoration/building block,Create Deco block,,
createdeco,createdeco:industrial_iron_bars_overlay,Industrial Iron Bars Overlay,decoration/building block,Create Deco block,,
createdeco,createdeco:industrial_iron_catwalk,Industrial Iron Catwalk,decoration/building block,Create Deco block,,
createdeco,createdeco:industrial_iron_catwalk_railing,Industrial Iron Catwalk Railing,decoration/building block,Create Deco block,,
createdeco,createdeco:industrial_iron_catwalk_stairs,Industrial Iron Catwalk Stairs,decoration/building block,Create Deco block,,
createdeco,createdeco:industrial_iron_coin,Industrial Iron Coin,decoration/building block,Create Deco block,,
createdeco,createdeco:industrial_iron_coinstack,Industrial IronCoin Stack Block,decoration/building block,Create Deco block,,
createdeco,createdeco:industrial_iron_door,Industrial Iron Door,decoration/building block,Create Deco block,,
createdeco,createdeco:industrial_iron_hull,Industrial Iron Train Hull,decoration/building block,Create Deco block,,
createdeco,createdeco:industrial_iron_ingot,Industrial Iron Ingot,crafting material,metal,,
createdeco,createdeco:industrial_iron_ladder,Industrial Iron Ladder,decoration/building block,Create Deco block,,
createdeco,createdeco:industrial_iron_mesh_fence,Industrial Iron Mesh Fence,decoration/building block,Create Deco block,,
createdeco,createdeco:industrial_iron_nugget,Industrial Iron Nugget,crafting material,metal,,
createdeco,createdeco:industrial_iron_sheet,Industrial Iron Sheet,crafting material,metal,,
createdeco,createdeco:industrial_iron_sheet_metal,Industrial Iron Sheet Metal,decoration/building block,Create Deco block,,
createdeco,createdeco:industrial_iron_support,Industrial Iron Support,decoration/building block,Create Deco block,,
createdeco,createdeco:industrial_iron_support_wedge,Industrial Iron Support Wedge,decoration/building block,Create Deco block,,
createdeco,createdeco:industrial_iron_trapdoor,Industrial Iron Trapdoor,decoration/building block,Create Deco block,,
createdeco,createdeco:industrial_iron_window,Industrial Iron Window,decoration/building block,Create Deco block,,
createdeco,createdeco:industrial_iron_window_pane,Industrial Iron Window Pane,decoration/building block,Create Deco block,,
createdeco,createdeco:iron_bars_overlay,Iron Bars Overlay,decoration/building block,Create Deco block,,
createdeco,createdeco:iron_catwalk,Iron Catwalk,decoration/building block,Create Deco block,,
createdeco,createdeco:iron_catwalk_railing,Iron Catwalk Railing,decoration/building block,Create Deco block,,
createdeco,createdeco:iron_catwalk_stairs,Iron Catwalk Stairs,decoration/building block,Create Deco block,,
createdeco,createdeco:iron_coin,Iron Coin,decoration/building block,Create Deco block,,
createdeco,createdeco:iron_coinstack,IronCoin Stack Block,decoration/building block,Create Deco block,,
createdeco,createdeco:iron_hull,Iron Train Hull,decoration/building block,Create Deco block,,
createdeco,createdeco:iron_ladder,Iron Ladder,decoration/building block,Create Deco block,,
createdeco,createdeco:iron_mesh_fence,Iron Mesh Fence,decoration/building block,Create Deco block,,
createdeco,createdeco:iron_sheet_metal,Iron Sheet Metal,decoration/building block,Create Deco block,,
createdeco,createdeco:iron_support,Iron Support,decoration/building block,Create Deco block,,
createdeco,createdeco:iron_support_wedge,Iron Support Wedge,decoration/building block,Create Deco block,,
createdeco,createdeco:iron_window,Iron Window,decoration/building block,Create Deco block,,
createdeco,createdeco:iron_window_pane,Iron Window Pane,decoration/building block,Create Deco block,,
createdeco,createdeco:light_blue_placard,Light Blue Placard,decoration/building block,Create Deco block,,
createdeco,createdeco:light_blue_shipping_container,Light Blue Shipping Container,storage/logistics,dyed item vault,,craft Crafting 20
createdeco,createdeco:light_gray_placard,Light Gray Placard,decoration/building block,Create Deco block,,
createdeco,createdeco:light_gray_shipping_container,Light Gray Shipping Container,storage/logistics,dyed item vault,,craft Crafting 20
createdeco,createdeco:lime_placard,Lime Placard,decoration/building block,Create Deco block,,
createdeco,createdeco:lime_shipping_container,Lime Shipping Container,storage/logistics,dyed item vault,,craft Crafting 20
createdeco,createdeco:locked_andesite_door,Locked Andesite Door,decoration/building block,Create Deco block,,
createdeco,createdeco:locked_brass_door,Locked Brass Door,decoration/building block,Create Deco block,,
createdeco,createdeco:locked_copper_door,Locked Copper Door,decoration/building block,Create Deco block,,
createdeco,createdeco:locked_industrial_iron_door,Locked Industrial Iron Door,decoration/building block,Create Deco block,,
createdeco,createdeco:locked_zinc_door,Locked Zinc Door,decoration/building block,Create Deco block,,
createdeco,createdeco:long_blue_brick_slab,Long Blue Brick Slab,decoration/building block,Create Deco block,,
createdeco,createdeco:long_blue_brick_stairs,Long Blue Brick Stairs,decoration/building block,Create Deco block,,
createdeco,createdeco:long_blue_brick_wall,Long Blue Brick Wall,decoration/building block,Create Deco block,,
createdeco,createdeco:long_blue_bricks,Long Blue Bricks,decoration/building block,Create Deco block,,
createdeco,createdeco:long_dean_brick_slab,Long Dean Brick Slab,decoration/building block,Create Deco block,,
createdeco,createdeco:long_dean_brick_stairs,Long Dean Brick Stairs,decoration/building block,Create Deco block,,
createdeco,createdeco:long_dean_brick_wall,Long Dean Brick Wall,decoration/building block,Create Deco block,,
createdeco,createdeco:long_dean_bricks,Long Dean Bricks,decoration/building block,Create Deco block,,
createdeco,createdeco:long_dusk_brick_slab,Long Dusk Brick Slab,decoration/building block,Create Deco block,,
createdeco,createdeco:long_dusk_brick_stairs,Long Dusk Brick Stairs,decoration/building block,Create Deco block,,
createdeco,createdeco:long_dusk_brick_wall,Long Dusk Brick Wall,decoration/building block,Create Deco block,,
createdeco,createdeco:long_dusk_bricks,Long Dusk Bricks,decoration/building block,Create Deco block,,
createdeco,createdeco:long_pearl_brick_slab,Long Pearl Brick Slab,decoration/building block,Create Deco block,,
createdeco,createdeco:long_pearl_brick_stairs,Long Pearl Brick Stairs,decoration/building block,Create Deco block,,
createdeco,createdeco:long_pearl_brick_wall,Long Pearl Brick Wall,decoration/building block,Create Deco block,,
createdeco,createdeco:long_pearl_bricks,Long Pearl Bricks,decoration/building block,Create Deco block,,
createdeco,createdeco:long_red_brick_slab,Long Red Brick Slab,decoration/building block,Create Deco block,,
createdeco,createdeco:long_red_brick_stairs,Long Red Brick Stairs,decoration/building block,Create Deco block,,
createdeco,createdeco:long_red_brick_wall,Long Red Brick Wall,decoration/building block,Create Deco block,,
createdeco,createdeco:long_red_bricks,Long Red Bricks,decoration/building block,Create Deco block,,
createdeco,createdeco:long_scarlet_brick_slab,Long Scarlet Brick Slab,decoration/building block,Create Deco block,,
createdeco,createdeco:long_scarlet_brick_stairs,Long Scarlet Brick Stairs,decoration/building block,Create Deco block,,
createdeco,createdeco:long_scarlet_brick_wall,Long Scarlet Brick Wall,decoration/building block,Create Deco block,,
createdeco,createdeco:long_scarlet_bricks,Long Scarlet Bricks,decoration/building block,Create Deco block,,
createdeco,createdeco:long_umber_brick_slab,Long Umber Brick Slab,decoration/building block,Create Deco block,,
createdeco,createdeco:long_umber_brick_stairs,Long Umber Brick Stairs,decoration/building block,Create Deco block,,
createdeco,createdeco:long_umber_brick_wall,Long Umber Brick Wall,decoration/building block,Create Deco block,,
createdeco,createdeco:long_umber_bricks,Long Umber Bricks,decoration/building block,Create Deco block,,
createdeco,createdeco:long_verdant_brick_slab,Long Verdant Brick Slab,decoration/building block,Create Deco block,,
createdeco,createdeco:long_verdant_brick_stairs,Long Verdant Brick Stairs,decoration/building block,Create Deco block,,
createdeco,createdeco:long_verdant_brick_wall,Long Verdant Brick Wall,decoration/building block,Create Deco block,,
createdeco,createdeco:long_verdant_bricks,Long Verdant Bricks,decoration/building block,Create Deco block,,
createdeco,createdeco:magenta_placard,Magenta Placard,decoration/building block,Create Deco block,,
createdeco,createdeco:magenta_shipping_container,Magenta Shipping Container,storage/logistics,dyed item vault,,craft Crafting 20
createdeco,createdeco:mossy_blue_brick_slab,Mossy Blue Brick Slab,decoration/building block,Create Deco block,,
createdeco,createdeco:mossy_blue_brick_stairs,Mossy Blue Brick Stairs,decoration/building block,Create Deco block,,
createdeco,createdeco:mossy_blue_brick_wall,Mossy Blue Brick Wall,decoration/building block,Create Deco block,,
createdeco,createdeco:mossy_blue_bricks,Mossy Blue Bricks,decoration/building block,Create Deco block,,
createdeco,createdeco:mossy_dean_brick_slab,Mossy Dean Brick Slab,decoration/building block,Create Deco block,,
createdeco,createdeco:mossy_dean_brick_stairs,Mossy Dean Brick Stairs,decoration/building block,Create Deco block,,
createdeco,createdeco:mossy_dean_brick_wall,Mossy Dean Brick Wall,decoration/building block,Create Deco block,,
createdeco,createdeco:mossy_dean_bricks,Mossy Dean Bricks,decoration/building block,Create Deco block,,
createdeco,createdeco:mossy_dusk_brick_slab,Mossy Dusk Brick Slab,decoration/building block,Create Deco block,,
createdeco,createdeco:mossy_dusk_brick_stairs,Mossy Dusk Brick Stairs,decoration/building block,Create Deco block,,
createdeco,createdeco:mossy_dusk_brick_wall,Mossy Dusk Brick Wall,decoration/building block,Create Deco block,,
createdeco,createdeco:mossy_dusk_bricks,Mossy Dusk Bricks,decoration/building block,Create Deco block,,
createdeco,createdeco:mossy_pearl_brick_slab,Mossy Pearl Brick Slab,decoration/building block,Create Deco block,,
createdeco,createdeco:mossy_pearl_brick_stairs,Mossy Pearl Brick Stairs,decoration/building block,Create Deco block,,
createdeco,createdeco:mossy_pearl_brick_wall,Mossy Pearl Brick Wall,decoration/building block,Create Deco block,,
createdeco,createdeco:mossy_pearl_bricks,Mossy Pearl Bricks,decoration/building block,Create Deco block,,
createdeco,createdeco:mossy_red_brick_slab,Mossy Red Brick Slab,decoration/building block,Create Deco block,,
createdeco,createdeco:mossy_red_brick_stairs,Mossy Red Brick Stairs,decoration/building block,Create Deco block,,
createdeco,createdeco:mossy_red_brick_wall,Mossy Red Brick Wall,decoration/building block,Create Deco block,,
createdeco,createdeco:mossy_red_bricks,Mossy Red Bricks,decoration/building block,Create Deco block,,
createdeco,createdeco:mossy_scarlet_brick_slab,Mossy Scarlet Brick Slab,decoration/building block,Create Deco block,,
createdeco,createdeco:mossy_scarlet_brick_stairs,Mossy Scarlet Brick Stairs,decoration/building block,Create Deco block,,
createdeco,createdeco:mossy_scarlet_brick_wall,Mossy Scarlet Brick Wall,decoration/building block,Create Deco block,,
createdeco,createdeco:mossy_scarlet_bricks,Mossy Scarlet Bricks,decoration/building block,Create Deco block,,
createdeco,createdeco:mossy_umber_brick_slab,Mossy Umber Brick Slab,decoration/building block,Create Deco block,,
createdeco,createdeco:mossy_umber_brick_stairs,Mossy Umber Brick Stairs,decoration/building block,Create Deco block,,
createdeco,createdeco:mossy_umber_brick_wall,Mossy Umber Brick Wall,decoration/building block,Create Deco block,,
createdeco,createdeco:mossy_umber_bricks,Mossy Umber Bricks,decoration/building block,Create Deco block,,
createdeco,createdeco:mossy_verdant_brick_slab,Mossy Verdant Brick Slab,decoration/building block,Create Deco block,,
createdeco,createdeco:mossy_verdant_brick_stairs,Mossy Verdant Brick Stairs,decoration/building block,Create Deco block,,
createdeco,createdeco:mossy_verdant_brick_wall,Mossy Verdant Brick Wall,decoration/building block,Create Deco block,,
createdeco,createdeco:mossy_verdant_bricks,Mossy Verdant Bricks,decoration/building block,Create Deco block,,
createdeco,createdeco:netherite_coin,Netherite Coin,decoration/building block,Create Deco block,,
createdeco,createdeco:netherite_coinstack,NetheriteCoin Stack Block,decoration/building block,Create Deco block,,
createdeco,createdeco:netherite_nugget,Netherite Nugget,crafting material,metal,,
createdeco,createdeco:orange_placard,Orange Placard,decoration/building block,Create Deco block,,
createdeco,createdeco:orange_shipping_container,Orange Shipping Container,storage/logistics,dyed item vault,,craft Crafting 20
createdeco,createdeco:pearl_brick_slab,Pearl Brick Slab,decoration/building block,Create Deco block,,
createdeco,createdeco:pearl_brick_stairs,Pearl Brick Stairs,decoration/building block,Create Deco block,,
createdeco,createdeco:pearl_brick_wall,Pearl Brick Wall,decoration/building block,Create Deco block,,
createdeco,createdeco:pearl_bricks,Pearl Bricks,decoration/building block,Create Deco block,,
createdeco,createdeco:pink_placard,Pink Placard,decoration/building block,Create Deco block,,
createdeco,createdeco:pink_shipping_container,Pink Shipping Container,storage/logistics,dyed item vault,,craft Crafting 20
createdeco,createdeco:purple_placard,Purple Placard,decoration/building block,Create Deco block,,
createdeco,createdeco:purple_shipping_container,Purple Shipping Container,storage/logistics,dyed item vault,,craft Crafting 20
createdeco,createdeco:red_andesite_lamp,Red Andesite Cage Lamp,light source,lamp,,
createdeco,createdeco:red_brass_lamp,Red Brass Cage Lamp,light source,lamp,,
createdeco,createdeco:red_copper_lamp,Red Copper Cage Lamp,light source,lamp,,
createdeco,createdeco:red_industrial_iron_lamp,Red Industrial Iron Cage Lamp,light source,lamp,,
createdeco,createdeco:red_iron_lamp,Red Iron Cage Lamp,light source,lamp,,
createdeco,createdeco:red_placard,Red Placard,decoration/building block,Create Deco block,,
createdeco,createdeco:red_shipping_container,Red Shipping Container,storage/logistics,dyed item vault,,craft Crafting 20
createdeco,createdeco:red_zinc_lamp,Red Zinc Cage Lamp,light source,lamp,,
createdeco,createdeco:scarlet_brick_slab,Scarlet Brick Slab,decoration/building block,Create Deco block,,
createdeco,createdeco:scarlet_brick_stairs,Scarlet Brick Stairs,decoration/building block,Create Deco block,,
createdeco,createdeco:scarlet_brick_wall,Scarlet Brick Wall,decoration/building block,Create Deco block,,
createdeco,createdeco:scarlet_bricks,Scarlet Bricks,decoration/building block,Create Deco block,,
createdeco,createdeco:short_blue_brick_slab,Short Blue Brick Slab,decoration/building block,Create Deco block,,
createdeco,createdeco:short_blue_brick_stairs,Short Blue Brick Stairs,decoration/building block,Create Deco block,,
createdeco,createdeco:short_blue_brick_wall,Short Blue Brick Wall,decoration/building block,Create Deco block,,
createdeco,createdeco:short_blue_bricks,Short Blue Bricks,decoration/building block,Create Deco block,,
createdeco,createdeco:short_dean_brick_slab,Short Dean Brick Slab,decoration/building block,Create Deco block,,
createdeco,createdeco:short_dean_brick_stairs,Short Dean Brick Stairs,decoration/building block,Create Deco block,,
createdeco,createdeco:short_dean_brick_wall,Short Dean Brick Wall,decoration/building block,Create Deco block,,
createdeco,createdeco:short_dean_bricks,Short Dean Bricks,decoration/building block,Create Deco block,,
createdeco,createdeco:short_dusk_brick_slab,Short Dusk Brick Slab,decoration/building block,Create Deco block,,
createdeco,createdeco:short_dusk_brick_stairs,Short Dusk Brick Stairs,decoration/building block,Create Deco block,,
createdeco,createdeco:short_dusk_brick_wall,Short Dusk Brick Wall,decoration/building block,Create Deco block,,
createdeco,createdeco:short_dusk_bricks,Short Dusk Bricks,decoration/building block,Create Deco block,,
createdeco,createdeco:short_pearl_brick_slab,Short Pearl Brick Slab,decoration/building block,Create Deco block,,
createdeco,createdeco:short_pearl_brick_stairs,Short Pearl Brick Stairs,decoration/building block,Create Deco block,,
createdeco,createdeco:short_pearl_brick_wall,Short Pearl Brick Wall,decoration/building block,Create Deco block,,
createdeco,createdeco:short_pearl_bricks,Short Pearl Bricks,decoration/building block,Create Deco block,,
createdeco,createdeco:short_red_brick_slab,Short Red Brick Slab,decoration/building block,Create Deco block,,
createdeco,createdeco:short_red_brick_stairs,Short Red Brick Stairs,decoration/building block,Create Deco block,,
createdeco,createdeco:short_red_brick_wall,Short Red Brick Wall,decoration/building block,Create Deco block,,
createdeco,createdeco:short_red_bricks,Short Red Bricks,decoration/building block,Create Deco block,,
createdeco,createdeco:short_scarlet_brick_slab,Short Scarlet Brick Slab,decoration/building block,Create Deco block,,
createdeco,createdeco:short_scarlet_brick_stairs,Short Scarlet Brick Stairs,decoration/building block,Create Deco block,,
createdeco,createdeco:short_scarlet_brick_wall,Short Scarlet Brick Wall,decoration/building block,Create Deco block,,
createdeco,createdeco:short_scarlet_bricks,Short Scarlet Bricks,decoration/building block,Create Deco block,,
createdeco,createdeco:short_umber_brick_slab,Short Umber Brick Slab,decoration/building block,Create Deco block,,
createdeco,createdeco:short_umber_brick_stairs,Short Umber Brick Stairs,decoration/building block,Create Deco block,,
createdeco,createdeco:short_umber_brick_wall,Short Umber Brick Wall,decoration/building block,Create Deco block,,
createdeco,createdeco:short_umber_bricks,Short Umber Bricks,decoration/building block,Create Deco block,,
createdeco,createdeco:short_verdant_brick_slab,Short Verdant Brick Slab,decoration/building block,Create Deco block,,
createdeco,createdeco:short_verdant_brick_stairs,Short Verdant Brick Stairs,decoration/building block,Create Deco block,,
createdeco,createdeco:short_verdant_brick_wall,Short Verdant Brick Wall,decoration/building block,Create Deco block,,
createdeco,createdeco:short_verdant_bricks,Short Verdant Bricks,decoration/building block,Create Deco block,,
createdeco,createdeco:tiled_blue_brick_slab,Tiled Blue Brick Slab,decoration/building block,Create Deco block,,
createdeco,createdeco:tiled_blue_brick_stairs,Tiled Blue Brick Stairs,decoration/building block,Create Deco block,,
createdeco,createdeco:tiled_blue_brick_wall,Tiled Blue Brick Wall,decoration/building block,Create Deco block,,
createdeco,createdeco:tiled_blue_bricks,Tiled Blue Bricks,decoration/building block,Create Deco block,,
createdeco,createdeco:tiled_dean_brick_slab,Tiled Dean Brick Slab,decoration/building block,Create Deco block,,
createdeco,createdeco:tiled_dean_brick_stairs,Tiled Dean Brick Stairs,decoration/building block,Create Deco block,,
createdeco,createdeco:tiled_dean_brick_wall,Tiled Dean Brick Wall,decoration/building block,Create Deco block,,
createdeco,createdeco:tiled_dean_bricks,Tiled Dean Bricks,decoration/building block,Create Deco block,,
createdeco,createdeco:tiled_dusk_brick_slab,Tiled Dusk Brick Slab,decoration/building block,Create Deco block,,
createdeco,createdeco:tiled_dusk_brick_stairs,Tiled Dusk Brick Stairs,decoration/building block,Create Deco block,,
createdeco,createdeco:tiled_dusk_brick_wall,Tiled Dusk Brick Wall,decoration/building block,Create Deco block,,
createdeco,createdeco:tiled_dusk_bricks,Tiled Dusk Bricks,decoration/building block,Create Deco block,,
createdeco,createdeco:tiled_pearl_brick_slab,Tiled Pearl Brick Slab,decoration/building block,Create Deco block,,
createdeco,createdeco:tiled_pearl_brick_stairs,Tiled Pearl Brick Stairs,decoration/building block,Create Deco block,,
createdeco,createdeco:tiled_pearl_brick_wall,Tiled Pearl Brick Wall,decoration/building block,Create Deco block,,
createdeco,createdeco:tiled_pearl_bricks,Tiled Pearl Bricks,decoration/building block,Create Deco block,,
createdeco,createdeco:tiled_red_brick_slab,Tiled Red Brick Slab,decoration/building block,Create Deco block,,
createdeco,createdeco:tiled_red_brick_stairs,Tiled Red Brick Stairs,decoration/building block,Create Deco block,,
createdeco,createdeco:tiled_red_brick_wall,Tiled Red Brick Wall,decoration/building block,Create Deco block,,
createdeco,createdeco:tiled_red_bricks,Tiled Red Bricks,decoration/building block,Create Deco block,,
createdeco,createdeco:tiled_scarlet_brick_slab,Tiled Scarlet Brick Slab,decoration/building block,Create Deco block,,
createdeco,createdeco:tiled_scarlet_brick_stairs,Tiled Scarlet Brick Stairs,decoration/building block,Create Deco block,,
createdeco,createdeco:tiled_scarlet_brick_wall,Tiled Scarlet Brick Wall,decoration/building block,Create Deco block,,
createdeco,createdeco:tiled_scarlet_bricks,Tiled Scarlet Bricks,decoration/building block,Create Deco block,,
createdeco,createdeco:tiled_umber_brick_slab,Tiled Umber Brick Slab,decoration/building block,Create Deco block,,
createdeco,createdeco:tiled_umber_brick_stairs,Tiled Umber Brick Stairs,decoration/building block,Create Deco block,,
createdeco,createdeco:tiled_umber_brick_wall,Tiled Umber Brick Wall,decoration/building block,Create Deco block,,
createdeco,createdeco:tiled_umber_bricks,Tiled Umber Bricks,decoration/building block,Create Deco block,,
createdeco,createdeco:tiled_verdant_brick_slab,Tiled Verdant Brick Slab,decoration/building block,Create Deco block,,
createdeco,createdeco:tiled_verdant_brick_stairs,Tiled Verdant Brick Stairs,decoration/building block,Create Deco block,,
createdeco,createdeco:tiled_verdant_brick_wall,Tiled Verdant Brick Wall,decoration/building block,Create Deco block,,
createdeco,createdeco:tiled_verdant_bricks,Tiled Verdant Bricks,decoration/building block,Create Deco block,,
createdeco,createdeco:umber_brick_slab,Umber Brick Slab,decoration/building block,Create Deco block,,
createdeco,createdeco:umber_brick_stairs,Umber Brick Stairs,decoration/building block,Create Deco block,,
createdeco,createdeco:umber_brick_wall,Umber Brick Wall,decoration/building block,Create Deco block,,
createdeco,createdeco:umber_bricks,Umber Bricks,decoration/building block,Create Deco block,,
createdeco,createdeco:verdant_brick_slab,Verdant Brick Slab,decoration/building block,Create Deco block,,
createdeco,createdeco:verdant_brick_stairs,Verdant Brick Stairs,decoration/building block,Create Deco block,,
createdeco,createdeco:verdant_brick_wall,Verdant Brick Wall,decoration/building block,Create Deco block,,
createdeco,createdeco:verdant_bricks,Verdant Bricks,decoration/building block,Create Deco block,,
createdeco,createdeco:white_shipping_container,White Shipping Container,storage/logistics,dyed item vault,,craft Crafting 20
createdeco,createdeco:yellow_andesite_lamp,Yellow Andesite Cage Lamp,light source,lamp,,
createdeco,createdeco:yellow_brass_lamp,Yellow Brass Cage Lamp,light source,lamp,,
createdeco,createdeco:yellow_copper_lamp,Yellow Copper Cage Lamp,light source,lamp,,
createdeco,createdeco:yellow_industrial_iron_lamp,Yellow Industrial Iron Cage Lamp,light source,lamp,,
createdeco,createdeco:yellow_iron_lamp,Yellow Iron Cage Lamp,light source,lamp,,
createdeco,createdeco:yellow_placard,Yellow Placard,decoration/building block,Create Deco block,,
createdeco,createdeco:yellow_shipping_container,Yellow Shipping Container,storage/logistics,dyed item vault,,craft Crafting 20
createdeco,createdeco:yellow_zinc_lamp,Yellow Zinc Cage Lamp,light source,lamp,,
createdeco,createdeco:zinc_bars,Zinc Bars,decoration/building block,Create Deco block,,
createdeco,createdeco:zinc_bars_overlay,Zinc Bars Overlay,decoration/building block,Create Deco block,,
createdeco,createdeco:zinc_catwalk,Zinc Catwalk,decoration/building block,Create Deco block,,
createdeco,createdeco:zinc_catwalk_railing,Zinc Catwalk Railing,decoration/building block,Create Deco block,,
createdeco,createdeco:zinc_catwalk_stairs,Zinc Catwalk Stairs,decoration/building block,Create Deco block,,
createdeco,createdeco:zinc_coin,Zinc Coin,decoration/building block,Create Deco block,,
createdeco,createdeco:zinc_coinstack,ZincCoin Stack Block,decoration/building block,Create Deco block,,
createdeco,createdeco:zinc_door,Zinc Door,decoration/building block,Create Deco block,,
createdeco,createdeco:zinc_hull,Zinc Train Hull,decoration/building block,Create Deco block,,
createdeco,createdeco:zinc_ladder,Zinc Ladder,decoration/building block,Create Deco block,,
createdeco,createdeco:zinc_mesh_fence,Zinc Mesh Fence,decoration/building block,Create Deco block,,
createdeco,createdeco:zinc_sheet,Zinc Sheet,crafting material,metal,,
createdeco,createdeco:zinc_sheet_metal,Zinc Sheet Metal,decoration/building block,Create Deco block,,
createdeco,createdeco:zinc_support,Zinc Support,decoration/building block,Create Deco block,,
createdeco,createdeco:zinc_support_wedge,Zinc Support Wedge,decoration/building block,Create Deco block,,
createdeco,createdeco:zinc_trapdoor,Zinc Trapdoor,decoration/building block,Create Deco block,,
createdeco,createdeco:zinc_window,Zinc Window,decoration/building block,Create Deco block,,
createdeco,createdeco:zinc_window_pane,Zinc Window Pane,decoration/building block,Create Deco block,,
copycats,copycats:copycat_beam,Copycat Beam,decoration/building block,copycat block,,
copycats,copycats:copycat_block,Copycat Block,decoration/building block,copycat block,,
copycats,copycats:copycat_board,Copycat Board,decoration/building block,copycat block,,
copycats,copycats:copycat_box,Copycat Box,decoration/building block,copycat block,,
copycats,copycats:copycat_byte,Copycat Byte,decoration/building block,copycat block,,
copycats,copycats:copycat_byte_panel,Copycat Byte Panel,decoration/building block,copycat block,,
copycats,copycats:copycat_catwalk,Copycat Catwalk,decoration/building block,copycat block,,
copycats,copycats:copycat_cogwheel,Copycat Cogwheel,decoration/building block,copycat block,,
copycats,copycats:copycat_corner_slice,Copycat Corner Slice,decoration/building block,copycat block,,
copycats,copycats:copycat_door,Copycat Door,decoration/building block,copycat block,,
copycats,copycats:copycat_fence,Copycat Fence,decoration/building block,copycat block,,
copycats,copycats:copycat_fence_gate,Copycat Fence Gate,decoration/building block,copycat block,,
copycats,copycats:copycat_flat_pane,Copycat Flat Pane,decoration/building block,copycat block,,
copycats,copycats:copycat_fluid_pipe,Copycat Fluid Pipe,decoration/building block,copycat block,,
copycats,copycats:copycat_folding_door,Copycat Folding Door,decoration/building block,copycat block,,
copycats,copycats:copycat_ghost_block,Copycat Ghost Block,decoration/building block,copycat block,,
copycats,copycats:copycat_half_layer,Copycat Half Layer,decoration/building block,copycat block,,
copycats,copycats:copycat_half_panel,Copycat Half Panel,decoration/building block,copycat block,,
copycats,copycats:copycat_heavy_weighted_pressure_plate,Copycat Heavy Weighted Pressure Plate,decoration/building block,copycat block,,
copycats,copycats:copycat_iron_door,Copycat Iron Door,decoration/building block,copycat block,,
copycats,copycats:copycat_iron_trapdoor,Copycat Iron Trapdoor,decoration/building block,copycat block,,
copycats,copycats:copycat_ladder,Copycat Ladder,decoration/building block,copycat block,,
copycats,copycats:copycat_large_cogwheel,Copycat Large Cogwheel,decoration/building block,copycat block,,
copycats,copycats:copycat_layer,Copycat Layer,decoration/building block,copycat block,,
copycats,copycats:copycat_light_weighted_pressure_plate,Copycat Light Weighted Pressure Plate,decoration/building block,copycat block,,
copycats,copycats:copycat_pane,Copycat Pane,decoration/building block,copycat block,,
copycats,copycats:copycat_shaft,Copycat Shaft,decoration/building block,copycat block,,
copycats,copycats:copycat_slab,Copycat Slab,decoration/building block,copycat block,,
copycats,copycats:copycat_slice,Copycat Slice,decoration/building block,copycat block,,
copycats,copycats:copycat_sliding_door,Copycat Sliding Door,decoration/building block,copycat block,,
copycats,copycats:copycat_slope,Copycat Slope,decoration/building block,copycat block,,
copycats,copycats:copycat_slope_layer,Copycat Slope Layer,decoration/building block,copycat block,,
copycats,copycats:copycat_stacked_half_layer,Copycat Stacked Half Layer,decoration/building block,copycat block,,
copycats,copycats:copycat_stairs,Copycat Stairs,decoration/building block,copycat block,,
copycats,copycats:copycat_stone_button,Copycat Stone Button,decoration/building block,copycat block,,
copycats,copycats:copycat_stone_pressure_plate,Copycat Stone Pressure Plate,decoration/building block,copycat block,,
copycats,copycats:copycat_trapdoor,Copycat Trapdoor,decoration/building block,copycat block,,
copycats,copycats:copycat_vertical_half_layer,Copycat Vertical Half Layer,decoration/building block,copycat block,,
copycats,copycats:copycat_vertical_slice,Copycat Vertical Slice,decoration/building block,copycat block,,
copycats,copycats:copycat_vertical_slope,Copycat Vertical Slope,decoration/building block,copycat block,,
copycats,copycats:copycat_vertical_stairs,Copycat Vertical Stairs,decoration/building block,copycat block,,
copycats,copycats:copycat_vertical_step,Copycat Vertical Step,decoration/building block,copycat block,,
copycats,copycats:copycat_wall,Copycat Wall,decoration/building block,copycat block,,
copycats,copycats:copycat_wooden_button,Copycat Wooden Button,decoration/building block,copycat block,,
copycats,copycats:copycat_wooden_pressure_plate,Copycat Wooden Pressure Plate,decoration/building block,copycat block,,
createaddition,createaddition:alternator,Alternator,machine/automation,electricity,,
createaddition,createaddition:barbed_wire,Barbed Wire,utility block,defensive block,,craft Construction 25
createaddition,createaddition:bioethanol_bucket,Bucket of Biofuel,crafting material,electrical material,,
createaddition,createaddition:biomass,Biomass,crafting material,electrical material,,
createaddition,createaddition:biomass_pellet,Biomass Pellet,crafting material,electrical material,,
createaddition,createaddition:biomass_pellet_block,Biomass Pallet,decoration/building block,storage block,,
createaddition,createaddition:brass_rod,Brass Rod,crafting material,electrical material,,
createaddition,createaddition:cake_base,Cake Base,crafting material,electrical material,,
createaddition,createaddition:cake_base_baked,Baked Cake Base,crafting material,electrical material,,
createaddition,createaddition:capacitor,Capacitor,crafting material,electrical material,,craft Crafting 35
createaddition,createaddition:chocolate_cake,Chocolate Cake,food,cake,,
createaddition,createaddition:connector,Small Connector,machine/automation,electricity,,
createaddition,createaddition:copper_rod,Copper Rod,crafting material,electrical material,,
createaddition,createaddition:copper_spool,Copper Spool,crafting material,electrical material,,
createaddition,createaddition:copper_wire,Copper Wire,crafting material,electrical material,,
createaddition,createaddition:creative_energy,Creative Generator,technical/creative-only,"creative, debug or mod-internal",,
createaddition,createaddition:diamond_grit,Diamond Grit,crafting material,electrical material,,
createaddition,createaddition:diamond_grit_sandpaper,Diamond Grit Sandpaper,tool,tool,,
createaddition,createaddition:digital_adapter,Digital Adapter,technical/creative-only,electricity; unobtainable in this pack (JEI-hidden),,
createaddition,createaddition:electric_motor,Electric Motor,machine/automation,electricity,,
createaddition,createaddition:electrum_amulet,Pale Gold Amulet,tool,tool,,
createaddition,createaddition:electrum_block,Electrum Block,decoration/building block,storage block,,
createaddition,createaddition:electrum_ingot,Electrum Ingot,crafting material,electrical material,,
createaddition,createaddition:electrum_nugget,Electrum Nugget,crafting material,electrical material,,
createaddition,createaddition:electrum_rod,Electrum Rod,crafting material,electrical material,,
createaddition,createaddition:electrum_sheet,Electrum Sheet,crafting material,electrical material,,
createaddition,createaddition:electrum_spool,Electrum Spool,crafting material,electrical material,,
createaddition,createaddition:electrum_wire,Electrum Wire,crafting material,electrical material,,
createaddition,createaddition:festive_spool,Copper Spool with Festive Lights,light source,light,,
createaddition,createaddition:gold_rod,Gold Rod,crafting material,electrical material,,
createaddition,createaddition:gold_spool,Gold Spool,crafting material,electrical material,,
createaddition,createaddition:gold_wire,Gold Wire,crafting material,electrical material,,
createaddition,createaddition:honey_cake,Honey Cake,food,cake,,
createaddition,createaddition:iron_rod,Iron Rod,crafting material,electrical material,,
createaddition,createaddition:iron_wire,Iron Wire,crafting material,electrical material,,
createaddition,createaddition:large_connector,Large Connector,machine/automation,electricity,,
createaddition,createaddition:modular_accumulator,Accumulator,machine/automation,electricity,,
createaddition,createaddition:portable_energy_interface,Portable Energy Interface,machine/automation,electricity,,
createaddition,createaddition:redstone_relay,Redstone Relay,machine/automation,electricity,,
createaddition,createaddition:rolling_mill,Rolling Mill,machine/automation,electricity,,
createaddition,createaddition:seed_oil_bucket,Bucket of Seed Oil,crafting material,electrical material,,
createaddition,createaddition:small_light_connector,Small Connector With Light,light source,light,,
createaddition,createaddition:spool,Empty Spool,crafting material,electrical material,,
createaddition,createaddition:straw,Straw,crafting material,electrical material,,
createaddition,createaddition:tesla_coil,Tesla Coil,machine/automation,electricity,,
createaddition,createaddition:zinc_sheet,Zinc Sheet,crafting material,electrical material,,
create_enchantment_industry,create_enchantment_industry:blaze_enchanter,Blaze Enchanter,magic/enchanting,enchanting machine,craft: enchanting 35 (machine),
create_enchantment_industry,create_enchantment_industry:blaze_forger,Blaze Forger,magic/enchanting,enchanting machine,,craft Enchanting 55 (machine)
create_enchantment_industry,create_enchantment_industry:blazes_enchanting_handbook,Blaze's Enchanting Handbook,technical/creative-only,enchanting machine; unobtainable in this pack (JEI-hidden),,
create_enchantment_industry,create_enchantment_industry:classic_blaze_enchanter,Classic Blaze Enchanter,technical/creative-only,enchanting machine; unobtainable in this pack (JEI-hidden),craft: enchanting 35 (machine),
create_enchantment_industry,create_enchantment_industry:enchanting_template,Enchanting Template,crafting material,enchanting material,,
create_enchantment_industry,create_enchantment_industry:experience_bucket,Bucket o' Enchanting,crafting material,enchanting material,,
create_enchantment_industry,create_enchantment_industry:experience_cake,Cake o' Enchanting,food,experience cake,,
create_enchantment_industry,create_enchantment_industry:experience_cake_base,Cake Base o' Enchanting,food,experience cake,,
create_enchantment_industry,create_enchantment_industry:experience_cake_slice,Cake Slice o' Enchanting,food,experience cake,,
create_enchantment_industry,create_enchantment_industry:experience_hatch,Experience Hatch,magic/enchanting,enchanting machine,,
create_enchantment_industry,create_enchantment_industry:experience_lantern,Experience Lantern,magic/enchanting,enchanting machine,,craft Enchanting 25
create_enchantment_industry,create_enchantment_industry:grindstone_drain,Grindstone Drain,technical/creative-only,enchanting machine; unobtainable in this pack (JEI-hidden),,
create_enchantment_industry,create_enchantment_industry:mechanical_grindstone,Mechanical Grindstone,magic/enchanting,enchanting machine,,craft Enchanting 20 (machine)
create_enchantment_industry,create_enchantment_industry:printer,Printer,magic/enchanting,enchanting machine,craft: enchanting 50 (machine),
create_enchantment_industry,create_enchantment_industry:super_enchanting_template,Super Enchanting Template,crafting material,enchanting material,,
create_enchantment_industry,create_enchantment_industry:super_experience_block,Block of Super Experience,crafting material,enchanting material,,
create_enchantment_industry,create_enchantment_industry:super_experience_nugget,Nugget of Super Experience,crafting material,enchanting material,,
create_dragons_plus,create_dragons_plus:black_dye_bucket,Black Dye Bucket,crafting material,fluid bucket,,
create_dragons_plus,create_dragons_plus:blaze_upgrade_smithing_template,Smithing Template,crafting material,smithing template,,
create_dragons_plus,create_dragons_plus:blue_dye_bucket,Blue Dye Bucket,crafting material,fluid bucket,,
create_dragons_plus,create_dragons_plus:brown_dye_bucket,Brown Dye Bucket,crafting material,fluid bucket,,
create_dragons_plus,create_dragons_plus:cyan_dye_bucket,Cyan Dye Bucket,crafting material,fluid bucket,,
create_dragons_plus,create_dragons_plus:dragon_breath_bucket,Dragon's Breath Bucket,crafting material,fluid bucket,,
create_dragons_plus,create_dragons_plus:fluid_hatch,Fluid Hatch,storage/logistics,fluid logistics,,
create_dragons_plus,create_dragons_plus:fragile_fluid_tank,Fragile Fluid Tank,storage/logistics,fluid logistics,,
create_dragons_plus,create_dragons_plus:gray_dye_bucket,Gray Dye Bucket,crafting material,fluid bucket,,
create_dragons_plus,create_dragons_plus:green_dye_bucket,Green Dye Bucket,crafting material,fluid bucket,,
create_dragons_plus,create_dragons_plus:levitite_fragile_fluid_tank,Levitite Fragile Fluid Tank,storage/logistics,fluid logistics,,
create_dragons_plus,create_dragons_plus:light_blue_dye_bucket,Light Blue Dye Bucket,crafting material,fluid bucket,,
create_dragons_plus,create_dragons_plus:light_gray_dye_bucket,Light Gray Dye Bucket,crafting material,fluid bucket,,
create_dragons_plus,create_dragons_plus:lime_dye_bucket,Lime Dye Bucket,crafting material,fluid bucket,,
create_dragons_plus,create_dragons_plus:magenta_dye_bucket,Magenta Dye Bucket,crafting material,fluid bucket,,
create_dragons_plus,create_dragons_plus:orange_dye_bucket,Orange Dye Bucket,crafting material,fluid bucket,,
create_dragons_plus,create_dragons_plus:pink_dye_bucket,Pink Dye Bucket,crafting material,fluid bucket,,
create_dragons_plus,create_dragons_plus:purple_dye_bucket,Purple Dye Bucket,crafting material,fluid bucket,,
create_dragons_plus,create_dragons_plus:rare_blaze_package,,decoration/building block,rare package,,
create_dragons_plus,create_dragons_plus:rare_marble_gate_package,,decoration/building block,rare package,,
create_dragons_plus,create_dragons_plus:red_dye_bucket,Red Dye Bucket,crafting material,fluid bucket,,
create_dragons_plus,create_dragons_plus:white_dye_bucket,White Dye Bucket,crafting material,fluid bucket,,
create_dragons_plus,create_dragons_plus:yellow_dye_bucket,Yellow Dye Bucket,crafting material,fluid bucket,,
createoreexcavation,createoreexcavation:diamond_drill,Diamond Drill,machine/automation,ore vein drilling,craft: mining 65 (machine),
createoreexcavation,createoreexcavation:drill,Iron Drill,machine/automation,ore vein drilling,craft: mining 50 (machine),
createoreexcavation,createoreexcavation:drilling_machine,Drilling Machine,machine/automation,ore vein drilling,,
createoreexcavation,createoreexcavation:extractor,Fluid Well Extractor,machine/automation,ore vein drilling,,
createoreexcavation,createoreexcavation:netherite_drill,Netherite Drill,machine/automation,ore vein drilling,craft: mining 80 (machine),
createoreexcavation,createoreexcavation:raw_diamond,Raw Diamond,technical/creative-only,raw ore from veins; unobtainable in this pack (JEI-hidden),,hardness 3 (Mining 30)
createoreexcavation,createoreexcavation:raw_emerald,Raw Emerald,technical/creative-only,raw ore from veins; unobtainable in this pack (JEI-hidden),,
createoreexcavation,createoreexcavation:raw_redstone,Raw Redstone,crafting material,raw ore from veins,,hardness 2 (Mining 20)
createoreexcavation,createoreexcavation:sample_drill,Sample Drill,machine/automation,ore vein drilling,,
createoreexcavation,createoreexcavation:vein_atlas,Ore Vein Atlas,tool,vein prospecting,,craft Mining 35
createoreexcavation,createoreexcavation:vein_finder,Ore Vein Finder,tool,vein prospecting,,craft Mining 35
createrailwaysnavigator,createrailwaysnavigator:advanced_display,Advanced Display Board,utility block,station display,,
createrailwaysnavigator,createrailwaysnavigator:advanced_display_block,Advanced Display Block,utility block,station display,,
createrailwaysnavigator,createrailwaysnavigator:advanced_display_half_panel,Half Advanced Display Panel,utility block,station display,,
createrailwaysnavigator,createrailwaysnavigator:advanced_display_panel,Advanced Display Panel,utility block,station display,,
createrailwaysnavigator,createrailwaysnavigator:advanced_display_slab,Advanced Display Slab,utility block,station display,,
createrailwaysnavigator,createrailwaysnavigator:advanced_display_sloped,Sloped Advanced Display,utility block,station display,,
createrailwaysnavigator,createrailwaysnavigator:advanced_display_small,Small Advanced Display,utility block,station display,,
createrailwaysnavigator,createrailwaysnavigator:navigator,Navigator,transport,train route planner,,
createrailwaysnavigator,createrailwaysnavigator:penalty_anchor,Penalty Anchor,utility block,station display,,
createrailwaysnavigator,createrailwaysnavigator:train_station_clock,Train Station Clock,utility block,station display,,
sliceanddice,sliceanddice:fertilizer_bucket,Bucket of Liquid Fertilizer,crafting material,fluid,,
sliceanddice,sliceanddice:floor_sprinkler,,machine/automation,Create farm/kitchen machine,,craft Farming 30 (machine)
sliceanddice,sliceanddice:slicer,Slicer,machine/automation,Create farm/kitchen machine,,craft Cooking 25 (machine)
sliceanddice,sliceanddice:sprinkler,Sprinkler,machine/automation,Create farm/kitchen machine,,craft Farming 30 (machine)
createbackpackupgrades,createbackpackupgrades:mixing_upgrade,Mixing Upgrade,storage/logistics,backpack upgrade,,craft Crafting 35
createbackpackupgrades,createbackpackupgrades:pressing_upgrade,Pressing Upgrade,storage/logistics,backpack upgrade,,craft Crafting 30
aeronautics,aeronautics:adjustable_burner,Hot Air Burner,transport,airship part,,
aeronautics,aeronautics:andesite_propeller,Andesite Propeller,transport,airship part,,
aeronautics,aeronautics:aviators_goggles,Aviator's Goggles,armour,goggles,,
aeronautics,aeronautics:black_envelope,Black Hot Air Envelope,transport,airship part,,
aeronautics,aeronautics:black_envelope_encased_shaft,Black Envelope Encased Shaft,technical/creative-only,placed form (JEI-hidden),,
aeronautics,aeronautics:blue_envelope,Blue Hot Air Envelope,transport,airship part,,
aeronautics,aeronautics:blue_envelope_encased_shaft,Blue Envelope Encased Shaft,technical/creative-only,placed form (JEI-hidden),,
aeronautics,aeronautics:brown_envelope,Brown Hot Air Envelope,transport,airship part,,
aeronautics,aeronautics:brown_envelope_encased_shaft,Brown Envelope Encased Shaft,technical/creative-only,placed form (JEI-hidden),,
aeronautics,aeronautics:cyan_envelope,Cyan Hot Air Envelope,transport,airship part,,
aeronautics,aeronautics:cyan_envelope_encased_shaft,Cyan Envelope Encased Shaft,technical/creative-only,placed form (JEI-hidden),,
aeronautics,aeronautics:end_stone_powder,End Stone Powder,crafting material,airship material,,
aeronautics,aeronautics:gray_envelope,Gray Hot Air Envelope,transport,airship part,,
aeronautics,aeronautics:gray_envelope_encased_shaft,Gray Envelope Encased Shaft,technical/creative-only,placed form (JEI-hidden),,
aeronautics,aeronautics:green_envelope,Green Hot Air Envelope,transport,airship part,,
aeronautics,aeronautics:green_envelope_encased_shaft,Green Envelope Encased Shaft,technical/creative-only,placed form (JEI-hidden),,
aeronautics,aeronautics:gyroscopic_propeller_bearing,Gyroscopic Propeller Bearing,transport,airship part,,
aeronautics,aeronautics:levitite,Levitite,crafting material,airship material,,
aeronautics,aeronautics:levitite_blend_bucket,Levitite Blend Bucket,crafting material,airship material,,
aeronautics,aeronautics:light_blue_envelope,Light Blue Hot Air Envelope,transport,airship part,,
aeronautics,aeronautics:light_blue_envelope_encased_shaft,Light Blue Envelope Encased Shaft,technical/creative-only,placed form (JEI-hidden),,
aeronautics,aeronautics:light_gray_envelope,Light Gray Hot Air Envelope,transport,airship part,,
aeronautics,aeronautics:light_gray_envelope_encased_shaft,Light Gray Envelope Encased Shaft,technical/creative-only,placed form (JEI-hidden),,
aeronautics,aeronautics:lime_envelope,Lime Hot Air Envelope,transport,airship part,,
aeronautics,aeronautics:lime_envelope_encased_shaft,Lime Envelope Encased Shaft,technical/creative-only,placed form (JEI-hidden),,
aeronautics,aeronautics:magenta_envelope,Magenta Hot Air Envelope,transport,airship part,,
aeronautics,aeronautics:magenta_envelope_encased_shaft,Magenta Envelope Encased Shaft,technical/creative-only,placed form (JEI-hidden),,
aeronautics,aeronautics:mounted_potato_cannon,Mounted Potato Cannon,weapon,ship cannon,,place Ranged 30
aeronautics,aeronautics:music_disc_cloud_skipper,Music Disc,decoration/building block,music disc,,
aeronautics,aeronautics:orange_envelope,Orange Hot Air Envelope,transport,airship part,,
aeronautics,aeronautics:orange_envelope_encased_shaft,Orange Envelope Encased Shaft,technical/creative-only,placed form (JEI-hidden),,
aeronautics,aeronautics:pearlescent_levitite,Pearlescent Levitite,crafting material,airship material,,
aeronautics,aeronautics:pink_envelope,Pink Hot Air Envelope,transport,airship part,,
aeronautics,aeronautics:pink_envelope_encased_shaft,Pink Envelope Encased Shaft,technical/creative-only,placed form (JEI-hidden),,
aeronautics,aeronautics:propeller_bearing,Propeller Bearing,transport,airship part,,
aeronautics,aeronautics:purple_envelope,Purple Hot Air Envelope,transport,airship part,,
aeronautics,aeronautics:purple_envelope_encased_shaft,Purple Envelope Encased Shaft,technical/creative-only,placed form (JEI-hidden),,
aeronautics,aeronautics:red_envelope,Red Hot Air Envelope,transport,airship part,,
aeronautics,aeronautics:red_envelope_encased_shaft,Red Envelope Encased Shaft,technical/creative-only,placed form (JEI-hidden),,
aeronautics,aeronautics:smart_propeller,Smart Propeller,transport,airship part,,
aeronautics,aeronautics:steam_vent,Steam Vent,transport,airship part,,
aeronautics,aeronautics:white_envelope,Hot Air Envelope,transport,airship part,,
aeronautics,aeronautics:white_envelope_encased_shaft,White Envelope Encased Shaft,technical/creative-only,placed form (JEI-hidden),,
aeronautics,aeronautics:wooden_propeller,Wooden Propeller,transport,airship part,,
aeronautics,aeronautics:yellow_envelope,Yellow Hot Air Envelope,transport,airship part,,
aeronautics,aeronautics:yellow_envelope_encased_shaft,Yellow Envelope Encased Shaft,technical/creative-only,placed form (JEI-hidden),,
simulated,simulated:altitude_sensor,Altitude Sensor,machine/automation,sensor / transmission,,
simulated,simulated:analog_transmission,Analog Transmission,machine/automation,sensor / transmission,,
simulated,simulated:auger_cog,Auger Cogwheel,transport,airship/contraption part,,
simulated,simulated:auger_shaft,Auger Shaft,transport,airship/contraption part,,
simulated,simulated:black_handle,Black Handle,transport,airship/contraption part,,
simulated,simulated:black_nameplate,Black Nameplate,transport,airship/contraption part,,
simulated,simulated:black_portable_engine,Black Portable Engine,transport,airship/contraption part,,
simulated,simulated:blue_handle,Blue Handle,transport,airship/contraption part,,
simulated,simulated:blue_nameplate,Blue Nameplate,transport,airship/contraption part,,
simulated,simulated:blue_portable_engine,Blue Portable Engine,transport,airship/contraption part,,
simulated,simulated:brown_handle,Brown Handle,transport,airship/contraption part,,
simulated,simulated:brown_nameplate,Brown Nameplate,transport,airship/contraption part,,
simulated,simulated:brown_portable_engine,Brown Portable Engine,transport,airship/contraption part,,
simulated,simulated:contraption_diagram,Contraption Diagram,crafting material,contraption material,,
simulated,simulated:copper_handle,Copper Handle,transport,airship/contraption part,,
simulated,simulated:creative_physics_staff,Creative Physics Staff,technical/creative-only,"creative, debug or mod-internal",,
simulated,simulated:cyan_handle,Cyan Handle,transport,airship/contraption part,,
simulated,simulated:cyan_nameplate,Cyan Nameplate,transport,airship/contraption part,,
simulated,simulated:cyan_portable_engine,Cyan Portable Engine,transport,airship/contraption part,,
simulated,simulated:directional_gearshift,Directional Gearshift,machine/automation,sensor / transmission,,
simulated,simulated:directional_linked_receiver,Directional Linked Receiver,machine/automation,sensor / transmission,,
simulated,simulated:docking_connector,Docking Connector,transport,airship/contraption part,,
simulated,simulated:engine_assembly,Engine Assembly,crafting material,contraption material,,
simulated,simulated:gimbal_sensor,Gimbal Sensor,machine/automation,sensor / transmission,,
simulated,simulated:gray_handle,Gray Handle,transport,airship/contraption part,,
simulated,simulated:gray_nameplate,Gray Nameplate,transport,airship/contraption part,,
simulated,simulated:gray_portable_engine,Gray Portable Engine,transport,airship/contraption part,,
simulated,simulated:green_handle,Green Handle,transport,airship/contraption part,,
simulated,simulated:green_nameplate,Green Nameplate,transport,airship/contraption part,,
simulated,simulated:green_portable_engine,Green Portable Engine,transport,airship/contraption part,,
simulated,simulated:gyroscopic_mechanism,Gyroscopic Mechanism,crafting material,contraption material,,
simulated,simulated:honey_glue,Honey Glue,crafting material,contraption material,,
simulated,simulated:incomplete_engine_assembly,Incomplete Engine Assembly,crafting material,contraption material,,
simulated,simulated:incomplete_gyroscopic_mechanism,Incomplete Gyroscopic Mechanism,crafting material,contraption material,,
simulated,simulated:iron_handle,Iron Handle,transport,airship/contraption part,,
simulated,simulated:laser_pointer,Laser Pointer,tool,pointer,,
simulated,simulated:laser_sensor,Laser Sensor,machine/automation,sensor / transmission,,
simulated,simulated:light_blue_handle,Light Blue Handle,transport,airship/contraption part,,
simulated,simulated:light_blue_nameplate,Light Blue Nameplate,transport,airship/contraption part,,
simulated,simulated:light_blue_portable_engine,Light Blue Portable Engine,transport,airship/contraption part,,
simulated,simulated:light_gray_handle,Light Gray Handle,transport,airship/contraption part,,
simulated,simulated:light_gray_nameplate,Light Gray Nameplate,transport,airship/contraption part,,
simulated,simulated:light_gray_portable_engine,Light Gray Portable Engine,transport,airship/contraption part,,
simulated,simulated:lime_handle,Lime Handle,transport,airship/contraption part,,
simulated,simulated:lime_nameplate,Lime Nameplate,transport,airship/contraption part,,
simulated,simulated:lime_portable_engine,Lime Portable Engine,transport,airship/contraption part,,
simulated,simulated:linked_typewriter,Linked Typewriter,machine/automation,sensor / transmission,,
simulated,simulated:magenta_handle,Magenta Handle,transport,airship/contraption part,,
simulated,simulated:magenta_nameplate,Magenta Nameplate,transport,airship/contraption part,,
simulated,simulated:magenta_portable_engine,Magenta Portable Engine,transport,airship/contraption part,,
simulated,simulated:modulating_linked_receiver,Modulating Linked Receiver,machine/automation,sensor / transmission,,
simulated,simulated:navigation_table,Navigation Table,transport,airship/contraption part,,
simulated,simulated:optical_sensor,Optical Sensor,machine/automation,sensor / transmission,,
simulated,simulated:orange_handle,Orange Handle,transport,airship/contraption part,,
simulated,simulated:orange_nameplate,Orange Nameplate,transport,airship/contraption part,,
simulated,simulated:orange_portable_engine,Orange Portable Engine,transport,airship/contraption part,,
simulated,simulated:physics_assembler,Physics Assembler,transport,airship/contraption part,,
simulated,simulated:pink_handle,Pink Handle,transport,airship/contraption part,,
simulated,simulated:pink_nameplate,Pink Nameplate,transport,airship/contraption part,,
simulated,simulated:pink_portable_engine,Pink Portable Engine,transport,airship/contraption part,,
simulated,simulated:plunger_launcher,Plunger Launcher,transport,airship/contraption part,,
simulated,simulated:purple_handle,Purple Handle,transport,airship/contraption part,,
simulated,simulated:purple_nameplate,Purple Nameplate,transport,airship/contraption part,,
simulated,simulated:purple_portable_engine,Purple Portable Engine,transport,airship/contraption part,,
simulated,simulated:red_handle,Red Handle,transport,airship/contraption part,,
simulated,simulated:red_nameplate,Red Nameplate,transport,airship/contraption part,,
simulated,simulated:red_portable_engine,Red Portable Engine,transport,airship/contraption part,,
simulated,simulated:redstone_accumulator,Redstone Accumulator,machine/automation,sensor / transmission,,
simulated,simulated:redstone_inductor,Redstone Inductor,machine/automation,sensor / transmission,,
simulated,simulated:redstone_magnet,Redstone Magnet,machine/automation,sensor / transmission,,
simulated,simulated:rope_connector,Rope Connector,transport,airship/contraption part,,
simulated,simulated:rope_coupling,Rope Coupling,transport,airship/contraption part,,
simulated,simulated:rope_winch,Rope Winch,transport,airship/contraption part,,
simulated,simulated:spring,Spring,transport,airship/contraption part,,
simulated,simulated:steering_wheel,Steering Wheel,transport,airship/contraption part,,
simulated,simulated:swivel_bearing,Swivel Bearing,transport,airship/contraption part,,
simulated,simulated:throttle_lever,Throttle Lever,transport,airship/contraption part,,
simulated,simulated:torsion_spring,Torsion Spring,transport,airship/contraption part,,
simulated,simulated:velocity_sensor,Velocity Sensor,machine/automation,sensor / transmission,,
simulated,simulated:white_handle,White Handle,transport,airship/contraption part,,
simulated,simulated:white_nameplate,White Nameplate,transport,airship/contraption part,,
simulated,simulated:white_portable_engine,White Portable Engine,transport,airship/contraption part,,
simulated,simulated:white_symmetric_sail,Symmetric Sail,transport,airship/contraption part,,
simulated,simulated:yellow_handle,Yellow Handle,transport,airship/contraption part,,
simulated,simulated:yellow_nameplate,Yellow Nameplate,transport,airship/contraption part,,
simulated,simulated:yellow_portable_engine,Yellow Portable Engine,transport,airship/contraption part,,
offroad,offroad:borehead_bearing,Borehead Bearing,machine/automation,tunnel borer,,craft Mining 40 (machine)
offroad,offroad:large_tire,Large Tire,transport,vehicle part,,
offroad,offroad:monstrous_tire,Monstrous Tire,transport,vehicle part,,
offroad,offroad:rockcutting_wheel,Rock Cutting Wheel,machine/automation,tunnel borer,,craft Mining 40 (machine)
offroad,offroad:small_tire,Small Tire,transport,vehicle part,,
offroad,offroad:tire,Tire,transport,vehicle part,,
offroad,offroad:wheel_mount,Wheel Mount,transport,vehicle part,,
sophisticatedbackpacks,sophisticatedbackpacks:advanced_alchemy_upgrade,Advanced Alchemy Upgrade,storage/logistics,backpack / upgrade,,craft Brewing 60
sophisticatedbackpacks,sophisticatedbackpacks:advanced_compacting_upgrade,Advanced Compacting Upgrade,storage/logistics,backpack / upgrade,,craft Crafting 45
sophisticatedbackpacks,sophisticatedbackpacks:advanced_deposit_upgrade,Advanced Deposit Upgrade,storage/logistics,backpack / upgrade,,craft Crafting 40
sophisticatedbackpacks,sophisticatedbackpacks:advanced_feeding_upgrade,Advanced Feeding upgrade,storage/logistics,backpack / upgrade,,craft Cooking 40
sophisticatedbackpacks,sophisticatedbackpacks:advanced_filter_upgrade,Advanced Filter Upgrade,storage/logistics,backpack / upgrade,,craft Crafting 30
sophisticatedbackpacks,sophisticatedbackpacks:advanced_jukebox_upgrade,Advanced Jukebox Upgrade,storage/logistics,backpack / upgrade,,
sophisticatedbackpacks,sophisticatedbackpacks:advanced_magnet_upgrade,Advanced Magnet Upgrade,storage/logistics,backpack / upgrade,,craft Crafting 45
sophisticatedbackpacks,sophisticatedbackpacks:advanced_mob_catcher_upgrade,Advanced Mob Catcher Upgrade,technical/creative-only,backpack / upgrade; unobtainable in this pack (JEI-hidden),,
sophisticatedbackpacks,sophisticatedbackpacks:advanced_pickup_upgrade,Advanced Pickup Upgrade,storage/logistics,backpack / upgrade,,craft Crafting 30
sophisticatedbackpacks,sophisticatedbackpacks:advanced_pump_upgrade,Advanced Pump Upgrade,technical/creative-only,backpack / upgrade; unobtainable in this pack (JEI-hidden),,
sophisticatedbackpacks,sophisticatedbackpacks:advanced_refill_upgrade,Advanced Refill Upgrade,storage/logistics,backpack / upgrade,,craft Crafting 40
sophisticatedbackpacks,sophisticatedbackpacks:advanced_restock_upgrade,Advanced Restock Upgrade,storage/logistics,backpack / upgrade,,craft Crafting 40
sophisticatedbackpacks,sophisticatedbackpacks:advanced_tool_swapper_upgrade,Advanced Tool Swapper Upgrade,storage/logistics,backpack / upgrade,,craft Crafting 40
sophisticatedbackpacks,sophisticatedbackpacks:advanced_void_upgrade,Advanced Void Upgrade,storage/logistics,backpack / upgrade,,craft Crafting 40
sophisticatedbackpacks,sophisticatedbackpacks:alchemy_upgrade,Alchemy Upgrade,storage/logistics,backpack / upgrade,,craft Brewing 45
sophisticatedbackpacks,sophisticatedbackpacks:anvil_upgrade,Anvil Upgrade,storage/logistics,backpack / upgrade,,craft Smithing 25
sophisticatedbackpacks,sophisticatedbackpacks:auto_blasting_upgrade,Auto-blasting Upgrade,storage/logistics,backpack / upgrade,,craft Smithing 45
sophisticatedbackpacks,sophisticatedbackpacks:auto_smelting_upgrade,Auto-smelting Upgrade,storage/logistics,backpack / upgrade,,craft Smithing 40
sophisticatedbackpacks,sophisticatedbackpacks:auto_smoking_upgrade,Auto-smoking Upgrade,storage/logistics,backpack / upgrade,,craft Cooking 40
sophisticatedbackpacks,sophisticatedbackpacks:backpack,Backpack,storage/logistics,backpack / upgrade,,
sophisticatedbackpacks,sophisticatedbackpacks:battery_upgrade,Battery Upgrade,technical/creative-only,backpack / upgrade; unobtainable in this pack (JEI-hidden),,
sophisticatedbackpacks,sophisticatedbackpacks:blasting_upgrade,Blasting Upgrade,storage/logistics,backpack / upgrade,,craft Smithing 25
sophisticatedbackpacks,sophisticatedbackpacks:compacting_upgrade,Compacting Upgrade,storage/logistics,backpack / upgrade,,craft Crafting 30
sophisticatedbackpacks,sophisticatedbackpacks:copper_backpack,Copper Backpack,storage/logistics,backpack / upgrade,,craft Crafting 10
sophisticatedbackpacks,sophisticatedbackpacks:crafting_upgrade,Crafting Upgrade,storage/logistics,backpack / upgrade,,craft Crafting 15
sophisticatedbackpacks,sophisticatedbackpacks:deposit_upgrade,Deposit Upgrade,storage/logistics,backpack / upgrade,,craft Crafting 20
sophisticatedbackpacks,sophisticatedbackpacks:diamond_backpack,Diamond Backpack,storage/logistics,backpack / upgrade,,craft Crafting 50
sophisticatedbackpacks,sophisticatedbackpacks:everlasting_upgrade,Everlasting Upgrade,storage/logistics,backpack / upgrade,,
sophisticatedbackpacks,sophisticatedbackpacks:feeding_upgrade,Feeding Upgrade,storage/logistics,backpack / upgrade,,craft Cooking 25
sophisticatedbackpacks,sophisticatedbackpacks:filter_upgrade,Filter Upgrade,storage/logistics,backpack / upgrade,,craft Crafting 5
sophisticatedbackpacks,sophisticatedbackpacks:gold_backpack,Gold Backpack,storage/logistics,backpack / upgrade,,craft Crafting 35
sophisticatedbackpacks,sophisticatedbackpacks:inception_upgrade,Inception Upgrade,technical/creative-only,backpack / upgrade; unobtainable in this pack (JEI-hidden),,
sophisticatedbackpacks,sophisticatedbackpacks:infinity_upgrade,Infinity Upgrade (Admin),technical/creative-only,backpack / upgrade; unobtainable in this pack (JEI-hidden),,
sophisticatedbackpacks,sophisticatedbackpacks:iron_backpack,Iron Backpack,storage/logistics,backpack / upgrade,,craft Crafting 20
sophisticatedbackpacks,sophisticatedbackpacks:jukebox_upgrade,Jukebox Upgrade,storage/logistics,backpack / upgrade,,
sophisticatedbackpacks,sophisticatedbackpacks:magnet_upgrade,Magnet Upgrade,storage/logistics,backpack / upgrade,,craft Crafting 30
sophisticatedbackpacks,sophisticatedbackpacks:mob_catcher_upgrade,Mob Catcher Upgrade,technical/creative-only,backpack / upgrade; unobtainable in this pack (JEI-hidden),,
sophisticatedbackpacks,sophisticatedbackpacks:netherite_backpack,Netherite Backpack,storage/logistics,backpack / upgrade,,craft Smithing 55
sophisticatedbackpacks,sophisticatedbackpacks:pickup_upgrade,Pickup Upgrade,storage/logistics,backpack / upgrade,,craft Crafting 5
sophisticatedbackpacks,sophisticatedbackpacks:pump_upgrade,Pump Upgrade,technical/creative-only,backpack / upgrade; unobtainable in this pack (JEI-hidden),,
sophisticatedbackpacks,sophisticatedbackpacks:refill_upgrade,Refill Upgrade,storage/logistics,backpack / upgrade,,craft Crafting 20
sophisticatedbackpacks,sophisticatedbackpacks:restock_upgrade,Restock Upgrade,storage/logistics,backpack / upgrade,,craft Crafting 20
sophisticatedbackpacks,sophisticatedbackpacks:smelting_upgrade,Smelting Upgrade,storage/logistics,backpack / upgrade,,craft Smithing 15
sophisticatedbackpacks,sophisticatedbackpacks:smithing_upgrade,Smithing Upgrade,storage/logistics,backpack / upgrade,,craft Smithing 50
sophisticatedbackpacks,sophisticatedbackpacks:smoking_upgrade,Smoking Upgrade,storage/logistics,backpack / upgrade,,craft Cooking 15
sophisticatedbackpacks,sophisticatedbackpacks:stack_downgrade_tier_1,Stack Downgrade Tier 1,storage/logistics,backpack / upgrade,,
sophisticatedbackpacks,sophisticatedbackpacks:stack_downgrade_tier_2,Stack Downgrade Tier 2,storage/logistics,backpack / upgrade,,
sophisticatedbackpacks,sophisticatedbackpacks:stack_downgrade_tier_3,Stack Downgrade Tier 3,storage/logistics,backpack / upgrade,,
sophisticatedbackpacks,sophisticatedbackpacks:stack_upgrade_omega_tier,Stack Upgrade Omega Tier,technical/creative-only,backpack / upgrade; unobtainable in this pack (JEI-hidden),,
sophisticatedbackpacks,sophisticatedbackpacks:stack_upgrade_starter_tier,Stack Upgrade Starter Tier,storage/logistics,backpack / upgrade,,craft Crafting 15
sophisticatedbackpacks,sophisticatedbackpacks:stack_upgrade_starter_tier_to_tier_1_conversion,Stack Upgrade Conversion: Starter Tier to Tier 1,storage/logistics,backpack / upgrade,,craft Crafting 25
sophisticatedbackpacks,sophisticatedbackpacks:stack_upgrade_starter_tier_to_tier_2_conversion,Stack Upgrade Conversion: Starter Tier to Tier 2,storage/logistics,backpack / upgrade,,craft Crafting 40
sophisticatedbackpacks,sophisticatedbackpacks:stack_upgrade_starter_tier_to_tier_3_conversion,Stack Upgrade Conversion: Starter Tier to Tier 3,technical/creative-only,backpack / upgrade; unobtainable in this pack (JEI-hidden),,
sophisticatedbackpacks,sophisticatedbackpacks:stack_upgrade_starter_tier_to_tier_4_conversion,Stack Upgrade Conversion: Starter Tier to Tier 4,technical/creative-only,backpack / upgrade; unobtainable in this pack (JEI-hidden),,
sophisticatedbackpacks,sophisticatedbackpacks:stack_upgrade_tier_1,Stack Upgrade Tier 1,storage/logistics,backpack / upgrade,,craft Crafting 25
sophisticatedbackpacks,sophisticatedbackpacks:stack_upgrade_tier_1_to_tier_2_conversion,Stack Upgrade Conversion: Tier 1 to Tier 2,storage/logistics,backpack / upgrade,,craft Crafting 40
sophisticatedbackpacks,sophisticatedbackpacks:stack_upgrade_tier_1_to_tier_3_conversion,Stack Upgrade Conversion: Tier 1 to Tier 3,technical/creative-only,backpack / upgrade; unobtainable in this pack (JEI-hidden),,
sophisticatedbackpacks,sophisticatedbackpacks:stack_upgrade_tier_1_to_tier_4_conversion,Stack Upgrade Conversion: Tier 1 to Tier 4,technical/creative-only,backpack / upgrade; unobtainable in this pack (JEI-hidden),,
sophisticatedbackpacks,sophisticatedbackpacks:stack_upgrade_tier_2,Stack Upgrade Tier 2,storage/logistics,backpack / upgrade,,craft Crafting 40
sophisticatedbackpacks,sophisticatedbackpacks:stack_upgrade_tier_2_to_tier_3_conversion,Stack Upgrade Conversion: Tier 2 to Tier 3,technical/creative-only,backpack / upgrade; unobtainable in this pack (JEI-hidden),,
sophisticatedbackpacks,sophisticatedbackpacks:stack_upgrade_tier_2_to_tier_4_conversion,Stack Upgrade Conversion: Tier 2 to Tier 4,technical/creative-only,backpack / upgrade; unobtainable in this pack (JEI-hidden),,
sophisticatedbackpacks,sophisticatedbackpacks:stack_upgrade_tier_3,Stack Upgrade Tier 3,technical/creative-only,backpack / upgrade; unobtainable in this pack (JEI-hidden),,
sophisticatedbackpacks,sophisticatedbackpacks:stack_upgrade_tier_3_to_tier_4_conversion,Stack Upgrade Conversion: Tier 3 to Tier 4,technical/creative-only,backpack / upgrade; unobtainable in this pack (JEI-hidden),,
sophisticatedbackpacks,sophisticatedbackpacks:stack_upgrade_tier_4,Stack Upgrade Tier 4,technical/creative-only,backpack / upgrade; unobtainable in this pack (JEI-hidden),,
sophisticatedbackpacks,sophisticatedbackpacks:stonecutter_upgrade,Stonecutter Upgrade,storage/logistics,backpack / upgrade,,craft Construction 10
sophisticatedbackpacks,sophisticatedbackpacks:survival_infinity_upgrade,Survival Infinity Upgrade,technical/creative-only,backpack / upgrade; unobtainable in this pack (JEI-hidden),,
sophisticatedbackpacks,sophisticatedbackpacks:tank_upgrade,Tank Upgrade,storage/logistics,backpack / upgrade,,craft Crafting 25
sophisticatedbackpacks,sophisticatedbackpacks:tool_swapper_upgrade,Tool Swapper Upgrade,storage/logistics,backpack / upgrade,,craft Crafting 25
sophisticatedbackpacks,sophisticatedbackpacks:upgrade_base,Upgrade Base,crafting material,upgrade base,,
sophisticatedbackpacks,sophisticatedbackpacks:void_upgrade,Void Upgrade,storage/logistics,backpack / upgrade,,craft Crafting 25
sophisticatedbackpacks,sophisticatedbackpacks:xp_pump_upgrade,Experience Pump Upgrade,storage/logistics,backpack / upgrade,,
sophisticatedcore,sophisticatedcore:ender_linker,Ender Linker,storage/logistics,linked storage,,craft Crafting 50
sophisticatedcore,sophisticatedcore:xp_bucket,Bucket of Experience,crafting material,fluid,,
waystones,waystones:attuned_shard,Attuned Shard,transport,teleport item,,
waystones,waystones:black_portstone,Black Portstone,transport,teleport block,,place Agility 35
waystones,waystones:black_sharestone,Black Sharestone,transport,teleport block,,place Agility 55
waystones,waystones:blackstone_waystone,Black Waystone,transport,teleport block,,place Agility 45
waystones,waystones:blank_scroll,Blank Scroll,transport,teleport item,,
waystones,waystones:blue_portstone,Blue Portstone,transport,teleport block,,place Agility 35
waystones,waystones:blue_sharestone,Blue Sharestone,transport,teleport block,,place Agility 55
waystones,waystones:bound_scroll,Bound Scroll,transport,teleport item,,
waystones,waystones:brown_portstone,Brown Portstone,transport,teleport block,,place Agility 35
waystones,waystones:brown_sharestone,Brown Sharestone,transport,teleport block,,place Agility 55
waystones,waystones:crumbling_attuned_shard,Crumbling Attuned Shard,transport,teleport item,,
waystones,waystones:cyan_portstone,Cyan Portstone,transport,teleport block,,place Agility 35
waystones,waystones:cyan_sharestone,Cyan Sharestone,transport,teleport block,,place Agility 55
waystones,waystones:deepslate_shard,Deepslate Shard,crafting material,waystone material,,
waystones,waystones:deepslate_waystone,Deepslate Waystone,transport,teleport block,,place Agility 45
waystones,waystones:dormant_shard,Dormant Shard,crafting material,waystone material,,
waystones,waystones:end_stone_waystone,Ender Waystone,transport,teleport block,,place Agility 45
waystones,waystones:epitaph,Epitaph,crafting material,waystone material,,
waystones,waystones:gray_portstone,Gray Portstone,transport,teleport block,,place Agility 35
waystones,waystones:gray_sharestone,Gray Sharestone,transport,teleport block,,place Agility 55
waystones,waystones:green_portstone,Green Portstone,transport,teleport block,,place Agility 35
waystones,waystones:green_sharestone,Green Sharestone,transport,teleport block,,place Agility 55
waystones,waystones:light_blue_portstone,Light Blue Portstone,transport,teleport block,,place Agility 35
waystones,waystones:light_blue_sharestone,Light Blue Sharestone,transport,teleport block,,place Agility 55
waystones,waystones:light_gray_portstone,Light Gray Portstone,transport,teleport block,,place Agility 35
waystones,waystones:light_gray_sharestone,Light Gray Sharestone,transport,teleport block,,place Agility 55
waystones,waystones:lime_portstone,Lime Portstone,transport,teleport block,,place Agility 35
waystones,waystones:lime_sharestone,Lime Sharestone,transport,teleport block,,place Agility 55
waystones,waystones:magenta_portstone,Magenta Portstone,transport,teleport block,,place Agility 35
waystones,waystones:magenta_sharestone,Magenta Sharestone,transport,teleport block,,place Agility 55
waystones,waystones:mossy_waystone,Mossy Waystone,transport,teleport block,,place Agility 45
waystones,waystones:mud_bricks_waystone,Muddy Waystone,transport,teleport block,,place Agility 45
waystones,waystones:orange_portstone,Orange Portstone,transport,teleport block,,place Agility 35
waystones,waystones:orange_sharestone,Orange Sharestone,transport,teleport block,,place Agility 55
waystones,waystones:pink_portstone,Pink Portstone,transport,teleport block,,place Agility 35
waystones,waystones:pink_sharestone,Pink Sharestone,transport,teleport block,,place Agility 55
waystones,waystones:portal_scroll,Portal Scroll,transport,teleport item,,craft Agility 40
waystones,waystones:prismarine_waystone,Prismarine Waystone,transport,teleport block,,place Agility 45
waystones,waystones:purple_portstone,Purple Portstone,transport,teleport block,,place Agility 35
waystones,waystones:purple_sharestone,Purple Sharestone,transport,teleport block,,place Agility 55
waystones,waystones:purpur_waystone,Purpur Waystone,transport,teleport block,,place Agility 45
waystones,waystones:red_nether_bricks_waystone,Nether Waystone,transport,teleport block,,place Agility 45
waystones,waystones:red_portstone,Red Portstone,transport,teleport block,,place Agility 35
waystones,waystones:red_sharestone,Red Sharestone,transport,teleport block,,place Agility 55
waystones,waystones:return_scroll,Return Scroll,transport,teleport item,,craft Agility 20
waystones,waystones:sandy_waystone,Sandy Waystone,transport,teleport block,,place Agility 45
waystones,waystones:twinbound_feather,Twinbound Feather,transport,teleport item,,
waystones,waystones:warp_dust,Warp Dust,crafting material,waystone material,,
waystones,waystones:warp_plate,Warp Plate,transport,teleport block,,place Agility 40
waystones,waystones:warp_scroll,Warp Scroll,transport,teleport item,,craft Agility 30
waystones,waystones:warp_stone,Warp Stone,transport,teleport item,,use Agility 50
waystones,waystones:waystone,Waystone,transport,teleport block,,place Agility 45
waystones,waystones:white_portstone,Portstone,transport,teleport block,,place Agility 35
waystones,waystones:yellow_portstone,Yellow Portstone,transport,teleport block,,place Agility 35
waystones,waystones:yellow_sharestone,Yellow Sharestone,transport,teleport block,,place Agility 55
relics,relics:chef_hat,Chef's Hat,magic/enchanting,relic (curio with abilities),,wear Cooking 20
relics,relics:chorus_staff,Chorus Staff,magic/enchanting,relic (curio with abilities),,use Agility 55
relics,relics:clot_of_time,Clot of Time,magic/enchanting,relic (curio with abilities),,use Agility 60
relics,relics:cooked_meatball,Cooked Meatball,food,relic food,,
relics,relics:cut_glass_boot,Cut Glass Boot,magic/enchanting,relic (curio with abilities),,wear Agility 30
relics,relics:experience_disperser,Experience Disperser,magic/enchanting,relic (curio with abilities),,wear Enchanting 25
relics,relics:ghostly_mantle,Ghostly Mantle,magic/enchanting,relic (curio with abilities),,wear Hitpoints 70
relics,relics:glitchy_mantle,Glitchy Mantle,magic/enchanting,relic (curio with abilities),,wear Agility 65
relics,relics:golden_tooth,Golden Tooth,crafting material,relic material,,
relics,relics:hunting_belt,Hunting Belt,magic/enchanting,relic (curio with abilities),,wear Strength 30
relics,relics:jellyfish_necklace,Jellyfish Necklace,magic/enchanting,relic (curio with abilities),,wear Hitpoints 35
relics,relics:kinetic_belt,Kinetic Belt,magic/enchanting,relic (curio with abilities),,wear Agility 45
relics,relics:leafy_mantle,Leafy Mantle,magic/enchanting,relic (curio with abilities),,wear Woodcutting 50
relics,relics:midnight_mantle,Midnight Mantle,magic/enchanting,relic (curio with abilities),,wear Strength 60
relics,relics:pet_bone,Pet Bone,crafting material,relic material,,
relics,relics:piglin_mask,Piglin Mask,magic/enchanting,relic (curio with abilities),,wear Defence 25
relics,relics:raw_meatball,Raw Meatball,food,relic food,,
relics,relics:reflective_necklace,Reflective Necklace,magic/enchanting,relic (curio with abilities),,wear Defence 45
relics,relics:relic_experience_bottle,Relic Experience Bottle,crafting material,relic material,,
relics,relics:rider_flute,Rider Flute,magic/enchanting,relic (curio with abilities),,use Agility 25
relics,relics:ring_of_the_seven_deadly_sins,Ring of the Seven Deadly Sins,magic/enchanting,relic (curio with abilities),,wear Strength 55
relics,relics:roller_skate,Roller Skate,magic/enchanting,relic (curio with abilities),,wear Agility 35
relics,relics:shield_of_retaliation,Shield of Retaliation,magic/enchanting,relic (curio with abilities),,use Defence 50
relics,relics:sphere_of_self_sacrifice,Sphere of Self-Sacrifice,magic/enchanting,relic (curio with abilities),,use Hitpoints 45
relics,relics:springy_boot,Springy Boot,magic/enchanting,relic (curio with abilities),,wear Agility 20
iceandfire,iceandfire:ambrosia,Ambrosia,food,Ice and Fire food,,
iceandfire,iceandfire:amphithere_arrow,Amphithere Arrow,technical/creative-only,Ice and Fire bow/arrow; unobtainable in this pack (JEI-hidden),,
iceandfire,iceandfire:amphithere_feather,Amphithere Feather,technical/creative-only,Ice and Fire material; unobtainable in this pack (JEI-hidden),,
iceandfire,iceandfire:amphithere_macuahuitl,Amphithere Macuahuitl,technical/creative-only,Ice and Fire weapon; unobtainable in this pack (JEI-hidden),,
iceandfire,iceandfire:amphithere_skull,Amphithere Skull,technical/creative-only,Ice and Fire material; unobtainable in this pack (JEI-hidden),,
iceandfire,iceandfire:armor_amethyst_boots,,armour,Ice and Fire armour,quest: wear needs q_ds_done (Dragon Slayer I),craft Crafting 60
iceandfire,iceandfire:armor_amethyst_chestplate,,armour,Ice and Fire armour,quest: wear needs q_ds_done (Dragon Slayer I),craft Crafting 60
iceandfire,iceandfire:armor_amethyst_helmet,,armour,Ice and Fire armour,quest: wear needs q_ds_done (Dragon Slayer I),craft Crafting 60
iceandfire,iceandfire:armor_amethyst_leggings,,armour,Ice and Fire armour,quest: wear needs q_ds_done (Dragon Slayer I),craft Crafting 60
iceandfire,iceandfire:armor_black_boots,,armour,Ice and Fire armour,quest: wear needs q_ds_done (Dragon Slayer I),craft Crafting 60
iceandfire,iceandfire:armor_black_chestplate,,armour,Ice and Fire armour,quest: wear needs q_ds_done (Dragon Slayer I),craft Crafting 60
iceandfire,iceandfire:armor_black_helmet,,armour,Ice and Fire armour,quest: wear needs q_ds_done (Dragon Slayer I),craft Crafting 60
iceandfire,iceandfire:armor_black_leggings,,armour,Ice and Fire armour,quest: wear needs q_ds_done (Dragon Slayer I),craft Crafting 60
iceandfire,iceandfire:armor_blue_boots,,armour,Ice and Fire armour,quest: wear needs q_ds_done (Dragon Slayer I),craft Crafting 60
iceandfire,iceandfire:armor_blue_chestplate,,armour,Ice and Fire armour,quest: wear needs q_ds_done (Dragon Slayer I),craft Crafting 60
iceandfire,iceandfire:armor_blue_helmet,,armour,Ice and Fire armour,quest: wear needs q_ds_done (Dragon Slayer I),craft Crafting 60
iceandfire,iceandfire:armor_blue_leggings,,armour,Ice and Fire armour,quest: wear needs q_ds_done (Dragon Slayer I),craft Crafting 60
iceandfire,iceandfire:armor_bronze_boots,,armour,Ice and Fire armour,quest: wear needs q_ds_done (Dragon Slayer I),craft Crafting 60
iceandfire,iceandfire:armor_bronze_chestplate,,armour,Ice and Fire armour,quest: wear needs q_ds_done (Dragon Slayer I),craft Crafting 60
iceandfire,iceandfire:armor_bronze_helmet,,armour,Ice and Fire armour,quest: wear needs q_ds_done (Dragon Slayer I),craft Crafting 60
iceandfire,iceandfire:armor_bronze_leggings,,armour,Ice and Fire armour,quest: wear needs q_ds_done (Dragon Slayer I),craft Crafting 60
iceandfire,iceandfire:armor_copper_boots,,armour,Ice and Fire armour,quest: wear needs q_ds_done (Dragon Slayer I),craft Crafting 60
iceandfire,iceandfire:armor_copper_chestplate,,armour,Ice and Fire armour,quest: wear needs q_ds_done (Dragon Slayer I),craft Crafting 60
iceandfire,iceandfire:armor_copper_helmet,,armour,Ice and Fire armour,quest: wear needs q_ds_done (Dragon Slayer I),craft Crafting 60
iceandfire,iceandfire:armor_copper_leggings,,armour,Ice and Fire armour,quest: wear needs q_ds_done (Dragon Slayer I),craft Crafting 60
iceandfire,iceandfire:armor_copper_metal_boots,Copper Boots,armour,Ice and Fire armour,,wear Defence 5
iceandfire,iceandfire:armor_copper_metal_chestplate,Copper Chestplate,armour,Ice and Fire armour,,wear Defence 5
iceandfire,iceandfire:armor_copper_metal_helmet,Copper Helmet,armour,Ice and Fire armour,,wear Defence 5
iceandfire,iceandfire:armor_copper_metal_leggings,Copper Leggings,armour,Ice and Fire armour,,wear Defence 5
iceandfire,iceandfire:armor_electric_boots,,armour,Ice and Fire armour,quest: wear needs q_ds_done (Dragon Slayer I),craft Crafting 60
iceandfire,iceandfire:armor_electric_chestplate,,armour,Ice and Fire armour,quest: wear needs q_ds_done (Dragon Slayer I),craft Crafting 60
iceandfire,iceandfire:armor_electric_helmet,,armour,Ice and Fire armour,quest: wear needs q_ds_done (Dragon Slayer I),craft Crafting 60
iceandfire,iceandfire:armor_electric_leggings,,armour,Ice and Fire armour,quest: wear needs q_ds_done (Dragon Slayer I),craft Crafting 60
iceandfire,iceandfire:armor_gray_boots,,armour,Ice and Fire armour,quest: wear needs q_ds_done (Dragon Slayer I),craft Crafting 60
iceandfire,iceandfire:armor_gray_chestplate,,armour,Ice and Fire armour,quest: wear needs q_ds_done (Dragon Slayer I),craft Crafting 60
iceandfire,iceandfire:armor_gray_helmet,,armour,Ice and Fire armour,quest: wear needs q_ds_done (Dragon Slayer I),craft Crafting 60
iceandfire,iceandfire:armor_gray_leggings,,armour,Ice and Fire armour,quest: wear needs q_ds_done (Dragon Slayer I),craft Crafting 60
iceandfire,iceandfire:armor_green_boots,,armour,Ice and Fire armour,quest: wear needs q_ds_done (Dragon Slayer I),craft Crafting 60
iceandfire,iceandfire:armor_green_chestplate,,armour,Ice and Fire armour,quest: wear needs q_ds_done (Dragon Slayer I),craft Crafting 60
iceandfire,iceandfire:armor_green_helmet,,armour,Ice and Fire armour,quest: wear needs q_ds_done (Dragon Slayer I),craft Crafting 60
iceandfire,iceandfire:armor_green_leggings,,armour,Ice and Fire armour,quest: wear needs q_ds_done (Dragon Slayer I),craft Crafting 60
iceandfire,iceandfire:armor_red_boots,,armour,Ice and Fire armour,quest: wear needs q_ds_done (Dragon Slayer I),craft Crafting 60
iceandfire,iceandfire:armor_red_chestplate,,armour,Ice and Fire armour,quest: wear needs q_ds_done (Dragon Slayer I),craft Crafting 60
iceandfire,iceandfire:armor_red_helmet,,armour,Ice and Fire armour,quest: wear needs q_ds_done (Dragon Slayer I),craft Crafting 60
iceandfire,iceandfire:armor_red_leggings,,armour,Ice and Fire armour,quest: wear needs q_ds_done (Dragon Slayer I),craft Crafting 60
iceandfire,iceandfire:armor_sapphire_boots,,armour,Ice and Fire armour,quest: wear needs q_ds_done (Dragon Slayer I),craft Crafting 60
iceandfire,iceandfire:armor_sapphire_chestplate,,armour,Ice and Fire armour,quest: wear needs q_ds_done (Dragon Slayer I),craft Crafting 60
iceandfire,iceandfire:armor_sapphire_helmet,,armour,Ice and Fire armour,quest: wear needs q_ds_done (Dragon Slayer I),craft Crafting 60
iceandfire,iceandfire:armor_sapphire_leggings,,armour,Ice and Fire armour,quest: wear needs q_ds_done (Dragon Slayer I),craft Crafting 60
iceandfire,iceandfire:armor_silver_boots,,armour,Ice and Fire armour,quest: wear needs q_ds_done (Dragon Slayer I),craft Crafting 60
iceandfire,iceandfire:armor_silver_chestplate,,armour,Ice and Fire armour,quest: wear needs q_ds_done (Dragon Slayer I),craft Crafting 60
iceandfire,iceandfire:armor_silver_helmet,,armour,Ice and Fire armour,quest: wear needs q_ds_done (Dragon Slayer I),craft Crafting 60
iceandfire,iceandfire:armor_silver_leggings,,armour,Ice and Fire armour,quest: wear needs q_ds_done (Dragon Slayer I),craft Crafting 60
iceandfire,iceandfire:armor_silver_metal_boots,Silver Boots,armour,Ice and Fire armour,,craft Smithing 20; wear Defence 20
iceandfire,iceandfire:armor_silver_metal_chestplate,Silver Chestplate,armour,Ice and Fire armour,,craft Smithing 20; wear Defence 20
iceandfire,iceandfire:armor_silver_metal_helmet,Silver Helmet,armour,Ice and Fire armour,,craft Smithing 20; wear Defence 20
iceandfire,iceandfire:armor_silver_metal_leggings,Silver Leggings,armour,Ice and Fire armour,,craft Smithing 20; wear Defence 20
iceandfire,iceandfire:armor_white_boots,,armour,Ice and Fire armour,quest: wear needs q_ds_done (Dragon Slayer I),craft Crafting 60
iceandfire,iceandfire:armor_white_chestplate,,armour,Ice and Fire armour,quest: wear needs q_ds_done (Dragon Slayer I),craft Crafting 60
iceandfire,iceandfire:armor_white_helmet,,armour,Ice and Fire armour,quest: wear needs q_ds_done (Dragon Slayer I),craft Crafting 60
iceandfire,iceandfire:armor_white_leggings,,armour,Ice and Fire armour,quest: wear needs q_ds_done (Dragon Slayer I),craft Crafting 60
iceandfire,iceandfire:ash,Ash,decoration/building block,default,,
iceandfire,iceandfire:banner_pattern_amphithere,Banner Pattern,technical/creative-only,"banner pattern, trophy or disc; unobtainable in this pack (JEI-hidden)",,
iceandfire,iceandfire:banner_pattern_bird,Banner Pattern,decoration/building block,"banner pattern, trophy or disc",,
iceandfire,iceandfire:banner_pattern_dread,Banner Pattern,technical/creative-only,"banner pattern, trophy or disc; unobtainable in this pack (JEI-hidden)",,
iceandfire,iceandfire:banner_pattern_eye,Banner Pattern,decoration/building block,"banner pattern, trophy or disc",,
iceandfire,iceandfire:banner_pattern_fae,Banner Pattern,decoration/building block,"banner pattern, trophy or disc",,
iceandfire,iceandfire:banner_pattern_feather,Banner Pattern,decoration/building block,"banner pattern, trophy or disc",,
iceandfire,iceandfire:banner_pattern_fire,Banner Pattern,decoration/building block,"banner pattern, trophy or disc",,
iceandfire,iceandfire:banner_pattern_fire_head,Banner Pattern,decoration/building block,"banner pattern, trophy or disc",,
iceandfire,iceandfire:banner_pattern_gorgon,Banner Pattern,technical/creative-only,"banner pattern, trophy or disc; unobtainable in this pack (JEI-hidden)",,
iceandfire,iceandfire:banner_pattern_hippocampus,Banner Pattern,technical/creative-only,"banner pattern, trophy or disc; unobtainable in this pack (JEI-hidden)",,
iceandfire,iceandfire:banner_pattern_hippogryph_head,Banner Pattern,technical/creative-only,"banner pattern, trophy or disc; unobtainable in this pack (JEI-hidden)",,
iceandfire,iceandfire:banner_pattern_ice,Banner Pattern,decoration/building block,"banner pattern, trophy or disc",,
iceandfire,iceandfire:banner_pattern_ice_head,Banner Pattern,decoration/building block,"banner pattern, trophy or disc",,
iceandfire,iceandfire:banner_pattern_lightning,Banner Pattern,decoration/building block,"banner pattern, trophy or disc",,
iceandfire,iceandfire:banner_pattern_lightning_head,Banner Pattern,decoration/building block,"banner pattern, trophy or disc",,
iceandfire,iceandfire:banner_pattern_mermaid,Banner Pattern,decoration/building block,"banner pattern, trophy or disc",,
iceandfire,iceandfire:banner_pattern_sea_serpent,Banner Pattern,technical/creative-only,"banner pattern, trophy or disc; unobtainable in this pack (JEI-hidden)",,
iceandfire,iceandfire:banner_pattern_troll,Banner Pattern,technical/creative-only,"banner pattern, trophy or disc; unobtainable in this pack (JEI-hidden)",,
iceandfire,iceandfire:banner_pattern_weezer,Banner Pattern,technical/creative-only,"banner pattern, trophy or disc; unobtainable in this pack (JEI-hidden)",,
iceandfire,iceandfire:bestiary,Bestiary,tool,Ice and Fire tool,,
iceandfire,iceandfire:blindfold,Blindfold,armour,Ice and Fire armour,,
iceandfire,iceandfire:burnt_torch,Burnt Out Torch,light source,torch,,
iceandfire,iceandfire:cannoli,§6Cannoli§r,food,Ice and Fire food,,
iceandfire,iceandfire:chain,Chain Line,tool,Ice and Fire tool,,
iceandfire,iceandfire:chain_link,,crafting material,default,,
iceandfire,iceandfire:chain_sticky,Sticky Chain Line,tool,Ice and Fire tool,,
iceandfire,iceandfire:chared_cobblestone,Charred Cobblestone,decoration/building block,default,,
iceandfire,iceandfire:chared_dirt,Charred Dirt,decoration/building block,default,,
iceandfire,iceandfire:chared_dirt_path,Charred Dirt Path,decoration/building block,default,,
iceandfire,iceandfire:chared_grass,Charred Grass,decoration/building block,default,,
iceandfire,iceandfire:chared_gravel,Charred Gravel,decoration/building block,default,,
iceandfire,iceandfire:chared_stone,Charred Stone,decoration/building block,default,,
iceandfire,iceandfire:cockatrice_eye,Cockatrice Eye,technical/creative-only,Ice and Fire material; unobtainable in this pack (JEI-hidden),,
iceandfire,iceandfire:cockatrice_scepter,Cockatrice Scepter,technical/creative-only,Ice and Fire weapon; unobtainable in this pack (JEI-hidden),,
iceandfire,iceandfire:cockatrice_skull,Cockatrice Skull,technical/creative-only,Ice and Fire material; unobtainable in this pack (JEI-hidden),,
iceandfire,iceandfire:cooked_rice_with_fire_dragon_meat,Fried Rice with Fire Dragon Flesh,food,Ice and Fire food,,craft Cooking 60
iceandfire,iceandfire:cooked_rice_with_ice_dragon_meat,Fried Rice with Ice Dragon Flesh,food,Ice and Fire food,,craft Cooking 60
iceandfire,iceandfire:cooked_rice_with_lightning_dragon_meat,Fried Rice with Lightning Dragon Flesh,food,Ice and Fire food,,craft Cooking 60
iceandfire,iceandfire:copper_axe,Copper Axe,tool,Ice and Fire tool,,hold Attack 5; use Woodcutting 5
iceandfire,iceandfire:copper_hoe,Copper Hoe,tool,Ice and Fire tool,,use Farming 5
iceandfire,iceandfire:copper_nugget,Copper Nugget,crafting material,Ice and Fire material,,
iceandfire,iceandfire:copper_pickaxe,Copper Pickaxe,tool,Ice and Fire tool,,use Mining 5
iceandfire,iceandfire:copper_pile,Pile of Copper,decoration/building block,default,,
iceandfire,iceandfire:copper_shovel,Copper Shovel,tool,Ice and Fire tool,,use Mining 5
iceandfire,iceandfire:copper_sword,Copper Sword,weapon,Ice and Fire weapon,,hold Attack 5
iceandfire,iceandfire:crackled_cobblestone,Crackled Cobblestone,decoration/building block,default,,
iceandfire,iceandfire:crackled_dirt,Crackled Dirt,decoration/building block,default,,
iceandfire,iceandfire:crackled_dirt_path,Crackled Dirt Path,decoration/building block,default,,
iceandfire,iceandfire:crackled_grass,Crackled Grass,decoration/building block,default,,
iceandfire,iceandfire:crackled_gravel,Crackled Gravel,decoration/building block,default,,
iceandfire,iceandfire:crackled_stone,Crackled Stone,decoration/building block,default,,
iceandfire,iceandfire:creative_dragon_meal,Creative Dragon Meal,technical/creative-only,"creative, debug or mod-internal",,
iceandfire,iceandfire:cyclops_eye,Eye of Cyclops,technical/creative-only,Ice and Fire material; unobtainable in this pack (JEI-hidden),,
iceandfire,iceandfire:cyclops_skull,Cyclops Skull,technical/creative-only,Ice and Fire material; unobtainable in this pack (JEI-hidden),,
iceandfire,iceandfire:deathworm_chitin_red,Red Death Worm Chitin,technical/creative-only,Ice and Fire material; unobtainable in this pack (JEI-hidden),,
iceandfire,iceandfire:deathworm_chitin_white,White Death Worm Chitin,technical/creative-only,Ice and Fire material; unobtainable in this pack (JEI-hidden),,
iceandfire,iceandfire:deathworm_chitin_yellow,Tan Death Worm Chitin,technical/creative-only,Ice and Fire material; unobtainable in this pack (JEI-hidden),,
iceandfire,iceandfire:deathworm_egg,Death Worm Egg,technical/creative-only,dragon husbandry / magic; unobtainable in this pack (JEI-hidden),,
iceandfire,iceandfire:deathworm_egg_giant,Giant Death Worm Egg,technical/creative-only,dragon husbandry / magic; unobtainable in this pack (JEI-hidden),,
iceandfire,iceandfire:deathworm_gauntlet_red,Death Worm Gauntlet,technical/creative-only,Ice and Fire armour; unobtainable in this pack (JEI-hidden),,
iceandfire,iceandfire:deathworm_gauntlet_white,Death Worm Gauntlet,technical/creative-only,Ice and Fire armour; unobtainable in this pack (JEI-hidden),,
iceandfire,iceandfire:deathworm_gauntlet_yellow,Death Worm Gauntlet,technical/creative-only,Ice and Fire armour; unobtainable in this pack (JEI-hidden),,
iceandfire,iceandfire:deathworm_red_boots,Red Death Worm Chitin Boots,technical/creative-only,Ice and Fire armour; unobtainable in this pack (JEI-hidden),,
iceandfire,iceandfire:deathworm_red_chestplate,Red Death Worm Chitin Chestplate,technical/creative-only,Ice and Fire armour; unobtainable in this pack (JEI-hidden),,
iceandfire,iceandfire:deathworm_red_helmet,Red Death Worm Chitin Helmet,technical/creative-only,Ice and Fire armour; unobtainable in this pack (JEI-hidden),,
iceandfire,iceandfire:deathworm_red_leggings,Red Death Worm Chitin Leggings,technical/creative-only,Ice and Fire armour; unobtainable in this pack (JEI-hidden),,
iceandfire,iceandfire:deathworm_tounge,Death Worm Tongue,technical/creative-only,Ice and Fire material; unobtainable in this pack (JEI-hidden),,
iceandfire,iceandfire:deathworm_white_boots,White Death Worm Chitin Boots,technical/creative-only,Ice and Fire armour; unobtainable in this pack (JEI-hidden),,
iceandfire,iceandfire:deathworm_white_chestplate,White Death Worm Chitin Chestplate,technical/creative-only,Ice and Fire armour; unobtainable in this pack (JEI-hidden),,
iceandfire,iceandfire:deathworm_white_helmet,White Death Worm Chitin Helmet,technical/creative-only,Ice and Fire armour; unobtainable in this pack (JEI-hidden),,
iceandfire,iceandfire:deathworm_white_leggings,White Death Worm Chitin Leggings,technical/creative-only,Ice and Fire armour; unobtainable in this pack (JEI-hidden),,
iceandfire,iceandfire:deathworm_yellow_boots,Tan Death Worm Chitin Boots,technical/creative-only,Ice and Fire armour; unobtainable in this pack (JEI-hidden),,
iceandfire,iceandfire:deathworm_yellow_chestplate,Tan Death Worm Chitin Chestplate,technical/creative-only,Ice and Fire armour; unobtainable in this pack (JEI-hidden),,
iceandfire,iceandfire:deathworm_yellow_helmet,Tan Death Worm Chitin Helmet,technical/creative-only,Ice and Fire armour; unobtainable in this pack (JEI-hidden),,
iceandfire,iceandfire:deathworm_yellow_leggings,Tan Death Worm Chitin Leggings,technical/creative-only,Ice and Fire armour; unobtainable in this pack (JEI-hidden),,
iceandfire,iceandfire:deepslate_silver_ore,Deepslate Silver Ore,crafting material,Ice and Fire material,,hardness 2 (Mining 20)
iceandfire,iceandfire:diamond_hippogryph_armor,Diamond Hippogryph Armor,technical/creative-only,default; unobtainable in this pack (JEI-hidden),,
iceandfire,iceandfire:dragon_bone_block,Block of Dragon Bones,decoration/building block,default,,
iceandfire,iceandfire:dragon_bone_wall,Dragon Bone Wall,decoration/building block,default,,
iceandfire,iceandfire:dragon_debug_stick,Dragon Debug Stick,technical/creative-only,"creative, debug or mod-internal",,
iceandfire,iceandfire:dragon_flute,Dragon Bone Flute,magic/enchanting,dragon husbandry / magic,,
iceandfire,iceandfire:dragon_horn,Dragon Horn,magic/enchanting,dragon husbandry / magic,,craft Crafting 45
iceandfire,iceandfire:dragon_ice,Dragon Ice,decoration/building block,default,,
iceandfire,iceandfire:dragon_ice_spikes,Dragon Ice Spikes,decoration/building block,"banner pattern, trophy or disc",,
iceandfire,iceandfire:dragon_meal,Dragon Meal,magic/enchanting,dragon husbandry / magic,,
iceandfire,iceandfire:dragon_seeker,Dragon Seeker,magic/enchanting,dragon husbandry / magic,,craft Crafting 45
iceandfire,iceandfire:dragon_skull_fire,Dragon Skull,decoration/building block,"banner pattern, trophy or disc",,
iceandfire,iceandfire:dragon_skull_ice,Dragon Skull,decoration/building block,"banner pattern, trophy or disc",,
iceandfire,iceandfire:dragon_skull_lightning,Dragon Skull,decoration/building block,"banner pattern, trophy or disc",,
iceandfire,iceandfire:dragon_stick,Dragon Command Staff,magic/enchanting,dragon husbandry / magic,,
iceandfire,iceandfire:dragonarmor_copper_body,,armour,armour for your dragon,,
iceandfire,iceandfire:dragonarmor_copper_head,,armour,armour for your dragon,,
iceandfire,iceandfire:dragonarmor_copper_neck,,armour,armour for your dragon,,
iceandfire,iceandfire:dragonarmor_copper_tail,,armour,armour for your dragon,,
iceandfire,iceandfire:dragonarmor_diamond_body,,armour,armour for your dragon,,
iceandfire,iceandfire:dragonarmor_diamond_head,,armour,armour for your dragon,,
iceandfire,iceandfire:dragonarmor_diamond_neck,,armour,armour for your dragon,,
iceandfire,iceandfire:dragonarmor_diamond_tail,,armour,armour for your dragon,,
iceandfire,iceandfire:dragonarmor_dragon_steel_fire_body,,armour,armour for your dragon,,
iceandfire,iceandfire:dragonarmor_dragon_steel_fire_head,,armour,armour for your dragon,,
iceandfire,iceandfire:dragonarmor_dragon_steel_fire_neck,,armour,armour for your dragon,,
iceandfire,iceandfire:dragonarmor_dragon_steel_fire_tail,,armour,armour for your dragon,,
iceandfire,iceandfire:dragonarmor_dragon_steel_ice_body,,armour,armour for your dragon,,
iceandfire,iceandfire:dragonarmor_dragon_steel_ice_head,,armour,armour for your dragon,,
iceandfire,iceandfire:dragonarmor_dragon_steel_ice_neck,,armour,armour for your dragon,,
iceandfire,iceandfire:dragonarmor_dragon_steel_ice_tail,,armour,armour for your dragon,,
iceandfire,iceandfire:dragonarmor_dragon_steel_lightning_body,,armour,armour for your dragon,,
iceandfire,iceandfire:dragonarmor_dragon_steel_lightning_head,,armour,armour for your dragon,,
iceandfire,iceandfire:dragonarmor_dragon_steel_lightning_neck,,armour,armour for your dragon,,
iceandfire,iceandfire:dragonarmor_dragon_steel_lightning_tail,,armour,armour for your dragon,,
iceandfire,iceandfire:dragonarmor_gold_body,,armour,armour for your dragon,,
iceandfire,iceandfire:dragonarmor_gold_head,,armour,armour for your dragon,,
iceandfire,iceandfire:dragonarmor_gold_neck,,armour,armour for your dragon,,
iceandfire,iceandfire:dragonarmor_gold_tail,,armour,armour for your dragon,,
iceandfire,iceandfire:dragonarmor_iron_body,,armour,armour for your dragon,,
iceandfire,iceandfire:dragonarmor_iron_head,,armour,armour for your dragon,,
iceandfire,iceandfire:dragonarmor_iron_neck,,armour,armour for your dragon,,
iceandfire,iceandfire:dragonarmor_iron_tail,,armour,armour for your dragon,,
iceandfire,iceandfire:dragonarmor_netherite_body,,armour,armour for your dragon,,
iceandfire,iceandfire:dragonarmor_netherite_head,,armour,armour for your dragon,,
iceandfire,iceandfire:dragonarmor_netherite_neck,,armour,armour for your dragon,,
iceandfire,iceandfire:dragonarmor_netherite_tail,,armour,armour for your dragon,,
iceandfire,iceandfire:dragonarmor_silver_body,,armour,armour for your dragon,,
iceandfire,iceandfire:dragonarmor_silver_head,,armour,armour for your dragon,,
iceandfire,iceandfire:dragonarmor_silver_neck,,armour,armour for your dragon,,
iceandfire,iceandfire:dragonarmor_silver_tail,,armour,armour for your dragon,,
iceandfire,iceandfire:dragonbone,Dragon Bone,crafting material,Ice and Fire material,,
iceandfire,iceandfire:dragonbone_arrow,Dragon Bone Arrow,weapon,Ice and Fire bow/arrow,,
iceandfire,iceandfire:dragonbone_axe,Dragon Bone Axe,tool,Ice and Fire tool,,craft Crafting 55; hold Attack 55; use Woodcutting 55
iceandfire,iceandfire:dragonbone_bow,Dragon Bone Bow,weapon,Ice and Fire bow/arrow,,craft Crafting 55; use Ranged 55
iceandfire,iceandfire:dragonbone_hoe,Dragon Bone Hoe,tool,Ice and Fire tool,,craft Crafting 55; use Farming 55
iceandfire,iceandfire:dragonbone_pickaxe,Dragon Bone Pickaxe,tool,Ice and Fire tool,,craft Crafting 55; use Mining 55
iceandfire,iceandfire:dragonbone_shovel,Dragon Bone Shovel,tool,Ice and Fire tool,,craft Crafting 55; use Mining 55
iceandfire,iceandfire:dragonbone_sword,Dragon Bone Sword,weapon,Ice and Fire weapon,,craft Crafting 55; hold Attack 55
iceandfire,iceandfire:dragonbone_sword_fire,Flamed Dragon Bone Sword,weapon,Ice and Fire weapon,,craft Crafting 60; hold Attack 60
iceandfire,iceandfire:dragonbone_sword_ice,Iced Dragon Bone Sword,weapon,Ice and Fire weapon,,craft Crafting 60; hold Attack 60
iceandfire,iceandfire:dragonbone_sword_lightning,Lightning Dragon Bone Sword,weapon,Ice and Fire weapon,,craft Crafting 60; hold Attack 60
iceandfire,iceandfire:dragonegg_amethyst,,magic/enchanting,dragon husbandry / magic,,use Farming 70
iceandfire,iceandfire:dragonegg_black,,magic/enchanting,dragon husbandry / magic,,use Farming 70
iceandfire,iceandfire:dragonegg_blue,,magic/enchanting,dragon husbandry / magic,,use Farming 70
iceandfire,iceandfire:dragonegg_bronze,,magic/enchanting,dragon husbandry / magic,,use Farming 70
iceandfire,iceandfire:dragonegg_copper,,magic/enchanting,dragon husbandry / magic,,use Farming 70
iceandfire,iceandfire:dragonegg_electric,,magic/enchanting,dragon husbandry / magic,,use Farming 70
iceandfire,iceandfire:dragonegg_gray,,magic/enchanting,dragon husbandry / magic,,use Farming 70
iceandfire,iceandfire:dragonegg_green,,magic/enchanting,dragon husbandry / magic,,use Farming 70
iceandfire,iceandfire:dragonegg_red,,magic/enchanting,dragon husbandry / magic,,use Farming 70
iceandfire,iceandfire:dragonegg_sapphire,,magic/enchanting,dragon husbandry / magic,,use Farming 70
iceandfire,iceandfire:dragonegg_silver,,magic/enchanting,dragon husbandry / magic,,use Farming 70
iceandfire,iceandfire:dragonegg_white,,magic/enchanting,dragon husbandry / magic,,use Farming 70
iceandfire,iceandfire:dragonforge_fire_brick,Dragonforge Fire Brick,machine/automation,dragonforge multiblock,,
iceandfire,iceandfire:dragonforge_fire_core,Dragonforge Fire Core,machine/automation,dragonforge multiblock,,
iceandfire,iceandfire:dragonforge_fire_core_disabled,Dragonforge Fire Core,machine/automation,dragonforge multiblock,,craft Smithing 70 (machine)
iceandfire,iceandfire:dragonforge_fire_input,Dragonforge Fire Aperture,machine/automation,dragonforge multiblock,,
iceandfire,iceandfire:dragonforge_ice_brick,Dragonforge Ice Brick,machine/automation,dragonforge multiblock,,
iceandfire,iceandfire:dragonforge_ice_core,Dragonforge Ice Core,machine/automation,dragonforge multiblock,,
iceandfire,iceandfire:dragonforge_ice_core_disabled,Dragonforge Ice Core,machine/automation,dragonforge multiblock,,craft Smithing 70 (machine)
iceandfire,iceandfire:dragonforge_ice_input,Dragonforge Ice Aperture,machine/automation,dragonforge multiblock,,
iceandfire,iceandfire:dragonforge_lightning_brick,Dragonforge Lightning Brick,machine/automation,dragonforge multiblock,,
iceandfire,iceandfire:dragonforge_lightning_core,Dragonforge Lightning Core,machine/automation,dragonforge multiblock,,
iceandfire,iceandfire:dragonforge_lightning_core_disabled,Dragonforge Lightning Core,machine/automation,dragonforge multiblock,,craft Smithing 70 (machine)
iceandfire,iceandfire:dragonforge_lightning_input,Dragonforge Lightning Aperture,machine/automation,dragonforge multiblock,,
iceandfire,iceandfire:dragonscale_amethyst,Block of Dragon Scales,decoration/building block,default,,
iceandfire,iceandfire:dragonscale_black,Block of Dragon Scales,decoration/building block,default,,
iceandfire,iceandfire:dragonscale_blue,Block of Dragon Scales,decoration/building block,default,,
iceandfire,iceandfire:dragonscale_bronze,Block of Dragon Scales,decoration/building block,default,,
iceandfire,iceandfire:dragonscale_copper,Block of Dragon Scales,decoration/building block,default,,
iceandfire,iceandfire:dragonscale_electric,Block of Dragon Scales,decoration/building block,default,,
iceandfire,iceandfire:dragonscale_gray,Block of Dragon Scales,decoration/building block,default,,
iceandfire,iceandfire:dragonscale_green,Block of Dragon Scales,decoration/building block,default,,
iceandfire,iceandfire:dragonscale_red,Block of Dragon Scales,decoration/building block,default,,
iceandfire,iceandfire:dragonscale_sapphire,Block of Dragon Scales,decoration/building block,default,,
iceandfire,iceandfire:dragonscale_silver,Block of Dragon Scales,decoration/building block,default,,
iceandfire,iceandfire:dragonscale_white,Block of Dragon Scales,decoration/building block,default,,
iceandfire,iceandfire:dragonscales_amethyst,,crafting material,Ice and Fire material,,
iceandfire,iceandfire:dragonscales_black,,crafting material,Ice and Fire material,,
iceandfire,iceandfire:dragonscales_blue,,crafting material,Ice and Fire material,,
iceandfire,iceandfire:dragonscales_bronze,,crafting material,Ice and Fire material,,
iceandfire,iceandfire:dragonscales_copper,,crafting material,Ice and Fire material,,
iceandfire,iceandfire:dragonscales_electric,,crafting material,Ice and Fire material,,
iceandfire,iceandfire:dragonscales_gray,,crafting material,Ice and Fire material,,
iceandfire,iceandfire:dragonscales_green,,crafting material,Ice and Fire material,,
iceandfire,iceandfire:dragonscales_red,,crafting material,Ice and Fire material,,
iceandfire,iceandfire:dragonscales_sapphire,,crafting material,Ice and Fire material,,
iceandfire,iceandfire:dragonscales_silver,,crafting material,Ice and Fire material,,
iceandfire,iceandfire:dragonscales_white,,crafting material,Ice and Fire material,,
iceandfire,iceandfire:dragonsteel_fire_axe,Fire Dragonsteel Axe,tool,Ice and Fire tool,,craft Smithing 80; hold Attack 75; use Woodcutting 75
iceandfire,iceandfire:dragonsteel_fire_block,Block of Fire Dragonsteel,decoration/building block,default,,
iceandfire,iceandfire:dragonsteel_fire_boots,Fire Dragonsteel Boots,armour,Ice and Fire armour,quest: wear needs q_ds_done (Dragon Slayer I),craft Smithing 80
iceandfire,iceandfire:dragonsteel_fire_chestplate,Fire Dragonsteel Chestplate,armour,Ice and Fire armour,quest: wear needs q_ds_done (Dragon Slayer I),craft Smithing 80
iceandfire,iceandfire:dragonsteel_fire_helmet,Fire Dragonsteel Helmet,armour,Ice and Fire armour,quest: wear needs q_ds_done (Dragon Slayer I),craft Smithing 80
iceandfire,iceandfire:dragonsteel_fire_hoe,Fire Dragonsteel Hoe,tool,Ice and Fire tool,,craft Smithing 80; use Farming 75
iceandfire,iceandfire:dragonsteel_fire_ingot,Fire Dragonsteel Ingot,crafting material,Ice and Fire material,,
iceandfire,iceandfire:dragonsteel_fire_leggings,Fire Dragonsteel Leggings,armour,Ice and Fire armour,quest: wear needs q_ds_done (Dragon Slayer I),craft Smithing 80
iceandfire,iceandfire:dragonsteel_fire_pickaxe,Fire Dragonsteel Pickaxe,tool,Ice and Fire tool,,craft Smithing 80; use Mining 75
iceandfire,iceandfire:dragonsteel_fire_shovel,Fire Dragonsteel Shovel,tool,Ice and Fire tool,,craft Smithing 80; use Mining 75
iceandfire,iceandfire:dragonsteel_fire_sword,Fire Dragonsteel Sword,weapon,Ice and Fire weapon,,craft Smithing 80; hold Attack 75
iceandfire,iceandfire:dragonsteel_ice_axe,Ice Dragonsteel Axe,tool,Ice and Fire tool,,craft Smithing 80; hold Attack 75; use Woodcutting 75
iceandfire,iceandfire:dragonsteel_ice_block,Block of Ice Dragonsteel,decoration/building block,default,,
iceandfire,iceandfire:dragonsteel_ice_boots,Ice Dragonsteel Boots,armour,Ice and Fire armour,quest: wear needs q_ds_done (Dragon Slayer I),craft Smithing 80
iceandfire,iceandfire:dragonsteel_ice_chestplate,Ice Dragonsteel Chestplate,armour,Ice and Fire armour,quest: wear needs q_ds_done (Dragon Slayer I),craft Smithing 80
iceandfire,iceandfire:dragonsteel_ice_helmet,Ice Dragonsteel Helmet,armour,Ice and Fire armour,quest: wear needs q_ds_done (Dragon Slayer I),craft Smithing 80
iceandfire,iceandfire:dragonsteel_ice_hoe,Ice Dragonsteel Hoe,tool,Ice and Fire tool,,craft Smithing 80; use Farming 75
iceandfire,iceandfire:dragonsteel_ice_ingot,Ice Dragonsteel Ingot,crafting material,Ice and Fire material,,
iceandfire,iceandfire:dragonsteel_ice_leggings,Ice Dragonsteel Leggings,armour,Ice and Fire armour,quest: wear needs q_ds_done (Dragon Slayer I),craft Smithing 80
iceandfire,iceandfire:dragonsteel_ice_pickaxe,Ice Dragonsteel Pickaxe,tool,Ice and Fire tool,,craft Smithing 80; use Mining 75
iceandfire,iceandfire:dragonsteel_ice_shovel,Ice Dragonsteel Shovel,tool,Ice and Fire tool,,craft Smithing 80; use Mining 75
iceandfire,iceandfire:dragonsteel_ice_sword,Ice Dragonsteel Sword,weapon,Ice and Fire weapon,,craft Smithing 80; hold Attack 75
iceandfire,iceandfire:dragonsteel_lightning_axe,Lightning Dragonsteel Axe,tool,Ice and Fire tool,,craft Smithing 80; hold Attack 75; use Woodcutting 75
iceandfire,iceandfire:dragonsteel_lightning_block,Block of Lightning Dragonsteel,decoration/building block,default,,
iceandfire,iceandfire:dragonsteel_lightning_boots,Lightning Dragonsteel Boots,armour,Ice and Fire armour,quest: wear needs q_ds_done (Dragon Slayer I),craft Smithing 80
iceandfire,iceandfire:dragonsteel_lightning_chestplate,Lightning Dragonsteel Chestplate,armour,Ice and Fire armour,quest: wear needs q_ds_done (Dragon Slayer I),craft Smithing 80
iceandfire,iceandfire:dragonsteel_lightning_helmet,Lightning Dragonsteel Helmet,armour,Ice and Fire armour,quest: wear needs q_ds_done (Dragon Slayer I),craft Smithing 80
iceandfire,iceandfire:dragonsteel_lightning_hoe,Lightning Dragonsteel Hoe,tool,Ice and Fire tool,,craft Smithing 80; use Farming 75
iceandfire,iceandfire:dragonsteel_lightning_ingot,Lightning Dragonsteel Ingot,crafting material,Ice and Fire material,,
iceandfire,iceandfire:dragonsteel_lightning_leggings,Lightning Dragonsteel Leggings,armour,Ice and Fire armour,quest: wear needs q_ds_done (Dragon Slayer I),craft Smithing 80
iceandfire,iceandfire:dragonsteel_lightning_pickaxe,Lightning Dragonsteel Pickaxe,tool,Ice and Fire tool,,craft Smithing 80; use Mining 75
iceandfire,iceandfire:dragonsteel_lightning_shovel,Lightning Dragonsteel Shovel,tool,Ice and Fire tool,,craft Smithing 80; use Mining 75
iceandfire,iceandfire:dragonsteel_lightning_sword,Lightning Dragonsteel Sword,weapon,Ice and Fire weapon,,craft Smithing 80; hold Attack 75
iceandfire,iceandfire:dread_key,§bGravemaster's Key§r,technical/creative-only,Ice and Fire material; unobtainable in this pack (JEI-hidden),,
iceandfire,iceandfire:dread_knight_sword,Dread Knight's Sword,technical/creative-only,Ice and Fire weapon; unobtainable in this pack (JEI-hidden),,
iceandfire,iceandfire:dread_queen_staff,Staff of the Dreaded Queen,technical/creative-only,Ice and Fire weapon; unobtainable in this pack (JEI-hidden),,
iceandfire,iceandfire:dread_queen_sword,Blade of the Dreaded Queen,technical/creative-only,Ice and Fire weapon; unobtainable in this pack (JEI-hidden),,
iceandfire,iceandfire:dread_shard,Dread Shard,technical/creative-only,Ice and Fire material; unobtainable in this pack (JEI-hidden),,
iceandfire,iceandfire:dread_spawner,Dreadstone Mob Spawner,technical/creative-only,Ice and Fire utility block; unobtainable in this pack (JEI-hidden),,
iceandfire,iceandfire:dread_stone,Dreadstone,technical/creative-only,default; unobtainable in this pack (JEI-hidden),,
iceandfire,iceandfire:dread_stone_bricks,Dreadstone Bricks,technical/creative-only,default; unobtainable in this pack (JEI-hidden),,
iceandfire,iceandfire:dread_stone_bricks_chiseled,Chiseled Dreadstone Bricks,technical/creative-only,default; unobtainable in this pack (JEI-hidden),,
iceandfire,iceandfire:dread_stone_bricks_cracked,Cracked Dreadstone Bricks,technical/creative-only,default; unobtainable in this pack (JEI-hidden),,
iceandfire,iceandfire:dread_stone_bricks_mossy,Mossy Dreadstone Bricks,technical/creative-only,default; unobtainable in this pack (JEI-hidden),,
iceandfire,iceandfire:dread_stone_face,Dreadstone Chiseled Skull,technical/creative-only,default; unobtainable in this pack (JEI-hidden),,
iceandfire,iceandfire:dread_stone_slab,Dreadstone Bricks Slab,technical/creative-only,default; unobtainable in this pack (JEI-hidden),,
iceandfire,iceandfire:dread_stone_stairs,Dreadstone Bricks Stairs,technical/creative-only,default; unobtainable in this pack (JEI-hidden),,
iceandfire,iceandfire:dread_stone_tile,Dreadstone Tile,technical/creative-only,default; unobtainable in this pack (JEI-hidden),,
iceandfire,iceandfire:dread_sword,Dread Thrall's Sword,technical/creative-only,Ice and Fire weapon; unobtainable in this pack (JEI-hidden),,
iceandfire,iceandfire:dread_torch,Dreadstone Torch,technical/creative-only,torch; unobtainable in this pack (JEI-hidden),,
iceandfire,iceandfire:dreadwood_leaves,Dreadwood Leaves,technical/creative-only,default; unobtainable in this pack (JEI-hidden),,
iceandfire,iceandfire:dreadwood_log,Dreadwood Log,technical/creative-only,default; unobtainable in this pack (JEI-hidden),,
iceandfire,iceandfire:dreadwood_planks,Dreadwood Planks,technical/creative-only,default; unobtainable in this pack (JEI-hidden),,
iceandfire,iceandfire:dreadwood_planks_lock,Dreadwood Keyhole,technical/creative-only,default; unobtainable in this pack (JEI-hidden),,
iceandfire,iceandfire:dreadwood_sapling,Dreadwood Sapling,technical/creative-only,default; unobtainable in this pack (JEI-hidden),,
iceandfire,iceandfire:earplugs,Earplugs,technical/creative-only,Ice and Fire armour; unobtainable in this pack (JEI-hidden),,
iceandfire,iceandfire:ectoplasm,Ectoplasm,technical/creative-only,Ice and Fire material; unobtainable in this pack (JEI-hidden),,
iceandfire,iceandfire:egginice,Frozen Dragon Egg,technical/creative-only,technical block,,
iceandfire,iceandfire:epic_dragon_seeker,Epic Dragon Seeker,magic/enchanting,dragon husbandry / magic,,craft Smithing 55
iceandfire,iceandfire:fire_dragon_blood,Fire Dragon Blood,crafting material,Ice and Fire material,,
iceandfire,iceandfire:fire_dragon_flesh,Fire Dragon Flesh,food,Ice and Fire food,,
iceandfire,iceandfire:fire_dragon_heart,Fire Dragon Heart,crafting material,Ice and Fire material,,
iceandfire,iceandfire:fire_lily,Fire Lily,decoration/building block,default,,
iceandfire,iceandfire:fire_stew,Fire Lily Mixture,food,Ice and Fire food,,
iceandfire,iceandfire:fishing_spear,Fishing Spear,tool,Ice and Fire tool,,
iceandfire,iceandfire:forest_troll_leather_boots,Forest Troll Leather Boots,technical/creative-only,Ice and Fire armour; unobtainable in this pack (JEI-hidden),,
iceandfire,iceandfire:forest_troll_leather_chestplate,Forest Troll Leather Chestplate,technical/creative-only,Ice and Fire armour; unobtainable in this pack (JEI-hidden),,
iceandfire,iceandfire:forest_troll_leather_helmet,Forest Troll Leather Helmet,technical/creative-only,Ice and Fire armour; unobtainable in this pack (JEI-hidden),,
iceandfire,iceandfire:forest_troll_leather_leggings,Forest Troll Leather Leggings,technical/creative-only,Ice and Fire armour; unobtainable in this pack (JEI-hidden),,
iceandfire,iceandfire:frost_lily,Frost Lily,decoration/building block,default,,
iceandfire,iceandfire:frost_stew,Frost Lily Mixture,food,Ice and Fire food,,
iceandfire,iceandfire:frost_troll_leather_boots,Frost Troll Leather Boots,technical/creative-only,Ice and Fire armour; unobtainable in this pack (JEI-hidden),,
iceandfire,iceandfire:frost_troll_leather_chestplate,Frost Troll Leather Chestplate,technical/creative-only,Ice and Fire armour; unobtainable in this pack (JEI-hidden),,
iceandfire,iceandfire:frost_troll_leather_helmet,Frost Troll Leather Helmet,technical/creative-only,Ice and Fire armour; unobtainable in this pack (JEI-hidden),,
iceandfire,iceandfire:frost_troll_leather_leggings,Frost Troll Leather Leggings,technical/creative-only,Ice and Fire armour; unobtainable in this pack (JEI-hidden),,
iceandfire,iceandfire:frozen_cobblestone,Frozen Cobblestone,decoration/building block,default,,
iceandfire,iceandfire:frozen_dirt,Frozen Dirt,decoration/building block,default,,
iceandfire,iceandfire:frozen_dirt_path,Frozen Dirt Path,decoration/building block,default,,
iceandfire,iceandfire:frozen_grass,Frozen Grass,decoration/building block,default,,
iceandfire,iceandfire:frozen_gravel,Frozen Gravel,decoration/building block,default,,
iceandfire,iceandfire:frozen_splinters,Frozen Splinters,decoration/building block,default,,
iceandfire,iceandfire:frozen_stone,Frozen Stone,decoration/building block,default,,
iceandfire,iceandfire:ghost_chest,Cursed Chest,technical/creative-only,Ice and Fire utility block; unobtainable in this pack (JEI-hidden),,
iceandfire,iceandfire:ghost_cream,Ghost Cream,technical/creative-only,Ice and Fire food; unobtainable in this pack (JEI-hidden),,
iceandfire,iceandfire:ghost_ingot,Phantasmal Ingot,technical/creative-only,Ice and Fire material; unobtainable in this pack (JEI-hidden),,
iceandfire,iceandfire:ghost_sword,Phantasmal Blade,technical/creative-only,Ice and Fire weapon; unobtainable in this pack (JEI-hidden),,
iceandfire,iceandfire:godly_dragon_seeker,Godly Dragon Seeker,magic/enchanting,dragon husbandry / magic,,
iceandfire,iceandfire:gold_hippogryph_armor,Gold Hippogryph Armor,technical/creative-only,default; unobtainable in this pack (JEI-hidden),,
iceandfire,iceandfire:gold_pile,Pile of Gold,decoration/building block,default,,
iceandfire,iceandfire:gorgon_head,Gorgon Head,technical/creative-only,dragon husbandry / magic; unobtainable in this pack (JEI-hidden),,
iceandfire,iceandfire:graveyard_soil,Graveyard Soil,decoration/building block,default,,
iceandfire,iceandfire:hippocampus_fin,Hippocampus Fin,technical/creative-only,Ice and Fire material; unobtainable in this pack (JEI-hidden),,
iceandfire,iceandfire:hippocampus_slapper,Hippocampus Slapper,technical/creative-only,Ice and Fire weapon; unobtainable in this pack (JEI-hidden),,
iceandfire,iceandfire:hippogryph_egg,Hippogryph Egg,technical/creative-only,dragon husbandry / magic; unobtainable in this pack (JEI-hidden),,
iceandfire,iceandfire:hippogryph_skull,Hippogryph Skull,technical/creative-only,Ice and Fire material; unobtainable in this pack (JEI-hidden),,
iceandfire,iceandfire:hippogryph_sword,Hippogryph Talon Sword,technical/creative-only,Ice and Fire weapon; unobtainable in this pack (JEI-hidden),,
iceandfire,iceandfire:hippogryph_talon,Hippogryph Talon,technical/creative-only,Ice and Fire material; unobtainable in this pack (JEI-hidden),,
iceandfire,iceandfire:hydra_arrow,Hydra Arrow,technical/creative-only,Ice and Fire bow/arrow; unobtainable in this pack (JEI-hidden),,
iceandfire,iceandfire:hydra_fang,Hydra Fang,technical/creative-only,Ice and Fire material; unobtainable in this pack (JEI-hidden),,
iceandfire,iceandfire:hydra_heart,Hydra Heart,technical/creative-only,Ice and Fire material; unobtainable in this pack (JEI-hidden),,
iceandfire,iceandfire:hydra_skull,Hydra Skull,technical/creative-only,Ice and Fire material; unobtainable in this pack (JEI-hidden),,
iceandfire,iceandfire:ice_dragon_blood,Ice Dragon Blood,crafting material,Ice and Fire material,,
iceandfire,iceandfire:ice_dragon_flesh,Ice Dragon Flesh,food,Ice and Fire food,,
iceandfire,iceandfire:ice_dragon_heart,Ice Dragon Heart,crafting material,Ice and Fire material,,
iceandfire,iceandfire:iron_hippogryph_armor,Iron Hippogryph Armor,technical/creative-only,default; unobtainable in this pack (JEI-hidden),,
iceandfire,iceandfire:lectern,Bestiary Lectern,utility block,Ice and Fire utility block,,
iceandfire,iceandfire:legendary_dragon_seeker,Legendary Dragon Seeker,magic/enchanting,dragon husbandry / magic,,craft Smithing 70
iceandfire,iceandfire:lich_staff,Dread Lich Staff,technical/creative-only,Ice and Fire weapon; unobtainable in this pack (JEI-hidden),,
iceandfire,iceandfire:lightning_dragon_blood,Lightning Dragon Blood,crafting material,Ice and Fire material,,
iceandfire,iceandfire:lightning_dragon_flesh,Lightning Dragon Flesh,food,Ice and Fire food,,
iceandfire,iceandfire:lightning_dragon_heart,Lightning Dragon Heart,crafting material,Ice and Fire material,,
iceandfire,iceandfire:lightning_lily,Lightning Lily,decoration/building block,default,,
iceandfire,iceandfire:lightning_stew,Lightning Lily Mixture,food,Ice and Fire food,,
iceandfire,iceandfire:manuscript,Manuscript,magic/enchanting,dragon husbandry / magic,,
iceandfire,iceandfire:mountain_troll_leather_boots,Mountain Troll Leather Boots,technical/creative-only,Ice and Fire armour; unobtainable in this pack (JEI-hidden),,
iceandfire,iceandfire:mountain_troll_leather_chestplate,Mountain Troll Leather Chestplate,technical/creative-only,Ice and Fire armour; unobtainable in this pack (JEI-hidden),,
iceandfire,iceandfire:mountain_troll_leather_helmet,Mountain Troll Leather Helmet,technical/creative-only,Ice and Fire armour; unobtainable in this pack (JEI-hidden),,
iceandfire,iceandfire:mountain_troll_leather_leggings,Mountain Troll Leather Leggings,technical/creative-only,Ice and Fire armour; unobtainable in this pack (JEI-hidden),,
iceandfire,iceandfire:nest,Dragon Nest,utility block,Ice and Fire utility block,,
iceandfire,iceandfire:netherite_hippogryph_armor,Netherite Hippogryph Armor,technical/creative-only,default; unobtainable in this pack (JEI-hidden),,
iceandfire,iceandfire:pixie_dust,Pixie Dust,technical/creative-only,Ice and Fire material; unobtainable in this pack (JEI-hidden),,
iceandfire,iceandfire:pixie_dust_milky_tea,Pixie Dust Milky Tea,technical/creative-only,Ice and Fire food; unobtainable in this pack (JEI-hidden),,
iceandfire,iceandfire:pixie_house_birch,Birch Pixie Hovel,technical/creative-only,Ice and Fire utility block; unobtainable in this pack (JEI-hidden),,
iceandfire,iceandfire:pixie_house_dark_oak,Dark Oak Pixie Hovel,technical/creative-only,Ice and Fire utility block; unobtainable in this pack (JEI-hidden),,
iceandfire,iceandfire:pixie_house_mushroom_brown,Brown Mushroom Pixie Hovel,technical/creative-only,Ice and Fire utility block; unobtainable in this pack (JEI-hidden),,
iceandfire,iceandfire:pixie_house_mushroom_red,Red Mushroom Pixie Hovel,technical/creative-only,Ice and Fire utility block; unobtainable in this pack (JEI-hidden),,
iceandfire,iceandfire:pixie_house_oak,Oak Pixie Hovel,technical/creative-only,Ice and Fire utility block; unobtainable in this pack (JEI-hidden),,
iceandfire,iceandfire:pixie_house_spruce,Spruce Pixie Hovel,technical/creative-only,Ice and Fire utility block; unobtainable in this pack (JEI-hidden),,
iceandfire,iceandfire:pixie_jar_0,Pink Pixie Jar,technical/creative-only,Ice and Fire utility block; unobtainable in this pack (JEI-hidden),,
iceandfire,iceandfire:pixie_jar_1,Purple Pixie Jar,technical/creative-only,Ice and Fire utility block; unobtainable in this pack (JEI-hidden),,
iceandfire,iceandfire:pixie_jar_2,Blue Pixie Jar,technical/creative-only,Ice and Fire utility block; unobtainable in this pack (JEI-hidden),,
iceandfire,iceandfire:pixie_jar_3,Green Pixie Jar,technical/creative-only,Ice and Fire utility block; unobtainable in this pack (JEI-hidden),,
iceandfire,iceandfire:pixie_jar_4,Yellow Pixie Jar,technical/creative-only,Ice and Fire utility block; unobtainable in this pack (JEI-hidden),,
iceandfire,iceandfire:pixie_jar_5,,technical/creative-only,Ice and Fire utility block; unobtainable in this pack (JEI-hidden),,
iceandfire,iceandfire:pixie_jar_empty,Jar,technical/creative-only,Ice and Fire utility block; unobtainable in this pack (JEI-hidden),,
iceandfire,iceandfire:pixie_wand,Pixie Wand,technical/creative-only,dragon husbandry / magic; unobtainable in this pack (JEI-hidden),,
iceandfire,iceandfire:pixie_wings,Pixie Wings,technical/creative-only,Ice and Fire armour; unobtainable in this pack (JEI-hidden),,
iceandfire,iceandfire:podium_acacia,Acacia Podium,utility block,Ice and Fire utility block,,
iceandfire,iceandfire:podium_birch,Birch Podium,utility block,Ice and Fire utility block,,
iceandfire,iceandfire:podium_dark_oak,Dark Oak Podium,utility block,Ice and Fire utility block,,
iceandfire,iceandfire:podium_jungle,Jungle Podium,utility block,Ice and Fire utility block,,
iceandfire,iceandfire:podium_oak,Oak Podium,utility block,Ice and Fire utility block,,
iceandfire,iceandfire:podium_spruce,Spruce Podium,utility block,Ice and Fire utility block,,
iceandfire,iceandfire:raw_silver,Raw Silver,crafting material,Ice and Fire material,,hardness 2 (Mining 20)
iceandfire,iceandfire:raw_silver_block,Raw Silver Block,crafting material,Ice and Fire material,,hardness 2 (Mining 20)
iceandfire,iceandfire:rotten_egg,Rotten Egg,food,Ice and Fire food,,
iceandfire,iceandfire:sapphire_block,Sapphire Block,decoration/building block,default,,hardness 3 (Mining 30)
iceandfire,iceandfire:sapphire_gem,Sapphire,crafting material,Ice and Fire material,,hardness 3 (Mining 30)
iceandfire,iceandfire:sapphire_ore,Sapphire Ore,crafting material,Ice and Fire material,,hardness 3 (Mining 30)
iceandfire,iceandfire:sea_serpent_arrow,Tide Arrow,technical/creative-only,Ice and Fire bow/arrow; unobtainable in this pack (JEI-hidden),,
iceandfire,iceandfire:sea_serpent_fang,Sea Serpent Fang,technical/creative-only,Ice and Fire material; unobtainable in this pack (JEI-hidden),,
iceandfire,iceandfire:sea_serpent_scale_block_blue,Block of Sea Serpent Scales,technical/creative-only,Ice and Fire material; unobtainable in this pack (JEI-hidden),,
iceandfire,iceandfire:sea_serpent_scale_block_bronze,Block of Sea Serpent Scales,technical/creative-only,Ice and Fire material; unobtainable in this pack (JEI-hidden),,
iceandfire,iceandfire:sea_serpent_scale_block_deepblue,Block of Sea Serpent Scales,technical/creative-only,Ice and Fire material; unobtainable in this pack (JEI-hidden),,
iceandfire,iceandfire:sea_serpent_scale_block_green,Block of Sea Serpent Scales,technical/creative-only,Ice and Fire material; unobtainable in this pack (JEI-hidden),,
iceandfire,iceandfire:sea_serpent_scale_block_purple,Block of Sea Serpent Scales,technical/creative-only,Ice and Fire material; unobtainable in this pack (JEI-hidden),,
iceandfire,iceandfire:sea_serpent_scale_block_red,Block of Sea Serpent Scales,technical/creative-only,Ice and Fire material; unobtainable in this pack (JEI-hidden),,
iceandfire,iceandfire:sea_serpent_scale_block_teal,Block of Sea Serpent Scales,technical/creative-only,Ice and Fire material; unobtainable in this pack (JEI-hidden),,
iceandfire,iceandfire:sea_serpent_scales_blue,Sea Serpent Scales,technical/creative-only,Ice and Fire material; unobtainable in this pack (JEI-hidden),,
iceandfire,iceandfire:sea_serpent_scales_bronze,Sea Serpent Scales,technical/creative-only,Ice and Fire material; unobtainable in this pack (JEI-hidden),,
iceandfire,iceandfire:sea_serpent_scales_deepblue,Sea Serpent Scales,technical/creative-only,Ice and Fire material; unobtainable in this pack (JEI-hidden),,
iceandfire,iceandfire:sea_serpent_scales_green,Sea Serpent Scales,technical/creative-only,Ice and Fire material; unobtainable in this pack (JEI-hidden),,
iceandfire,iceandfire:sea_serpent_scales_purple,Sea Serpent Scales,technical/creative-only,Ice and Fire material; unobtainable in this pack (JEI-hidden),,
iceandfire,iceandfire:sea_serpent_scales_red,Sea Serpent Scales,technical/creative-only,Ice and Fire material; unobtainable in this pack (JEI-hidden),,
iceandfire,iceandfire:sea_serpent_scales_teal,Sea Serpent Scales,technical/creative-only,Ice and Fire material; unobtainable in this pack (JEI-hidden),,
iceandfire,iceandfire:seaserpent_skull,Sea Serpent Skull,technical/creative-only,Ice and Fire material; unobtainable in this pack (JEI-hidden),,
iceandfire,iceandfire:sheep_boots,Sheep Disguise Boots,armour,Ice and Fire armour,,
iceandfire,iceandfire:sheep_chestplate,Sheep Disguise Chestplate,armour,Ice and Fire armour,,
iceandfire,iceandfire:sheep_helmet,Sheep Disguise Helmet,armour,Ice and Fire armour,,
iceandfire,iceandfire:sheep_leggings,Sheep Disguise Leggings,armour,Ice and Fire armour,,
iceandfire,iceandfire:shiny_scales,Shiny Scales,technical/creative-only,Ice and Fire material; unobtainable in this pack (JEI-hidden),,
iceandfire,iceandfire:sickly_dragon_meal,Sickly Dragon Meal,magic/enchanting,dragon husbandry / magic,,
iceandfire,iceandfire:silver_axe,Silver Axe,tool,Ice and Fire tool,,craft Smithing 20; hold Attack 20; use Woodcutting 20
iceandfire,iceandfire:silver_block,Silver Block,decoration/building block,default,,
iceandfire,iceandfire:silver_hoe,Silver Hoe,tool,Ice and Fire tool,,craft Smithing 20; use Farming 20
iceandfire,iceandfire:silver_ingot,Silver Ingot,crafting material,Ice and Fire material,,
iceandfire,iceandfire:silver_nugget,Silver Nugget,crafting material,Ice and Fire material,,
iceandfire,iceandfire:silver_ore,Silver Ore,crafting material,Ice and Fire material,,hardness 2 (Mining 20)
iceandfire,iceandfire:silver_pickaxe,Silver Pickaxe,tool,Ice and Fire tool,,craft Smithing 20; use Mining 20
iceandfire,iceandfire:silver_pile,Pile of Silver,decoration/building block,default,,
iceandfire,iceandfire:silver_shovel,Silver Shovel,tool,Ice and Fire tool,,craft Smithing 20; use Mining 20
iceandfire,iceandfire:silver_sword,Silver Sword,weapon,Ice and Fire weapon,,craft Smithing 20; hold Attack 20
iceandfire,iceandfire:siren_flute,Siren Flute,technical/creative-only,dragon husbandry / magic; unobtainable in this pack (JEI-hidden),,
iceandfire,iceandfire:siren_tear,Siren Tear,technical/creative-only,Ice and Fire material; unobtainable in this pack (JEI-hidden),,
iceandfire,iceandfire:spawn_egg_amphithere,Amphithere Spawn Egg,technical/creative-only,spawn egg,,
iceandfire,iceandfire:spawn_egg_cockatrice,Cockatrice Spawn Egg,technical/creative-only,spawn egg,,
iceandfire,iceandfire:spawn_egg_cyclops,Cyclops Spawn Egg,technical/creative-only,spawn egg,,
iceandfire,iceandfire:spawn_egg_death_worm,Death Worm Spawn Egg,technical/creative-only,spawn egg,,
iceandfire,iceandfire:spawn_egg_dread_beast,Dread Beast Spawn Egg,technical/creative-only,spawn egg,,
iceandfire,iceandfire:spawn_egg_dread_ghoul,Dread Ghoul Spawn Egg,technical/creative-only,spawn egg,,
iceandfire,iceandfire:spawn_egg_dread_horse,Dread Knight Horse Spawn Egg,technical/creative-only,spawn egg,,
iceandfire,iceandfire:spawn_egg_dread_knight,Dread Knight Spawn Egg,technical/creative-only,spawn egg,,
iceandfire,iceandfire:spawn_egg_dread_scuttler,Dread Scuttler Spawn Egg,technical/creative-only,spawn egg,,
iceandfire,iceandfire:spawn_egg_dread_thrall,Dread Thrall Spawn Egg,technical/creative-only,spawn egg,,
iceandfire,iceandfire:spawn_egg_fire_dragon,Fire Dragon Spawn Egg,technical/creative-only,spawn egg,,
iceandfire,iceandfire:spawn_egg_ghost,Ghost Spawn Egg,technical/creative-only,spawn egg,,
iceandfire,iceandfire:spawn_egg_gorgon,Gorgon Spawn Egg,technical/creative-only,spawn egg,,
iceandfire,iceandfire:spawn_egg_hippocampus,Hippocampus Spawn Egg,technical/creative-only,spawn egg,,
iceandfire,iceandfire:spawn_egg_hippogryph,Hippogryph Spawn Egg,technical/creative-only,spawn egg,,
iceandfire,iceandfire:spawn_egg_hydra,Hydra Spawn Egg,technical/creative-only,spawn egg,,
iceandfire,iceandfire:spawn_egg_ice_dragon,Ice Dragon Spawn Egg,technical/creative-only,spawn egg,,
iceandfire,iceandfire:spawn_egg_lich,Dread Lich Spawn Egg,technical/creative-only,spawn egg,,
iceandfire,iceandfire:spawn_egg_lightning_dragon,Lightning Dragon Spawn Egg,technical/creative-only,spawn egg,,
iceandfire,iceandfire:spawn_egg_pixie,Pixie Spawn Egg,technical/creative-only,spawn egg,,
iceandfire,iceandfire:spawn_egg_sea_serpent,Sea Serpent Spawn Egg,technical/creative-only,spawn egg,,
iceandfire,iceandfire:spawn_egg_siren,Siren Spawn Egg,technical/creative-only,spawn egg,,
iceandfire,iceandfire:spawn_egg_stymphalian_bird,Stymphalian Bird Spawn Egg,technical/creative-only,spawn egg,,
iceandfire,iceandfire:spawn_egg_troll,Troll Spawn Egg,technical/creative-only,spawn egg,,
iceandfire,iceandfire:stone_statue,Stone Statue,technical/creative-only,Ice and Fire material; unobtainable in this pack (JEI-hidden),,
iceandfire,iceandfire:stymphalian_arrow,Stymphalian Arrow,technical/creative-only,Ice and Fire bow/arrow; unobtainable in this pack (JEI-hidden),,
iceandfire,iceandfire:stymphalian_bird_dagger,Stymphalian Bird Dagger,technical/creative-only,Ice and Fire weapon; unobtainable in this pack (JEI-hidden),,
iceandfire,iceandfire:stymphalian_bird_feather,Stymphalian Bird Feather,technical/creative-only,Ice and Fire material; unobtainable in this pack (JEI-hidden),,
iceandfire,iceandfire:stymphalian_feather_bundle,Stymphalian Bird Feather Bundle,technical/creative-only,Ice and Fire material; unobtainable in this pack (JEI-hidden),,
iceandfire,iceandfire:stymphalian_skull,Stymphalian Bird Skull,technical/creative-only,Ice and Fire material; unobtainable in this pack (JEI-hidden),,
iceandfire,iceandfire:summoning_crystal_fire,Fire Dragon Summoning Crystal,magic/enchanting,dragon husbandry / magic,,craft Crafting 65
iceandfire,iceandfire:summoning_crystal_ice,Ice Dragon Summoning Crystal,magic/enchanting,dragon husbandry / magic,,craft Crafting 65
iceandfire,iceandfire:summoning_crystal_lightning,Lightning Dragon Summoning Crystal,magic/enchanting,dragon husbandry / magic,,craft Crafting 65
iceandfire,iceandfire:tide_blue_boots,,technical/creative-only,Ice and Fire armour; unobtainable in this pack (JEI-hidden),,
iceandfire,iceandfire:tide_blue_chestplate,,technical/creative-only,Ice and Fire armour; unobtainable in this pack (JEI-hidden),,
iceandfire,iceandfire:tide_blue_helmet,,technical/creative-only,Ice and Fire armour; unobtainable in this pack (JEI-hidden),,
iceandfire,iceandfire:tide_blue_leggings,,technical/creative-only,Ice and Fire armour; unobtainable in this pack (JEI-hidden),,
iceandfire,iceandfire:tide_bronze_boots,,technical/creative-only,Ice and Fire armour; unobtainable in this pack (JEI-hidden),,
iceandfire,iceandfire:tide_bronze_chestplate,,technical/creative-only,Ice and Fire armour; unobtainable in this pack (JEI-hidden),,
iceandfire,iceandfire:tide_bronze_helmet,,technical/creative-only,Ice and Fire armour; unobtainable in this pack (JEI-hidden),,
iceandfire,iceandfire:tide_bronze_leggings,,technical/creative-only,Ice and Fire armour; unobtainable in this pack (JEI-hidden),,
iceandfire,iceandfire:tide_deepblue_boots,,technical/creative-only,Ice and Fire armour; unobtainable in this pack (JEI-hidden),,
iceandfire,iceandfire:tide_deepblue_chestplate,,technical/creative-only,Ice and Fire armour; unobtainable in this pack (JEI-hidden),,
iceandfire,iceandfire:tide_deepblue_helmet,,technical/creative-only,Ice and Fire armour; unobtainable in this pack (JEI-hidden),,
iceandfire,iceandfire:tide_deepblue_leggings,,technical/creative-only,Ice and Fire armour; unobtainable in this pack (JEI-hidden),,
iceandfire,iceandfire:tide_green_boots,,technical/creative-only,Ice and Fire armour; unobtainable in this pack (JEI-hidden),,
iceandfire,iceandfire:tide_green_chestplate,,technical/creative-only,Ice and Fire armour; unobtainable in this pack (JEI-hidden),,
iceandfire,iceandfire:tide_green_helmet,,technical/creative-only,Ice and Fire armour; unobtainable in this pack (JEI-hidden),,
iceandfire,iceandfire:tide_green_leggings,,technical/creative-only,Ice and Fire armour; unobtainable in this pack (JEI-hidden),,
iceandfire,iceandfire:tide_purple_boots,,technical/creative-only,Ice and Fire armour; unobtainable in this pack (JEI-hidden),,
iceandfire,iceandfire:tide_purple_chestplate,,technical/creative-only,Ice and Fire armour; unobtainable in this pack (JEI-hidden),,
iceandfire,iceandfire:tide_purple_helmet,,technical/creative-only,Ice and Fire armour; unobtainable in this pack (JEI-hidden),,
iceandfire,iceandfire:tide_purple_leggings,,technical/creative-only,Ice and Fire armour; unobtainable in this pack (JEI-hidden),,
iceandfire,iceandfire:tide_red_boots,,technical/creative-only,Ice and Fire armour; unobtainable in this pack (JEI-hidden),,
iceandfire,iceandfire:tide_red_chestplate,,technical/creative-only,Ice and Fire armour; unobtainable in this pack (JEI-hidden),,
iceandfire,iceandfire:tide_red_helmet,,technical/creative-only,Ice and Fire armour; unobtainable in this pack (JEI-hidden),,
iceandfire,iceandfire:tide_red_leggings,,technical/creative-only,Ice and Fire armour; unobtainable in this pack (JEI-hidden),,
iceandfire,iceandfire:tide_teal_boots,,technical/creative-only,Ice and Fire armour; unobtainable in this pack (JEI-hidden),,
iceandfire,iceandfire:tide_teal_chestplate,,technical/creative-only,Ice and Fire armour; unobtainable in this pack (JEI-hidden),,
iceandfire,iceandfire:tide_teal_helmet,,technical/creative-only,Ice and Fire armour; unobtainable in this pack (JEI-hidden),,
iceandfire,iceandfire:tide_teal_leggings,,technical/creative-only,Ice and Fire armour; unobtainable in this pack (JEI-hidden),,
iceandfire,iceandfire:tide_trident,Tide Trident,technical/creative-only,Ice and Fire weapon; unobtainable in this pack (JEI-hidden),,
iceandfire,iceandfire:tide_trident_inventory,Tide Trident,technical/creative-only,Ice and Fire weapon; unobtainable in this pack (JEI-hidden),,
iceandfire,iceandfire:troll_leather_forest,Forest Troll Leather,technical/creative-only,Ice and Fire material; unobtainable in this pack (JEI-hidden),,
iceandfire,iceandfire:troll_leather_frost,Frost Troll Leather,technical/creative-only,Ice and Fire material; unobtainable in this pack (JEI-hidden),,
iceandfire,iceandfire:troll_leather_mountain,Mountain Troll Leather,technical/creative-only,Ice and Fire material; unobtainable in this pack (JEI-hidden),,
iceandfire,iceandfire:troll_skull,Troll Skull,technical/creative-only,Ice and Fire material; unobtainable in this pack (JEI-hidden),,
iceandfire,iceandfire:troll_tusk,Troll Tusk,technical/creative-only,Ice and Fire material; unobtainable in this pack (JEI-hidden),,
iceandfire,iceandfire:troll_weapon_axe,Troll's Axe,technical/creative-only,Ice and Fire weapon; unobtainable in this pack (JEI-hidden),,
iceandfire,iceandfire:troll_weapon_column,Troll's Stone Column,technical/creative-only,Ice and Fire weapon; unobtainable in this pack (JEI-hidden),,
iceandfire,iceandfire:troll_weapon_column_forest,Troll's Mossy Column,technical/creative-only,Ice and Fire weapon; unobtainable in this pack (JEI-hidden),,
iceandfire,iceandfire:troll_weapon_column_frost,Troll's Frosted Col,technical/creative-only,Ice and Fire weapon; unobtainable in this pack (JEI-hidden),,
iceandfire,iceandfire:troll_weapon_hammer,Troll's Hammer,technical/creative-only,Ice and Fire weapon; unobtainable in this pack (JEI-hidden),,
iceandfire,iceandfire:troll_weapon_trunk,Troll's Tree Trunk,technical/creative-only,Ice and Fire weapon; unobtainable in this pack (JEI-hidden),,
iceandfire,iceandfire:troll_weapon_trunk_frost,Troll's Frosted Tree Trunk,technical/creative-only,Ice and Fire weapon; unobtainable in this pack (JEI-hidden),,
iceandfire,iceandfire:weezer_blue_album,Weezer,decoration/building block,"banner pattern, trophy or disc",,
iceandfire,iceandfire:wither_shard,Witherbone Shard,crafting material,Ice and Fire material,,
iceandfire,iceandfire:witherbone,Witherbone,crafting material,Ice and Fire material,,
farmersdelight,farmersdelight:acacia_cabinet,Acacia Cabinet,storage/logistics,storage,,
farmersdelight,farmersdelight:apple_cider,Apple Cider,food,food,,
farmersdelight,farmersdelight:apple_pie,Apple Pie,food,food,craft: cooking 30,
farmersdelight,farmersdelight:apple_pie_slice,Slice of Apple Pie,food,food,,
farmersdelight,farmersdelight:bacon,Raw Bacon,food,food,,
farmersdelight,farmersdelight:bacon_and_eggs,Bacon and Eggs,food,food,craft: cooking 30,
farmersdelight,farmersdelight:bacon_sandwich,Bacon Sandwich,food,food,craft: cooking 5,
farmersdelight,farmersdelight:baked_cod_stew,Baked Cod Stew,food,food,craft: cooking 20,
farmersdelight,farmersdelight:bamboo_basket,Bamboo Basket,storage/logistics,storage,,
farmersdelight,farmersdelight:bamboo_cabinet,Bamboo Cabinet,storage/logistics,storage,,
farmersdelight,farmersdelight:barbecue_stick,Barbecue on a Stick,food,food,,
farmersdelight,farmersdelight:beef_patty,Beef Patty,food,food,,
farmersdelight,farmersdelight:beef_stew,Beef Stew,food,food,craft: cooking 20,
farmersdelight,farmersdelight:beetroot_crate,Beetroot Crate,storage/logistics,storage,,
farmersdelight,farmersdelight:birch_cabinet,Birch Cabinet,storage/logistics,storage,,
farmersdelight,farmersdelight:black_canvas_sign,Black Canvas Sign,utility block,farm/utility block,,
farmersdelight,farmersdelight:black_hanging_canvas_sign,Black Hanging Canvas Sign,utility block,farm/utility block,,
farmersdelight,farmersdelight:blue_canvas_sign,Blue Canvas Sign,utility block,farm/utility block,,
farmersdelight,farmersdelight:blue_hanging_canvas_sign,Blue Hanging Canvas Sign,utility block,farm/utility block,,
farmersdelight,farmersdelight:bone_broth,Bone Broth,food,food,craft: cooking 10,
farmersdelight,farmersdelight:brown_canvas_sign,Brown Canvas Sign,utility block,farm/utility block,,
farmersdelight,farmersdelight:brown_hanging_canvas_sign,Brown Hanging Canvas Sign,utility block,farm/utility block,,
farmersdelight,farmersdelight:brown_mushroom_colony,Brown Mushroom Colony,decoration/building block,wild plant,,
farmersdelight,farmersdelight:cabbage,Cabbage,crafting material,crop or material,,
farmersdelight,farmersdelight:cabbage_crate,Cabbage Crate,storage/logistics,storage,,
farmersdelight,farmersdelight:cabbage_leaf,Cabbage Leaf,crafting material,crop or material,,
farmersdelight,farmersdelight:cabbage_rolls,Cabbage Rolls,food,food,craft: cooking 20,
farmersdelight,farmersdelight:cabbage_seeds,Cabbage Seeds,crafting material,crop or material,plant: farming 5,
farmersdelight,farmersdelight:cake_slice,Slice of Cake,food,food,,
farmersdelight,farmersdelight:canvas,Canvas,crafting material,crop or material,,
farmersdelight,farmersdelight:canvas_rug,Canvas Rug,utility block,farm/utility block,,
farmersdelight,farmersdelight:canvas_sign,Canvas Sign,utility block,farm/utility block,,
farmersdelight,farmersdelight:carrot_crate,Carrot Crate,storage/logistics,storage,,
farmersdelight,farmersdelight:cherry_cabinet,Cherry Cabinet,storage/logistics,storage,,
farmersdelight,farmersdelight:chicken_cuts,Raw Chicken Cuts,food,food,,
farmersdelight,farmersdelight:chicken_sandwich,Chicken Sandwich,food,food,craft: cooking 5,
farmersdelight,farmersdelight:chicken_soup,Chicken Soup,food,food,craft: cooking 10,
farmersdelight,farmersdelight:chocolate_pie,Chocolate Pie,food,food,craft: cooking 30,
farmersdelight,farmersdelight:chocolate_pie_slice,Slice of Chocolate Pie,food,food,,
farmersdelight,farmersdelight:cod_roll,Cod Roll,food,food,craft: cooking 20,
farmersdelight,farmersdelight:cod_slice,Raw Cod Slice,food,food,,
farmersdelight,farmersdelight:cooked_bacon,Cooked Bacon,food,food,,
farmersdelight,farmersdelight:cooked_chicken_cuts,Cooked Chicken Cuts,food,food,,
farmersdelight,farmersdelight:cooked_cod_slice,Cooked Cod Slice,food,food,,
farmersdelight,farmersdelight:cooked_mutton_chops,Cooked Mutton Chops,food,food,,
farmersdelight,farmersdelight:cooked_rice,Cooked Rice,food,food,,
farmersdelight,farmersdelight:cooked_salmon_slice,Cooked Salmon Slice,food,food,,
farmersdelight,farmersdelight:cooking_pot,Cooking Pot,utility block,kitchen workstation,,
farmersdelight,farmersdelight:crimson_cabinet,Crimson Cabinet,storage/logistics,storage,,
farmersdelight,farmersdelight:cutting_board,Cutting Board,utility block,kitchen workstation,,
farmersdelight,farmersdelight:cyan_canvas_sign,Cyan Canvas Sign,utility block,farm/utility block,,
farmersdelight,farmersdelight:cyan_hanging_canvas_sign,Cyan Hanging Canvas Sign,utility block,farm/utility block,,
farmersdelight,farmersdelight:dark_oak_cabinet,Dark Oak Cabinet,storage/logistics,storage,,
farmersdelight,farmersdelight:debug_pumpkin_pie,,technical/creative-only,"creative, debug or mod-internal",,
farmersdelight,farmersdelight:diamond_knife,Diamond Knife,tool,knife (tool and weapon),,craft Crafting 30; hold Attack 30
farmersdelight,farmersdelight:dog_food,Dog Food,food,food,,
farmersdelight,farmersdelight:dumplings,Dumplings,food,food,craft: cooking 20,
farmersdelight,farmersdelight:egg_sandwich,Egg Sandwich,food,food,craft: cooking 5,
farmersdelight,farmersdelight:fish_stew,Fish Stew,food,food,craft: cooking 20,
farmersdelight,farmersdelight:flint_knife,Flint Knife,tool,knife (tool and weapon),,hold Attack 5
farmersdelight,farmersdelight:fried_egg,Fried Egg,food,food,,
farmersdelight,farmersdelight:fried_rice,Fried Rice,food,food,craft: cooking 20,
farmersdelight,farmersdelight:fruit_salad,Fruit Salad,food,food,craft: cooking 5,
farmersdelight,farmersdelight:full_tatami_mat,Full Tatami Mat,utility block,farm/utility block,,
farmersdelight,farmersdelight:gleaming_salad,Bowl of Gleaming Salad,food,food,,
farmersdelight,farmersdelight:gleaming_salad_block,Gleaming Salad,food,food,,craft Cooking 50
farmersdelight,farmersdelight:glow_berry_custard,Glow Berry Custard,food,food,craft: cooking 40,
farmersdelight,farmersdelight:golden_knife,Golden Knife,tool,knife (tool and weapon),,craft Smithing 10; hold Attack 10
farmersdelight,farmersdelight:gray_canvas_sign,Gray Canvas Sign,utility block,farm/utility block,,
farmersdelight,farmersdelight:gray_hanging_canvas_sign,Gray Hanging Canvas Sign,utility block,farm/utility block,,
farmersdelight,farmersdelight:green_canvas_sign,Green Canvas Sign,utility block,farm/utility block,,
farmersdelight,farmersdelight:green_hanging_canvas_sign,Green Hanging Canvas Sign,utility block,farm/utility block,,
farmersdelight,farmersdelight:grilled_salmon,Grilled Salmon,food,food,craft: cooking 30,
farmersdelight,farmersdelight:half_tatami_mat,Half Tatami Mat,utility block,farm/utility block,,
farmersdelight,farmersdelight:ham,Ham,food,food,,
farmersdelight,farmersdelight:hamburger,Hamburger,food,food,craft: cooking 10,
farmersdelight,farmersdelight:hanging_canvas_sign,Hanging Canvas Sign,utility block,farm/utility block,,
farmersdelight,farmersdelight:honey_cookie,Honey Cookie,food,food,,
farmersdelight,farmersdelight:honey_glazed_ham,Plate of Honey Glazed Ham,food,food,,
farmersdelight,farmersdelight:honey_glazed_ham_block,Honey Glazed Ham,food,food,craft: cooking 50,
farmersdelight,farmersdelight:horse_feed,Horse Feed,food,food,,
farmersdelight,farmersdelight:hot_cocoa,Hot Cocoa,food,food,,craft Cooking 25
farmersdelight,farmersdelight:iron_knife,Iron Knife,tool,knife (tool and weapon),,craft Smithing 15; hold Attack 15
farmersdelight,farmersdelight:jungle_cabinet,Jungle Cabinet,storage/logistics,storage,,
farmersdelight,farmersdelight:kelp_roll,Kelp Roll,food,food,craft: cooking 20,
farmersdelight,farmersdelight:kelp_roll_slice,Kelp Roll Slice,food,food,,
farmersdelight,farmersdelight:light_blue_canvas_sign,Light Blue Canvas Sign,utility block,farm/utility block,,
farmersdelight,farmersdelight:light_blue_hanging_canvas_sign,Light Blue Hanging Canvas Sign,utility block,farm/utility block,,
farmersdelight,farmersdelight:light_gray_canvas_sign,Light Gray Canvas Sign,utility block,farm/utility block,,
farmersdelight,farmersdelight:light_gray_hanging_canvas_sign,Light Gray Hanging Canvas Sign,utility block,farm/utility block,,
farmersdelight,farmersdelight:lime_canvas_sign,Lime Canvas Sign,utility block,farm/utility block,,
farmersdelight,farmersdelight:lime_hanging_canvas_sign,Lime Hanging Canvas Sign,utility block,farm/utility block,,
farmersdelight,farmersdelight:magenta_canvas_sign,Magenta Canvas Sign,utility block,farm/utility block,,
farmersdelight,farmersdelight:magenta_hanging_canvas_sign,Magenta Hanging Canvas Sign,utility block,farm/utility block,,
farmersdelight,farmersdelight:mangrove_cabinet,Mangrove Cabinet,storage/logistics,storage,,
farmersdelight,farmersdelight:melon_juice,Melon Juice,food,food,,craft Cooking 15
farmersdelight,farmersdelight:melon_popsicle,Melon Popsicle,food,food,,
farmersdelight,farmersdelight:milk_bottle,Milk Bottle,crafting material,crop or material,,
farmersdelight,farmersdelight:minced_beef,Minced Beef,food,food,,
farmersdelight,farmersdelight:mixed_salad,Mixed Salad,food,food,craft: cooking 5,
farmersdelight,farmersdelight:mushroom_rice,Mushroom Rice,food,food,craft: cooking 20,
farmersdelight,farmersdelight:mutton_chops,Raw Mutton Chops,food,food,,
farmersdelight,farmersdelight:mutton_wrap,Mutton Wrap,food,food,craft: cooking 10,
farmersdelight,farmersdelight:nether_salad,Nether Salad,food,food,craft: cooking 40,
farmersdelight,farmersdelight:netherite_knife,Netherite Knife,tool,knife (tool and weapon),,craft Smithing 50; hold Attack 50
farmersdelight,farmersdelight:noodle_soup,Noodle Soup,food,food,craft: cooking 10,
farmersdelight,farmersdelight:oak_cabinet,Oak Cabinet,storage/logistics,storage,,
farmersdelight,farmersdelight:onion,Onion,crafting material,crop or material,plant: farming 5,
farmersdelight,farmersdelight:onion_crate,Onion Crate,storage/logistics,storage,,
farmersdelight,farmersdelight:onion_soup,Onion Soup,food,food,craft: cooking 10,
farmersdelight,farmersdelight:orange_canvas_sign,Orange Canvas Sign,utility block,farm/utility block,,
farmersdelight,farmersdelight:orange_hanging_canvas_sign,Orange Hanging Canvas Sign,utility block,farm/utility block,,
farmersdelight,farmersdelight:organic_compost,Organic Compost,utility block,farm/utility block,,craft Farming 20
farmersdelight,farmersdelight:pasta_with_meatballs,Pasta with Meatballs,food,food,craft: cooking 30,
farmersdelight,farmersdelight:pasta_with_mutton_chop,Pasta with Mutton Chop,food,food,craft: cooking 30,
farmersdelight,farmersdelight:pie_crust,Pie Crust,food,food,,
farmersdelight,farmersdelight:pink_canvas_sign,Pink Canvas Sign,utility block,farm/utility block,,
farmersdelight,farmersdelight:pink_hanging_canvas_sign,Pink Hanging Canvas Sign,utility block,farm/utility block,,
farmersdelight,farmersdelight:potato_crate,Potato Crate,storage/logistics,storage,,
farmersdelight,farmersdelight:pumpkin_pie_slice,Slice of Pumpkin Pie,food,food,,
farmersdelight,farmersdelight:pumpkin_slice,Pumpkin Slice,crafting material,crop or material,,
farmersdelight,farmersdelight:pumpkin_soup,Pumpkin Soup,food,food,craft: cooking 10,
farmersdelight,farmersdelight:purple_canvas_sign,Purple Canvas Sign,utility block,farm/utility block,,
farmersdelight,farmersdelight:purple_hanging_canvas_sign,Purple Hanging Canvas Sign,utility block,farm/utility block,,
farmersdelight,farmersdelight:ratatouille,Ratatouille,food,food,craft: cooking 30,
farmersdelight,farmersdelight:raw_pasta,Raw Pasta,food,food,,
farmersdelight,farmersdelight:red_canvas_sign,Red Canvas Sign,utility block,farm/utility block,,
farmersdelight,farmersdelight:red_hanging_canvas_sign,Red Hanging Canvas Sign,utility block,farm/utility block,,
farmersdelight,farmersdelight:red_mushroom_colony,Red Mushroom Colony,decoration/building block,wild plant,,
farmersdelight,farmersdelight:rice,Rice Crops,crafting material,crop or material,plant: farming 20,
farmersdelight,farmersdelight:rice_bag,Bag of Rice,storage/logistics,storage,,
farmersdelight,farmersdelight:rice_bale,Rice Bale,crafting material,crop or material,,
farmersdelight,farmersdelight:rice_panicle,Rice Panicle,crafting material,crop or material,,
farmersdelight,farmersdelight:rice_roll_medley_block,Rice Roll Medley,food,food,craft: cooking 50,
farmersdelight,farmersdelight:rich_soil,Rich Soil,utility block,farm/utility block,,
farmersdelight,farmersdelight:rich_soil_farmland,Rich Soil Farmland,technical/creative-only,farm/utility block; unobtainable in this pack (JEI-hidden),,
farmersdelight,farmersdelight:roast_chicken,Plate of Roast Chicken,food,food,,
farmersdelight,farmersdelight:roast_chicken_block,Roast Chicken,food,food,craft: cooking 50,
farmersdelight,farmersdelight:roasted_mutton_chops,Roasted Mutton Chops,food,food,craft: cooking 30,
farmersdelight,farmersdelight:rope,Rope,utility block,farm/utility block,,
farmersdelight,farmersdelight:rope_fence,Rope Fence,utility block,farm/utility block,,
farmersdelight,farmersdelight:rope_fence_gate,Rope Fence Gate,utility block,farm/utility block,,
farmersdelight,farmersdelight:rotten_tomato,Rotten Tomato,crafting material,crop or material,,
farmersdelight,farmersdelight:safety_net,Safety Net,utility block,farm/utility block,,
farmersdelight,farmersdelight:salmon_roll,Salmon Roll,food,food,craft: cooking 20,
farmersdelight,farmersdelight:salmon_slice,Raw Salmon Slice,food,food,,
farmersdelight,farmersdelight:sandy_shrub,Sandy Shrub,decoration/building block,wild plant,,
farmersdelight,farmersdelight:shepherds_pie,Plate of Shepherd's Pie,food,food,,
farmersdelight,farmersdelight:shepherds_pie_block,Shepherd's Pie,food,food,craft: cooking 50,
farmersdelight,farmersdelight:skillet,Skillet,weapon,"skillet (weapon, cooks on the go)",,craft Smithing 15; hold Attack 15
farmersdelight,farmersdelight:smoked_ham,Smoked Ham,food,food,,
farmersdelight,farmersdelight:spruce_cabinet,Spruce Cabinet,storage/logistics,storage,,
farmersdelight,farmersdelight:squid_ink_pasta,Squid Ink Pasta,food,food,craft: cooking 40,
farmersdelight,farmersdelight:steak_and_potatoes,Steak and Potatoes,food,food,craft: cooking 30,
farmersdelight,farmersdelight:stove,Stove,utility block,kitchen workstation,,
farmersdelight,farmersdelight:straw,Straw,crafting material,crop or material,,
farmersdelight,farmersdelight:straw_bale,Straw Bale,crafting material,crop or material,,
farmersdelight,farmersdelight:stuffed_potato,Stuffed Potato,food,food,craft: cooking 20,
farmersdelight,farmersdelight:stuffed_pumpkin,Bowl of Stuffed Pumpkin,food,food,,
farmersdelight,farmersdelight:stuffed_pumpkin_block,Stuffed Pumpkin,food,food,craft: cooking 50,
farmersdelight,farmersdelight:sweet_berry_cheesecake,Sweet Berry Cheesecake,food,food,craft: cooking 30,
farmersdelight,farmersdelight:sweet_berry_cheesecake_slice,Slice of Sweet Berry Cheesecake,food,food,,
farmersdelight,farmersdelight:sweet_berry_cookie,Sweet Berry Cookie,food,food,,
farmersdelight,farmersdelight:tatami,Tatami Block,utility block,farm/utility block,,
farmersdelight,farmersdelight:tomato,Tomato,crafting material,crop or material,,
farmersdelight,farmersdelight:tomato_crate,Tomato Crate,storage/logistics,storage,,
farmersdelight,farmersdelight:tomato_sauce,Tomato Sauce,food,food,,
farmersdelight,farmersdelight:tomato_seeds,Tomato Seeds,crafting material,crop or material,plant: farming 10,
farmersdelight,farmersdelight:tree_bark,Tree Bark,crafting material,crop or material,,
farmersdelight,farmersdelight:vegetable_noodles,Vegetable Noodles,food,food,craft: cooking 30,
farmersdelight,farmersdelight:vegetable_soup,Vegetable Soup,food,food,craft: cooking 10,
farmersdelight,farmersdelight:warped_cabinet,Warped Cabinet,storage/logistics,storage,,
farmersdelight,farmersdelight:wheat_dough,Wheat Dough,food,food,,
farmersdelight,farmersdelight:white_canvas_sign,White Canvas Sign,utility block,farm/utility block,,
farmersdelight,farmersdelight:white_hanging_canvas_sign,White Hanging Canvas Sign,utility block,farm/utility block,,
farmersdelight,farmersdelight:wild_beetroots,Sea Beet,decoration/building block,wild plant,,
farmersdelight,farmersdelight:wild_cabbages,Wild Cabbage,decoration/building block,wild plant,,
farmersdelight,farmersdelight:wild_carrots,Wild Carrot,decoration/building block,wild plant,,
farmersdelight,farmersdelight:wild_onions,Wild Onion,decoration/building block,wild plant,,
farmersdelight,farmersdelight:wild_potatoes,Wild Potato,decoration/building block,wild plant,,
farmersdelight,farmersdelight:wild_rice,Wild Rice,decoration/building block,wild plant,,
farmersdelight,farmersdelight:wild_tomatoes,Tomato Shrub,decoration/building block,wild plant,,
farmersdelight,farmersdelight:wooden_basket,Basket,storage/logistics,storage,,
farmersdelight,farmersdelight:yellow_canvas_sign,Yellow Canvas Sign,utility block,farm/utility block,,
farmersdelight,farmersdelight:yellow_hanging_canvas_sign,Yellow Hanging Canvas Sign,utility block,farm/utility block,,
friendsandfoes,friendsandfoes:acacia_beehive,Acacia Beehive,utility block,beehive,,
friendsandfoes,friendsandfoes:bamboo_beehive,Bamboo Beehive,utility block,beehive,,
friendsandfoes,friendsandfoes:birch_beehive,Birch Beehive,utility block,beehive,,
friendsandfoes,friendsandfoes:buttercup,Buttercup,decoration/building block,flower,,
friendsandfoes,friendsandfoes:cherry_beehive,Cherry Beehive,utility block,beehive,,
friendsandfoes,friendsandfoes:copper_button,Copper Button,machine/automation,redstone (copper button / lightning rod),,
friendsandfoes,friendsandfoes:copper_golem_spawn_egg,Copper Golem Spawn Egg,technical/creative-only,spawn egg,,
friendsandfoes,friendsandfoes:crab_claw,Crab Claw,crafting material,mob drop,,brew Brewing 45
friendsandfoes,friendsandfoes:crab_egg,Crab Egg,crafting material,mob drop,,
friendsandfoes,friendsandfoes:crab_spawn_egg,Crab Spawn Egg,technical/creative-only,spawn egg,,
friendsandfoes,friendsandfoes:crimson_beehive,Crimson Beehive,utility block,beehive,,
friendsandfoes,friendsandfoes:dark_oak_beehive,Dark Oak Beehive,utility block,beehive,,
friendsandfoes,friendsandfoes:exposed_copper_button,Exposed Copper Button,machine/automation,redstone (copper button / lightning rod),,
friendsandfoes,friendsandfoes:exposed_lightning_rod,Exposed Lightning Rod,machine/automation,redstone (copper button / lightning rod),,
friendsandfoes,friendsandfoes:glare_spawn_egg,Glare Spawn Egg,technical/creative-only,spawn egg,,
friendsandfoes,friendsandfoes:iceologer_spawn_egg,Iceologer Spawn Egg,technical/creative-only,spawn egg,,
friendsandfoes,friendsandfoes:illusioner_spawn_egg,Illusioner Spawn Egg,technical/creative-only,spawn egg,,
friendsandfoes,friendsandfoes:jungle_beehive,Jungle Beehive,utility block,beehive,,
friendsandfoes,friendsandfoes:mangrove_beehive,Mangrove Beehive,utility block,beehive,,
friendsandfoes,friendsandfoes:mauler_spawn_egg,Mauler Spawn Egg,technical/creative-only,spawn egg,,
friendsandfoes,friendsandfoes:moobloom_spawn_egg,Moobloom Spawn Egg,technical/creative-only,spawn egg,,
friendsandfoes,friendsandfoes:music_disc_around_the_corner,Music Disc,decoration/building block,music disc,,
friendsandfoes,friendsandfoes:oxidized_copper_button,Oxidized Copper Button,machine/automation,redstone (copper button / lightning rod),,
friendsandfoes,friendsandfoes:oxidized_lightning_rod,Oxidized Lightning Rod,machine/automation,redstone (copper button / lightning rod),,
friendsandfoes,friendsandfoes:rascal_spawn_egg,Rascal Spawn Egg,technical/creative-only,spawn egg,,
friendsandfoes,friendsandfoes:spruce_beehive,Spruce Beehive,utility block,beehive,,
friendsandfoes,friendsandfoes:totem_of_freezing,Totem of Freezing,magic/enchanting,totem (charm slot),,wear Defence 40
friendsandfoes,friendsandfoes:totem_of_illusion,Totem of Illusion,magic/enchanting,totem (charm slot),,wear Agility 45
friendsandfoes,friendsandfoes:tuff_golem_spawn_egg,Tuff Golem Spawn Egg,technical/creative-only,spawn egg,,
friendsandfoes,friendsandfoes:warped_beehive,Warped Beehive,utility block,beehive,,
friendsandfoes,friendsandfoes:waxed_copper_button,Waxed Copper Button,machine/automation,redstone (copper button / lightning rod),,
friendsandfoes,friendsandfoes:waxed_exposed_copper_button,Waxed Exposed Copper Button,machine/automation,redstone (copper button / lightning rod),,
friendsandfoes,friendsandfoes:waxed_exposed_lightning_rod,Waxed Exposed Lightning Rod,machine/automation,redstone (copper button / lightning rod),,
friendsandfoes,friendsandfoes:waxed_lightning_rod,Waxed Lightning Rod,machine/automation,redstone (copper button / lightning rod),,
friendsandfoes,friendsandfoes:waxed_oxidized_copper_button,Waxed Oxidized Copper Button,machine/automation,redstone (copper button / lightning rod),,
friendsandfoes,friendsandfoes:waxed_oxidized_lightning_rod,Waxed Oxidized Lightning Rod,machine/automation,redstone (copper button / lightning rod),,
friendsandfoes,friendsandfoes:waxed_weathered_copper_button,Waxed Weathered Copper Button,machine/automation,redstone (copper button / lightning rod),,
friendsandfoes,friendsandfoes:waxed_weathered_lightning_rod,Waxed Weathered Lightning Rod,machine/automation,redstone (copper button / lightning rod),,
friendsandfoes,friendsandfoes:weathered_copper_button,Weathered Copper Button,machine/automation,redstone (copper button / lightning rod),,
friendsandfoes,friendsandfoes:weathered_lightning_rod,Weathered Lightning Rod,machine/automation,redstone (copper button / lightning rod),,
friendsandfoes,friendsandfoes:wildfire_crown,Wildfire Crown,armour,boss helmet,,wear Defence 45
friendsandfoes,friendsandfoes:wildfire_crown_fragment,Wildfire Crown Fragment,crafting material,mob drop,,
friendsandfoes,friendsandfoes:wildfire_spawn_egg,Wildfire Spawn Egg,technical/creative-only,spawn egg,,
illagerinvasion,illagerinvasion:alchemist_spawn_egg,Alchemist Spawn Egg,technical/creative-only,spawn egg,,
illagerinvasion,illagerinvasion:archivist_spawn_egg,Archivist Spawn Egg,technical/creative-only,spawn egg,,
illagerinvasion,illagerinvasion:basher_spawn_egg,Basher Spawn Egg,technical/creative-only,spawn egg,,
illagerinvasion,illagerinvasion:firecaller_spawn_egg,Firecaller Spawn Egg,technical/creative-only,spawn egg,,
illagerinvasion,illagerinvasion:hallowed_gem,Hallowed Gem,crafting material,illager drop,,
illagerinvasion,illagerinvasion:horn_of_sight,Horn of Sight,tool,detection tool,,craft Crafting 45
illagerinvasion,illagerinvasion:illusionary_dust,Illusionary Dust,crafting material,illager drop,,
illagerinvasion,illagerinvasion:illusioner_spawn_egg,Illusioner Spawn Egg,technical/creative-only,spawn egg,,
illagerinvasion,illagerinvasion:imbuing_table,Imbuing Table,magic/enchanting,enchanting table (imbues past max),,craft Enchanting 65
illagerinvasion,illagerinvasion:inquisitor_spawn_egg,Inquisitor Spawn Egg,technical/creative-only,spawn egg,,
illagerinvasion,illagerinvasion:invoker_spawn_egg,Invoker Spawn Egg,technical/creative-only,spawn egg,,
illagerinvasion,illagerinvasion:lost_candle,Lost Candle,tool,detection tool,,use Mining 40
illagerinvasion,illagerinvasion:magical_fire_charge,Magical Fire Charge,technical/creative-only,illager drop; unobtainable in this pack (JEI-hidden),,
illagerinvasion,illagerinvasion:marauder_spawn_egg,Marauder Spawn Egg,technical/creative-only,spawn egg,,
illagerinvasion,illagerinvasion:necromancer_spawn_egg,Necromancer Spawn Egg,technical/creative-only,spawn egg,,
illagerinvasion,illagerinvasion:platinum_chunk,Platinum Chunk,crafting material,illager drop,,
illagerinvasion,illagerinvasion:platinum_infused_hatchet,Platinum Infused Hatchet,weapon,weapon,,hold Strength 40
illagerinvasion,illagerinvasion:platinum_sheet,Platinum Sheet,crafting material,illager drop,,craft Smithing 45
illagerinvasion,illagerinvasion:primal_essence,Primal Essence,crafting material,illager drop,,
illagerinvasion,illagerinvasion:provoker_spawn_egg,Provoker Spawn Egg,technical/creative-only,spawn egg,,
illagerinvasion,illagerinvasion:sorcerer_spawn_egg,Sorcerer Spawn Egg,technical/creative-only,spawn egg,,
illagerinvasion,illagerinvasion:surrendered_spawn_egg,Surrendered Spawn Egg,technical/creative-only,spawn egg,,
illagerinvasion,illagerinvasion:unusual_dust,Unusual Dust,crafting material,illager drop,,
piglinproliferation,piglinproliferation:blackstone_fire_ring,Blackstone Fire Ring,magic/enchanting,potion fire pit,,craft Brewing 40
piglinproliferation,piglinproliferation:blackstone_soul_fire_ring,Blackstone Soul Fire Ring,magic/enchanting,potion fire pit,,craft Brewing 40
piglinproliferation,piglinproliferation:buckler,Buckler,armour,shield (charge attack),,hold Defence 45
piglinproliferation,piglinproliferation:deepslate_fire_ring,Deepslate Fire Ring,magic/enchanting,potion fire pit,,craft Brewing 40
piglinproliferation,piglinproliferation:deepslate_soul_fire_ring,Deepslate Soul Fire Ring,magic/enchanting,potion fire pit,,craft Brewing 40
piglinproliferation,piglinproliferation:end_stone_fire_ring,End Stone Fire Ring,magic/enchanting,potion fire pit,,craft Brewing 40
piglinproliferation,piglinproliferation:end_stone_soul_fire_ring,End Stone Soul Fire Ring,magic/enchanting,potion fire pit,,craft Brewing 40
piglinproliferation,piglinproliferation:netherrack_fire_ring,Netherrack Fire Ring,magic/enchanting,potion fire pit,,craft Brewing 40
piglinproliferation,piglinproliferation:netherrack_soul_fire_ring,Netherrack Soul Fire Ring,magic/enchanting,potion fire pit,,craft Brewing 40
piglinproliferation,piglinproliferation:piglin_alchemist_head,Piglin Alchemist Head,decoration/building block,mob head,,
piglinproliferation,piglinproliferation:piglin_alchemist_spawn_egg,Piglin Alchemist Spawn Egg,technical/creative-only,spawn egg,,
piglinproliferation,piglinproliferation:piglin_brute_head,Piglin Brute Head,decoration/building block,mob head,,
piglinproliferation,piglinproliferation:piglin_traveler_head,Piglin Traveler Head,decoration/building block,mob head,,
piglinproliferation,piglinproliferation:piglin_traveler_spawn_egg,Piglin Traveler Spawn Egg,technical/creative-only,spawn egg,,
piglinproliferation,piglinproliferation:stone_fire_ring,Alchemical Fire Pit,magic/enchanting,potion fire pit,,craft Brewing 40
piglinproliferation,piglinproliferation:stone_soul_fire_ring,Stone Soul Fire Ring,magic/enchanting,potion fire pit,,craft Brewing 40
piglinproliferation,piglinproliferation:travelers_compass,Traveler's Compass,tool,compass,,
piglinproliferation,piglinproliferation:zombified_piglin_head,Zombified Piglin Head,decoration/building block,mob head,,
vanillabackport,minecraft:black_bundle,,storage/logistics,bundle,,craft Crafting 10
vanillabackport,minecraft:black_harness,,transport,happy ghast harness,,craft Agility 40
vanillabackport,minecraft:blue_bundle,,storage/logistics,bundle,,craft Crafting 10
vanillabackport,minecraft:blue_egg,,crafting material,material,,
vanillabackport,minecraft:blue_harness,,transport,happy ghast harness,,craft Agility 40
vanillabackport,minecraft:brown_bundle,,storage/logistics,bundle,,craft Crafting 10
vanillabackport,minecraft:brown_egg,,crafting material,material,,
vanillabackport,minecraft:brown_harness,,transport,happy ghast harness,,craft Agility 40
vanillabackport,minecraft:bush,,decoration/building block,building block / plant,,
vanillabackport,minecraft:cactus_flower,,decoration/building block,building block / plant,,
vanillabackport,minecraft:chiseled_cinnabar,,decoration/building block,building block / plant,,
vanillabackport,minecraft:chiseled_resin_bricks,,decoration/building block,building block / plant,,
vanillabackport,minecraft:chiseled_sulfur,,decoration/building block,building block / plant,,
vanillabackport,minecraft:cinnabar,,decoration/building block,building block / plant,,
vanillabackport,minecraft:cinnabar_brick_slab,,decoration/building block,building block / plant,,
vanillabackport,minecraft:cinnabar_brick_stairs,,decoration/building block,building block / plant,,
vanillabackport,minecraft:cinnabar_brick_wall,,decoration/building block,building block / plant,,
vanillabackport,minecraft:cinnabar_bricks,,decoration/building block,building block / plant,,
vanillabackport,minecraft:cinnabar_slab,,decoration/building block,building block / plant,,
vanillabackport,minecraft:cinnabar_stairs,,decoration/building block,building block / plant,,
vanillabackport,minecraft:cinnabar_wall,,decoration/building block,building block / plant,,
vanillabackport,minecraft:closed_eyeblossom,,decoration/building block,building block / plant,,
vanillabackport,minecraft:creaking_heart,,utility block,creaking heart,,
vanillabackport,minecraft:creaking_spawn_egg,,technical/creative-only,spawn egg,,
vanillabackport,minecraft:cyan_bundle,,storage/logistics,bundle,,craft Crafting 10
vanillabackport,minecraft:cyan_harness,,transport,happy ghast harness,,craft Agility 40
vanillabackport,minecraft:dried_ghast,,transport,grows into a happy ghast,,
vanillabackport,minecraft:firefly_bush,,light source,light,,
vanillabackport,minecraft:gray_bundle,,storage/logistics,bundle,,craft Crafting 10
vanillabackport,minecraft:gray_harness,,transport,happy ghast harness,,craft Agility 40
vanillabackport,minecraft:green_bundle,,storage/logistics,bundle,,craft Crafting 10
vanillabackport,minecraft:green_harness,,transport,happy ghast harness,,craft Agility 40
vanillabackport,minecraft:happy_ghast_spawn_egg,,technical/creative-only,spawn egg,,
vanillabackport,minecraft:leaf_litter,,decoration/building block,building block / plant,,
vanillabackport,minecraft:light_blue_bundle,,storage/logistics,bundle,,craft Crafting 10
vanillabackport,minecraft:light_blue_harness,,transport,happy ghast harness,,craft Agility 40
vanillabackport,minecraft:light_gray_bundle,,storage/logistics,bundle,,craft Crafting 10
vanillabackport,minecraft:light_gray_harness,,transport,happy ghast harness,,craft Agility 40
vanillabackport,minecraft:lime_bundle,,storage/logistics,bundle,,craft Crafting 10
vanillabackport,minecraft:lime_harness,,transport,happy ghast harness,,craft Agility 40
vanillabackport,minecraft:magenta_bundle,,storage/logistics,bundle,,craft Crafting 10
vanillabackport,minecraft:magenta_harness,,transport,happy ghast harness,,craft Agility 40
vanillabackport,minecraft:music_disc_bounce,,decoration/building block,music disc,,
vanillabackport,minecraft:music_disc_lava_chicken,,decoration/building block,music disc,,
vanillabackport,minecraft:music_disc_tears,,decoration/building block,music disc,,
vanillabackport,minecraft:open_eyeblossom,,decoration/building block,building block / plant,,
vanillabackport,minecraft:orange_bundle,,storage/logistics,bundle,,craft Crafting 10
vanillabackport,minecraft:orange_harness,,transport,happy ghast harness,,craft Agility 40
vanillabackport,minecraft:pale_hanging_moss,,decoration/building block,building block / plant,,
vanillabackport,minecraft:pale_moss_block,,decoration/building block,building block / plant,,
vanillabackport,minecraft:pale_moss_carpet,,decoration/building block,building block / plant,,
vanillabackport,minecraft:pale_oak_boat,,transport,boat,,
vanillabackport,minecraft:pale_oak_button,,decoration/building block,building block / plant,,
vanillabackport,minecraft:pale_oak_chest_boat,,transport,boat,,
vanillabackport,minecraft:pale_oak_door,,decoration/building block,building block / plant,,
vanillabackport,minecraft:pale_oak_fence,,decoration/building block,building block / plant,,
vanillabackport,minecraft:pale_oak_fence_gate,,decoration/building block,building block / plant,,
vanillabackport,minecraft:pale_oak_hanging_sign,,decoration/building block,building block / plant,,
vanillabackport,minecraft:pale_oak_leaves,,decoration/building block,building block / plant,,
vanillabackport,minecraft:pale_oak_log,,decoration/building block,building block / plant,,chop Woodcutting 40
vanillabackport,minecraft:pale_oak_planks,,decoration/building block,building block / plant,,
vanillabackport,minecraft:pale_oak_pressure_plate,,decoration/building block,building block / plant,,
vanillabackport,minecraft:pale_oak_sapling,,decoration/building block,building block / plant,,
vanillabackport,minecraft:pale_oak_sign,,decoration/building block,building block / plant,,
vanillabackport,minecraft:pale_oak_slab,,decoration/building block,building block / plant,,
vanillabackport,minecraft:pale_oak_stairs,,decoration/building block,building block / plant,,
vanillabackport,minecraft:pale_oak_trapdoor,,decoration/building block,building block / plant,,
vanillabackport,minecraft:pale_oak_wood,,decoration/building block,building block / plant,,chop Woodcutting 40
vanillabackport,minecraft:pink_bundle,,storage/logistics,bundle,,craft Crafting 10
vanillabackport,minecraft:pink_harness,,transport,happy ghast harness,,craft Agility 40
vanillabackport,minecraft:polished_cinnabar,,decoration/building block,building block / plant,,
vanillabackport,minecraft:polished_cinnabar_slab,,decoration/building block,building block / plant,,
vanillabackport,minecraft:polished_cinnabar_stairs,,decoration/building block,building block / plant,,
vanillabackport,minecraft:polished_cinnabar_wall,,decoration/building block,building block / plant,,
vanillabackport,minecraft:polished_sulfur,,decoration/building block,building block / plant,,
vanillabackport,minecraft:polished_sulfur_slab,,decoration/building block,building block / plant,,
vanillabackport,minecraft:polished_sulfur_stairs,,decoration/building block,building block / plant,,
vanillabackport,minecraft:polished_sulfur_wall,,decoration/building block,building block / plant,,
vanillabackport,minecraft:potent_sulfur,,decoration/building block,building block / plant,,
vanillabackport,minecraft:purple_bundle,,storage/logistics,bundle,,craft Crafting 10
vanillabackport,minecraft:purple_harness,,transport,happy ghast harness,,craft Agility 40
vanillabackport,minecraft:red_bundle,,storage/logistics,bundle,,craft Crafting 10
vanillabackport,minecraft:red_harness,,transport,happy ghast harness,,craft Agility 40
vanillabackport,minecraft:resin_block,,decoration/building block,building block / plant,,
vanillabackport,minecraft:resin_brick,,decoration/building block,building block / plant,,
vanillabackport,minecraft:resin_brick_slab,,decoration/building block,building block / plant,,
vanillabackport,minecraft:resin_brick_stairs,,decoration/building block,building block / plant,,
vanillabackport,minecraft:resin_brick_wall,,decoration/building block,building block / plant,,
vanillabackport,minecraft:resin_bricks,,decoration/building block,building block / plant,,
vanillabackport,minecraft:resin_clump,,crafting material,material,,
vanillabackport,minecraft:short_dry_grass,,decoration/building block,building block / plant,,
vanillabackport,minecraft:stripped_pale_oak_log,,decoration/building block,building block / plant,,chop Woodcutting 40
vanillabackport,minecraft:stripped_pale_oak_wood,,decoration/building block,building block / plant,,chop Woodcutting 40
vanillabackport,minecraft:sulfur,,crafting material,material,,
vanillabackport,minecraft:sulfur_brick_slab,,decoration/building block,building block / plant,,
vanillabackport,minecraft:sulfur_brick_stairs,,decoration/building block,building block / plant,,
vanillabackport,minecraft:sulfur_brick_wall,,decoration/building block,building block / plant,,
vanillabackport,minecraft:sulfur_bricks,,decoration/building block,building block / plant,,
vanillabackport,minecraft:sulfur_cube_bucket,,crafting material,mob bucket,,
vanillabackport,minecraft:sulfur_cube_spawn_egg,,technical/creative-only,spawn egg,,
vanillabackport,minecraft:sulfur_slab,,decoration/building block,building block / plant,,
vanillabackport,minecraft:sulfur_spike,,decoration/building block,building block / plant,,
vanillabackport,minecraft:sulfur_stairs,,decoration/building block,building block / plant,,
vanillabackport,minecraft:sulfur_wall,,decoration/building block,building block / plant,,
vanillabackport,minecraft:tall_dry_grass,,decoration/building block,building block / plant,,
vanillabackport,minecraft:white_bundle,,storage/logistics,bundle,,craft Crafting 10
vanillabackport,minecraft:white_harness,,transport,happy ghast harness,,craft Agility 40
vanillabackport,minecraft:wildflowers,,decoration/building block,building block / plant,,
vanillabackport,minecraft:yellow_bundle,,storage/logistics,bundle,,craft Crafting 10
vanillabackport,minecraft:yellow_harness,,transport,happy ghast harness,,craft Agility 40
regions_unexplored,regions_unexplored:acacia_branch,Acacia Branch,decoration/building block,natural/building block,,
regions_unexplored,regions_unexplored:acacia_shrub,Acacia Shrub,decoration/building block,natural/building block,,
regions_unexplored,regions_unexplored:alpha_dandelion,Alpha Dandelion,decoration/building block,natural/building block,,
regions_unexplored,regions_unexplored:alpha_grass_block,Alpha Grass Block,decoration/building block,natural/building block,,
regions_unexplored,regions_unexplored:alpha_leaves,Alpha Leaves,decoration/building block,natural/building block,,
regions_unexplored,regions_unexplored:alpha_log,Alpha Log,decoration/building block,natural/building block,,
regions_unexplored,regions_unexplored:alpha_planks,Alpha Planks,decoration/building block,natural/building block,,
regions_unexplored,regions_unexplored:alpha_rose,Alpha Rose,decoration/building block,natural/building block,,
regions_unexplored,regions_unexplored:alpha_sapling,Alpha Sapling,decoration/building block,natural/building block,,
regions_unexplored,regions_unexplored:alpha_slab,Alpha Slab,decoration/building block,natural/building block,,
regions_unexplored,regions_unexplored:alpha_stairs,Alpha Stairs,decoration/building block,natural/building block,,
regions_unexplored,regions_unexplored:apple_oak_leaves,Apple Oak Leaves,decoration/building block,natural/building block,,
regions_unexplored,regions_unexplored:apple_oak_sapling,Apple Oak Sapling,decoration/building block,natural/building block,,
regions_unexplored,regions_unexplored:argillite,Argillite,decoration/building block,natural/building block,,
regions_unexplored,regions_unexplored:argillite_grass_block,Argillite Grass Block,decoration/building block,natural/building block,,
regions_unexplored,regions_unexplored:ash,Ash,decoration/building block,natural/building block,,
regions_unexplored,regions_unexplored:ash_vent,Ash Vent,decoration/building block,natural/building block,,
regions_unexplored,regions_unexplored:ashen_dirt,Ashen Dirt,decoration/building block,natural/building block,,
regions_unexplored,regions_unexplored:ashen_grass,Ashen Grass,decoration/building block,natural/building block,,
regions_unexplored,regions_unexplored:ashen_leaves,Ashen Leaves,decoration/building block,natural/building block,,
regions_unexplored,regions_unexplored:ashen_log,Ashen Log,decoration/building block,natural/building block,,chop Woodcutting 25
regions_unexplored,regions_unexplored:ashen_sapling,Ashen Sapling,decoration/building block,natural/building block,,
regions_unexplored,regions_unexplored:ashen_shrub,Ashen Shrub,decoration/building block,natural/building block,,
regions_unexplored,regions_unexplored:ashen_wood,Ashen Wood,decoration/building block,natural/building block,,chop Woodcutting 25
regions_unexplored,regions_unexplored:aster,Aster,decoration/building block,natural/building block,,
regions_unexplored,regions_unexplored:bamboo_leaves,Bamboo Leaves,decoration/building block,natural/building block,,
regions_unexplored,regions_unexplored:bamboo_log,Bamboo Log,decoration/building block,natural/building block,,chop Woodcutting 15
regions_unexplored,regions_unexplored:bamboo_sapling,Bamboo Sapling,decoration/building block,natural/building block,,
regions_unexplored,regions_unexplored:baobab_boat,Baobab Boat,transport,boat,,
regions_unexplored,regions_unexplored:baobab_branch,Baobab Branch,decoration/building block,natural/building block,,
regions_unexplored,regions_unexplored:baobab_button,Baobab Button,decoration/building block,natural/building block,,
regions_unexplored,regions_unexplored:baobab_chest_boat,Baobab Boat with Chest,transport,boat,,
regions_unexplored,regions_unexplored:baobab_door,Baobab Door,decoration/building block,natural/building block,,
regions_unexplored,regions_unexplored:baobab_fence,Baobab Fence,decoration/building block,natural/building block,,
regions_unexplored,regions_unexplored:baobab_fence_gate,Baobab Fence Gate,decoration/building block,natural/building block,,
regions_unexplored,regions_unexplored:baobab_hanging_sign,Baobab Hanging Sign,decoration/building block,natural/building block,,
regions_unexplored,regions_unexplored:baobab_leaves,Baobab Leaves,decoration/building block,natural/building block,,
regions_unexplored,regions_unexplored:baobab_log,Baobab Log,decoration/building block,natural/building block,,chop Woodcutting 40
regions_unexplored,regions_unexplored:baobab_planks,Baobab Planks,decoration/building block,natural/building block,,
regions_unexplored,regions_unexplored:baobab_pressure_plate,Baobab Pressure Plate,decoration/building block,natural/building block,,
regions_unexplored,regions_unexplored:baobab_sapling,Baobab Sapling,decoration/building block,natural/building block,,
regions_unexplored,regions_unexplored:baobab_shrub,Baobab Shrub,decoration/building block,natural/building block,,
regions_unexplored,regions_unexplored:baobab_sign,Baobab Sign,decoration/building block,natural/building block,,
regions_unexplored,regions_unexplored:baobab_slab,Baobab Slab,decoration/building block,natural/building block,,
regions_unexplored,regions_unexplored:baobab_stairs,Baobab Stairs,decoration/building block,natural/building block,,
regions_unexplored,regions_unexplored:baobab_trapdoor,Baobab Trapdoor,decoration/building block,natural/building block,,
regions_unexplored,regions_unexplored:baobab_wood,Baobab Wood,decoration/building block,natural/building block,,chop Woodcutting 40
regions_unexplored,regions_unexplored:barley,Barley,decoration/building block,natural/building block,,
regions_unexplored,regions_unexplored:barrel_cactus,Barrel Cactus,decoration/building block,natural/building block,,
regions_unexplored,regions_unexplored:birch_branch,Birch Branch,decoration/building block,natural/building block,,
regions_unexplored,regions_unexplored:birch_shrub,Birch Shrub,decoration/building block,natural/building block,,
regions_unexplored,regions_unexplored:black_painted_planks,Black Painted Planks,technical/creative-only,natural/building block; unobtainable in this pack (JEI-hidden),,
regions_unexplored,regions_unexplored:black_painted_slab,Black Painted Slab,technical/creative-only,natural/building block; unobtainable in this pack (JEI-hidden),,
regions_unexplored,regions_unexplored:black_painted_stairs,Black Painted Stairs,technical/creative-only,natural/building block; unobtainable in this pack (JEI-hidden),,
regions_unexplored,regions_unexplored:black_snowbelle,Black Snowbelle,decoration/building block,natural/building block,,
regions_unexplored,regions_unexplored:blackstone_cluster,Blackstone Cluster,decoration/building block,natural/building block,,
regions_unexplored,regions_unexplored:blackwood_boat,Blackwood Boat,transport,boat,,
regions_unexplored,regions_unexplored:blackwood_branch,Blackwood Branch,decoration/building block,natural/building block,,
regions_unexplored,regions_unexplored:blackwood_button,Blackwood Button,decoration/building block,natural/building block,,
regions_unexplored,regions_unexplored:blackwood_chest_boat,Blackwood Boat with Chest,transport,boat,,
regions_unexplored,regions_unexplored:blackwood_door,Blackwood Door,decoration/building block,natural/building block,,
regions_unexplored,regions_unexplored:blackwood_fence,Blackwood Fence,decoration/building block,natural/building block,,
regions_unexplored,regions_unexplored:blackwood_fence_gate,Blackwood Fence Gate,decoration/building block,natural/building block,,
regions_unexplored,regions_unexplored:blackwood_hanging_sign,Blackwood Hanging Sign,decoration/building block,natural/building block,,
regions_unexplored,regions_unexplored:blackwood_leaves,Blackwood Leaves,decoration/building block,natural/building block,,
regions_unexplored,regions_unexplored:blackwood_log,Blackwood Log,decoration/building block,natural/building block,,chop Woodcutting 55
regions_unexplored,regions_unexplored:blackwood_planks,Blackwood Planks,decoration/building block,natural/building block,,
regions_unexplored,regions_unexplored:blackwood_pressure_plate,Blackwood Pressure Plate,decoration/building block,natural/building block,,
regions_unexplored,regions_unexplored:blackwood_sapling,Blackwood Sapling,decoration/building block,natural/building block,,
regions_unexplored,regions_unexplored:blackwood_shrub,Blackwood Shrub,decoration/building block,natural/building block,,
regions_unexplored,regions_unexplored:blackwood_sign,Blackwood Sign,decoration/building block,natural/building block,,
regions_unexplored,regions_unexplored:blackwood_slab,Blackwood Slab,decoration/building block,natural/building block,,
regions_unexplored,regions_unexplored:blackwood_stairs,Blackwood Stairs,decoration/building block,natural/building block,,
regions_unexplored,regions_unexplored:blackwood_trapdoor,Blackwood Trapdoor,decoration/building block,natural/building block,,
regions_unexplored,regions_unexplored:blackwood_wood,Blackwood Wood,decoration/building block,natural/building block,,chop Woodcutting 55
regions_unexplored,regions_unexplored:bladed_grass,Bladed Grass,decoration/building block,natural/building block,,
regions_unexplored,regions_unexplored:bladed_tall_grass,Bladed Tall Grass,technical/creative-only,natural/building block; unobtainable in this pack (JEI-hidden),,
regions_unexplored,regions_unexplored:bleeding_heart,Bleeding Heart,decoration/building block,natural/building block,,
regions_unexplored,regions_unexplored:blue_bioshroom,Blue Bioshroom,decoration/building block,natural/building block,,
regions_unexplored,regions_unexplored:blue_bioshroom_block,Blue Bioshroom Block,decoration/building block,natural/building block,,
regions_unexplored,regions_unexplored:blue_bioshroom_button,Blue Bioshroom Button,decoration/building block,natural/building block,,
regions_unexplored,regions_unexplored:blue_bioshroom_door,Blue Bioshroom Door,decoration/building block,natural/building block,,
regions_unexplored,regions_unexplored:blue_bioshroom_fence,Blue Bioshroom Fence,decoration/building block,natural/building block,,
regions_unexplored,regions_unexplored:blue_bioshroom_fence_gate,Blue Bioshroom Fence Gate,decoration/building block,natural/building block,,
regions_unexplored,regions_unexplored:blue_bioshroom_hanging_sign,Blue Bioshroom Hanging Sign,decoration/building block,natural/building block,,
regions_unexplored,regions_unexplored:blue_bioshroom_hyphae,Blue Bioshroom Hyphae,decoration/building block,natural/building block,,chop Woodcutting 25
regions_unexplored,regions_unexplored:blue_bioshroom_planks,Blue Bioshroom Planks,decoration/building block,natural/building block,,
regions_unexplored,regions_unexplored:blue_bioshroom_pressure_plate,Blue Bioshroom Pressure Plate,decoration/building block,natural/building block,,
regions_unexplored,regions_unexplored:blue_bioshroom_sign,Blue Bioshroom Sign,decoration/building block,natural/building block,,
regions_unexplored,regions_unexplored:blue_bioshroom_slab,Blue Bioshroom Slab,decoration/building block,natural/building block,,
regions_unexplored,regions_unexplored:blue_bioshroom_stairs,Blue Bioshroom Stairs,decoration/building block,natural/building block,,
regions_unexplored,regions_unexplored:blue_bioshroom_stem,Blue Bioshroom Stem,decoration/building block,natural/building block,,chop Woodcutting 25
regions_unexplored,regions_unexplored:blue_bioshroom_trapdoor,Blue Bioshroom Trapdoor,decoration/building block,natural/building block,,
regions_unexplored,regions_unexplored:blue_lupine,Blue Lupine,decoration/building block,natural/building block,,
regions_unexplored,regions_unexplored:blue_magnolia_flowers,Blue Magnolia Flowers,decoration/building block,natural/building block,,
regions_unexplored,regions_unexplored:blue_magnolia_leaves,Blue Magnolia Leaves,decoration/building block,natural/building block,,
regions_unexplored,regions_unexplored:blue_magnolia_sapling,Blue Magnolia Sapling,decoration/building block,natural/building block,,
regions_unexplored,regions_unexplored:blue_magnolia_shrub,Blue Magnolia Shrub,decoration/building block,natural/building block,,
regions_unexplored,regions_unexplored:blue_painted_planks,Blue Painted Planks,technical/creative-only,natural/building block; unobtainable in this pack (JEI-hidden),,
regions_unexplored,regions_unexplored:blue_painted_slab,Blue Painted Slab,technical/creative-only,natural/building block; unobtainable in this pack (JEI-hidden),,
regions_unexplored,regions_unexplored:blue_painted_stairs,Blue Painted Stairs,technical/creative-only,natural/building block; unobtainable in this pack (JEI-hidden),,
regions_unexplored,regions_unexplored:blue_snowbelle,Blue Snowbelle,decoration/building block,natural/building block,,
regions_unexplored,regions_unexplored:brimsprout,Brimsprout,decoration/building block,natural/building block,,
regions_unexplored,regions_unexplored:brimsprout_nylium,Brimsprout Nylium,decoration/building block,natural/building block,,
regions_unexplored,regions_unexplored:brimwood_button,Brimwood Button,decoration/building block,natural/building block,,
regions_unexplored,regions_unexplored:brimwood_door,Brimwood Door,decoration/building block,natural/building block,,
regions_unexplored,regions_unexplored:brimwood_fence,Brimwood Fence,decoration/building block,natural/building block,,
regions_unexplored,regions_unexplored:brimwood_fence_gate,Brimwood Fence Gate,decoration/building block,natural/building block,,
regions_unexplored,regions_unexplored:brimwood_hanging_sign,Brimwood Hanging Sign,decoration/building block,natural/building block,,
regions_unexplored,regions_unexplored:brimwood_leaves,Brimwood Leaves,decoration/building block,natural/building block,,
regions_unexplored,regions_unexplored:brimwood_log,Brimwood Log,decoration/building block,natural/building block,,chop Woodcutting 65
regions_unexplored,regions_unexplored:brimwood_log_magma,Brimwood Log Magma,decoration/building block,natural/building block,,chop Woodcutting 65
regions_unexplored,regions_unexplored:brimwood_planks,Brimwood Planks,decoration/building block,natural/building block,,
regions_unexplored,regions_unexplored:brimwood_pressure_plate,Brimwood Pressure Plate,decoration/building block,natural/building block,,
regions_unexplored,regions_unexplored:brimwood_sapling,Brimwood Sapling,decoration/building block,natural/building block,,
regions_unexplored,regions_unexplored:brimwood_shrub,Brimwood Shrub,decoration/building block,natural/building block,,
regions_unexplored,regions_unexplored:brimwood_sign,Brimwood Sign,decoration/building block,natural/building block,,
regions_unexplored,regions_unexplored:brimwood_slab,Brimwood Slab,decoration/building block,natural/building block,,
regions_unexplored,regions_unexplored:brimwood_stairs,Brimwood Stairs,decoration/building block,natural/building block,,
regions_unexplored,regions_unexplored:brimwood_trapdoor,Brimwood Trapdoor,decoration/building block,natural/building block,,
regions_unexplored,regions_unexplored:brimwood_wood,Brimwood Wood,decoration/building block,natural/building block,,chop Woodcutting 65
regions_unexplored,regions_unexplored:brown_painted_planks,Brown Painted Planks,technical/creative-only,natural/building block; unobtainable in this pack (JEI-hidden),,
regions_unexplored,regions_unexplored:brown_painted_slab,Brown Painted Slab,technical/creative-only,natural/building block; unobtainable in this pack (JEI-hidden),,
regions_unexplored,regions_unexplored:brown_painted_stairs,Brown Painted Stairs,technical/creative-only,natural/building block; unobtainable in this pack (JEI-hidden),,
regions_unexplored,regions_unexplored:brown_snowbelle,Brown Snowbelle,decoration/building block,natural/building block,,
regions_unexplored,regions_unexplored:cattail,Cattail,decoration/building block,natural/building block,,
regions_unexplored,regions_unexplored:cave_hyssop,Cave Hyssop,decoration/building block,natural/building block,,
regions_unexplored,regions_unexplored:chalk,Chalk,decoration/building block,natural/building block,,
regions_unexplored,regions_unexplored:chalk_brick_slab,Chalk Brick Slab,decoration/building block,natural/building block,,
regions_unexplored,regions_unexplored:chalk_brick_stairs,Chalk Brick Stairs,decoration/building block,natural/building block,,
regions_unexplored,regions_unexplored:chalk_bricks,Chalk Bricks,decoration/building block,natural/building block,,
regions_unexplored,regions_unexplored:chalk_grass_block,Chalk Grass Block,decoration/building block,natural/building block,,
regions_unexplored,regions_unexplored:chalk_pillar,Chalk Pillar,decoration/building block,natural/building block,,
regions_unexplored,regions_unexplored:chalk_slab,Chalk Slab,decoration/building block,natural/building block,,
regions_unexplored,regions_unexplored:chalk_stairs,Chalk Stairs,decoration/building block,natural/building block,,
regions_unexplored,regions_unexplored:cherry_branch,Cherry Branch,decoration/building block,natural/building block,,
regions_unexplored,regions_unexplored:cherry_shrub,Cherry Shrub,decoration/building block,natural/building block,,
regions_unexplored,regions_unexplored:clover,Clover,decoration/building block,natural/building block,,
regions_unexplored,regions_unexplored:cobalt_button,Cobalt Button,decoration/building block,natural/building block,,
regions_unexplored,regions_unexplored:cobalt_door,Cobalt Door,decoration/building block,natural/building block,,
regions_unexplored,regions_unexplored:cobalt_earlight,Cobalt Earlight,light source,glowing plant/block,,
regions_unexplored,regions_unexplored:cobalt_fence,Cobalt Fence,decoration/building block,natural/building block,,
regions_unexplored,regions_unexplored:cobalt_fence_gate,Cobalt Fence Gate,decoration/building block,natural/building block,,
regions_unexplored,regions_unexplored:cobalt_hanging_sign,Cobalt Hanging Sign,decoration/building block,natural/building block,,
regions_unexplored,regions_unexplored:cobalt_log,Cobalt Log,decoration/building block,natural/building block,,chop Woodcutting 65
regions_unexplored,regions_unexplored:cobalt_nylium,Cobalt Nylium,decoration/building block,natural/building block,,
regions_unexplored,regions_unexplored:cobalt_obsidian,Cobalt Obsidian,crafting material,mineral,,hardness 3 (Mining 30)
regions_unexplored,regions_unexplored:cobalt_planks,Cobalt Planks,decoration/building block,natural/building block,,
regions_unexplored,regions_unexplored:cobalt_pressure_plate,Cobalt Pressure Plate,decoration/building block,natural/building block,,
regions_unexplored,regions_unexplored:cobalt_roots,Cobalt Roots,decoration/building block,natural/building block,,
regions_unexplored,regions_unexplored:cobalt_sapling,Cobalt Sapling,decoration/building block,natural/building block,,
regions_unexplored,regions_unexplored:cobalt_sign,Cobalt Sign,decoration/building block,natural/building block,,
regions_unexplored,regions_unexplored:cobalt_slab,Cobalt Slab,decoration/building block,natural/building block,,
regions_unexplored,regions_unexplored:cobalt_stairs,Cobalt Stairs,decoration/building block,natural/building block,,
regions_unexplored,regions_unexplored:cobalt_trapdoor,Cobalt Trapdoor,decoration/building block,natural/building block,,
regions_unexplored,regions_unexplored:cobalt_webbing,Cobalt Webbing,decoration/building block,natural/building block,,
regions_unexplored,regions_unexplored:cobalt_wood,Cobalt Wood,decoration/building block,natural/building block,,chop Woodcutting 65
regions_unexplored,regions_unexplored:corpse_flower,Corpse Flower,decoration/building block,natural/building block,,
regions_unexplored,regions_unexplored:cyan_painted_planks,Cyan Painted Planks,technical/creative-only,natural/building block; unobtainable in this pack (JEI-hidden),,
regions_unexplored,regions_unexplored:cyan_painted_slab,Cyan Painted Slab,technical/creative-only,natural/building block; unobtainable in this pack (JEI-hidden),,
regions_unexplored,regions_unexplored:cyan_painted_stairs,Cyan Painted Stairs,technical/creative-only,natural/building block; unobtainable in this pack (JEI-hidden),,
regions_unexplored,regions_unexplored:cyan_snowbelle,Cyan Snowbelle,decoration/building block,natural/building block,,
regions_unexplored,regions_unexplored:cypress_boat,Cypress Boat,transport,boat,,
regions_unexplored,regions_unexplored:cypress_branch,Cypress Branch,decoration/building block,natural/building block,,
regions_unexplored,regions_unexplored:cypress_button,Cypress Button,decoration/building block,natural/building block,,
regions_unexplored,regions_unexplored:cypress_chest_boat,Cypress Boat with Chest,transport,boat,,
regions_unexplored,regions_unexplored:cypress_door,Cypress Door,decoration/building block,natural/building block,,
regions_unexplored,regions_unexplored:cypress_fence,Cypress Fence,decoration/building block,natural/building block,,
regions_unexplored,regions_unexplored:cypress_fence_gate,Cypress Fence Gate,decoration/building block,natural/building block,,
regions_unexplored,regions_unexplored:cypress_hanging_sign,Cypress Hanging Sign,decoration/building block,natural/building block,,
regions_unexplored,regions_unexplored:cypress_leaves,Cypress Leaves,decoration/building block,natural/building block,,
regions_unexplored,regions_unexplored:cypress_log,Cypress Log,decoration/building block,natural/building block,,chop Woodcutting 25
regions_unexplored,regions_unexplored:cypress_planks,Cypress Planks,decoration/building block,natural/building block,,
regions_unexplored,regions_unexplored:cypress_pressure_plate,Cypress Pressure Plate,decoration/building block,natural/building block,,
regions_unexplored,regions_unexplored:cypress_sapling,Cypress Sapling,decoration/building block,natural/building block,,
regions_unexplored,regions_unexplored:cypress_shrub,Cypress Shrub,decoration/building block,natural/building block,,
regions_unexplored,regions_unexplored:cypress_sign,Cypress Sign,decoration/building block,natural/building block,,
regions_unexplored,regions_unexplored:cypress_slab,Cypress Slab,decoration/building block,natural/building block,,
regions_unexplored,regions_unexplored:cypress_stairs,Cypress Stairs,decoration/building block,natural/building block,,
regions_unexplored,regions_unexplored:cypress_trapdoor,Cypress Trapdoor,decoration/building block,natural/building block,,
regions_unexplored,regions_unexplored:cypress_wood,Cypress Wood,decoration/building block,natural/building block,,chop Woodcutting 25
regions_unexplored,regions_unexplored:daisy,Daisy,decoration/building block,natural/building block,,
regions_unexplored,regions_unexplored:dark_oak_branch,Dark Oak Branch,decoration/building block,natural/building block,,
regions_unexplored,regions_unexplored:dark_oak_shrub,Dark Oak Shrub,decoration/building block,natural/building block,,
regions_unexplored,regions_unexplored:day_lily,Day Lily,decoration/building block,natural/building block,,
regions_unexplored,regions_unexplored:dead_boat,Dead Boat,transport,boat,,
regions_unexplored,regions_unexplored:dead_branch,Dead Branch,decoration/building block,natural/building block,,
regions_unexplored,regions_unexplored:dead_button,Dead Button,decoration/building block,natural/building block,,
regions_unexplored,regions_unexplored:dead_chest_boat,Dead Boat with Chest,transport,boat,,
regions_unexplored,regions_unexplored:dead_door,Dead Door,decoration/building block,natural/building block,,
regions_unexplored,regions_unexplored:dead_fence,Dead Fence,decoration/building block,natural/building block,,
regions_unexplored,regions_unexplored:dead_fence_gate,Dead Fence Gate,decoration/building block,natural/building block,,
regions_unexplored,regions_unexplored:dead_hanging_sign,Dead Hanging Sign,decoration/building block,natural/building block,,
regions_unexplored,regions_unexplored:dead_leaves,Dead Leaves,decoration/building block,natural/building block,,
regions_unexplored,regions_unexplored:dead_log,Dead Log,decoration/building block,natural/building block,,
regions_unexplored,regions_unexplored:dead_pine_leaves,Dead Pine Leaves,decoration/building block,natural/building block,,
regions_unexplored,regions_unexplored:dead_pine_sapling,Dead Pine Sapling,decoration/building block,natural/building block,,
regions_unexplored,regions_unexplored:dead_pine_shrub,Dead Pine Shrub,decoration/building block,natural/building block,,
regions_unexplored,regions_unexplored:dead_planks,Dead Planks,decoration/building block,natural/building block,,
regions_unexplored,regions_unexplored:dead_pressure_plate,Dead Pressure Plate,decoration/building block,natural/building block,,
regions_unexplored,regions_unexplored:dead_sapling,Dead Sapling,decoration/building block,natural/building block,,
regions_unexplored,regions_unexplored:dead_shrub,Dead Shrub,decoration/building block,natural/building block,,
regions_unexplored,regions_unexplored:dead_sign,Dead Sign,decoration/building block,natural/building block,,
regions_unexplored,regions_unexplored:dead_slab,Dead Slab,decoration/building block,natural/building block,,
regions_unexplored,regions_unexplored:dead_stairs,Dead Stairs,decoration/building block,natural/building block,,
regions_unexplored,regions_unexplored:dead_steppe_shrub,Dead Steppe Shrub,decoration/building block,natural/building block,,
regions_unexplored,regions_unexplored:dead_trapdoor,Dead Trapdoor,decoration/building block,natural/building block,,
regions_unexplored,regions_unexplored:dead_wood,Dead Wood,decoration/building block,natural/building block,,
regions_unexplored,regions_unexplored:deepslate_grass_block,Deepslate Grass Block,decoration/building block,natural/building block,,
regions_unexplored,regions_unexplored:deepslate_prismoss,Deepslate Prismoss,decoration/building block,natural/building block,,
regions_unexplored,regions_unexplored:deepslate_viridescent_nylium,Deepslate Viridescent Nylium,decoration/building block,natural/building block,,
regions_unexplored,regions_unexplored:dorcel,Dorcel,decoration/building block,natural/building block,,
regions_unexplored,regions_unexplored:dropleaf,Dropleaf,decoration/building block,natural/building block,,
regions_unexplored,regions_unexplored:duckweed,Duckweed,decoration/building block,natural/building block,,
regions_unexplored,regions_unexplored:duskmelon_slice,,food,fruit,,
regions_unexplored,regions_unexplored:dusktrap,Dusktrap,decoration/building block,natural/building block,,
regions_unexplored,regions_unexplored:elephant_ear,Elephant Ear,decoration/building block,natural/building block,,
regions_unexplored,regions_unexplored:enchanted_birch_leaf_litter,Enchanted Birch Leaf Litter,decoration/building block,natural/building block,,
regions_unexplored,regions_unexplored:eucalyptus_boat,Eucalyptus Boat,transport,boat,,
regions_unexplored,regions_unexplored:eucalyptus_branch,Eucalyptus Branch,decoration/building block,natural/building block,,
regions_unexplored,regions_unexplored:eucalyptus_button,Eucalyptus Button,decoration/building block,natural/building block,,
regions_unexplored,regions_unexplored:eucalyptus_chest_boat,Eucalyptus Boat with Chest,transport,boat,,
regions_unexplored,regions_unexplored:eucalyptus_door,Eucalyptus Door,decoration/building block,natural/building block,,
regions_unexplored,regions_unexplored:eucalyptus_fence,Eucalyptus Fence,decoration/building block,natural/building block,,
regions_unexplored,regions_unexplored:eucalyptus_fence_gate,Eucalyptus Fence Gate,decoration/building block,natural/building block,,
regions_unexplored,regions_unexplored:eucalyptus_hanging_sign,Eucalyptus Hanging Sign,decoration/building block,natural/building block,,
regions_unexplored,regions_unexplored:eucalyptus_leaves,Eucalyptus Leaves,decoration/building block,natural/building block,,
regions_unexplored,regions_unexplored:eucalyptus_log,Eucalyptus Log,decoration/building block,natural/building block,,chop Woodcutting 35
regions_unexplored,regions_unexplored:eucalyptus_planks,Eucalyptus Planks,decoration/building block,natural/building block,,
regions_unexplored,regions_unexplored:eucalyptus_pressure_plate,Eucalyptus Pressure Plate,decoration/building block,natural/building block,,
regions_unexplored,regions_unexplored:eucalyptus_sapling,Eucalyptus Sapling,decoration/building block,natural/building block,,
regions_unexplored,regions_unexplored:eucalyptus_shrub,Eucalyptus Shrub,decoration/building block,natural/building block,,
regions_unexplored,regions_unexplored:eucalyptus_sign,Eucalyptus Sign,decoration/building block,natural/building block,,
regions_unexplored,regions_unexplored:eucalyptus_slab,Eucalyptus Slab,decoration/building block,natural/building block,,
regions_unexplored,regions_unexplored:eucalyptus_stairs,Eucalyptus Stairs,decoration/building block,natural/building block,,
regions_unexplored,regions_unexplored:eucalyptus_trapdoor,Eucalyptus Trapdoor,decoration/building block,natural/building block,,
regions_unexplored,regions_unexplored:eucalyptus_wood,Eucalyptus Wood,decoration/building block,natural/building block,,chop Woodcutting 35
regions_unexplored,regions_unexplored:felicia_daisy,Felicia Daisy,decoration/building block,natural/building block,,
regions_unexplored,regions_unexplored:fireweed,Fireweed,decoration/building block,natural/building block,,
regions_unexplored,regions_unexplored:flowering_leaves,Flowering Leaves,decoration/building block,natural/building block,,
regions_unexplored,regions_unexplored:flowering_lily_pad,Flowering Lily Pad,decoration/building block,natural/building block,,
regions_unexplored,regions_unexplored:flowering_sapling,Flowering Sapling,decoration/building block,natural/building block,,
regions_unexplored,regions_unexplored:flowering_shrub,Flowering Shrub,decoration/building block,natural/building block,,
regions_unexplored,regions_unexplored:frozen_grass,Frozen Grass,decoration/building block,natural/building block,,
regions_unexplored,regions_unexplored:glister_bulb,Glister Bulb,light source,glowing plant/block,,
regions_unexplored,regions_unexplored:glister_spire,Glister Spire,decoration/building block,natural/building block,,
regions_unexplored,regions_unexplored:glistering_bloom,Glistering Bloom,decoration/building block,natural/building block,,
regions_unexplored,regions_unexplored:glistering_fern,Glistering Fern,decoration/building block,natural/building block,,
regions_unexplored,regions_unexplored:glistering_ivy,Glistering Ivy,decoration/building block,natural/building block,,
regions_unexplored,regions_unexplored:glistering_nylium,Glistering Nylium,decoration/building block,natural/building block,,
regions_unexplored,regions_unexplored:glistering_sprout,Glistering Sprout,decoration/building block,natural/building block,,
regions_unexplored,regions_unexplored:glistering_wart,Glistering Wart,decoration/building block,natural/building block,,
regions_unexplored,regions_unexplored:glowing_blue_bioshroom_block,Glowing Blue Bioshroom Block,light source,glowing plant/block,,
regions_unexplored,regions_unexplored:glowing_green_bioshroom_block,Glowing Green Bioshroom Block,light source,glowing plant/block,,
regions_unexplored,regions_unexplored:glowing_pink_bioshroom_block,Glowing Pink Bioshroom Block,light source,glowing plant/block,,
regions_unexplored,regions_unexplored:glowing_yellow_bioshroom_block,Glowing Yellow Bioshroom Block,light source,glowing plant/block,,
regions_unexplored,regions_unexplored:golden_larch_leaves,Golden Larch Leaves,decoration/building block,natural/building block,,
regions_unexplored,regions_unexplored:golden_larch_sapling,Golden Larch Sapling,decoration/building block,natural/building block,,
regions_unexplored,regions_unexplored:golden_larch_shrub,Golden Larch Shrub,decoration/building block,natural/building block,,
regions_unexplored,regions_unexplored:grass_sprouts,Grass Sprouts,decoration/building block,natural/building block,,
regions_unexplored,regions_unexplored:gray_painted_planks,Gray Painted Planks,technical/creative-only,natural/building block; unobtainable in this pack (JEI-hidden),,
regions_unexplored,regions_unexplored:gray_painted_slab,Gray Painted Slab,technical/creative-only,natural/building block; unobtainable in this pack (JEI-hidden),,
regions_unexplored,regions_unexplored:gray_painted_stairs,Gray Painted Stairs,technical/creative-only,natural/building block; unobtainable in this pack (JEI-hidden),,
regions_unexplored,regions_unexplored:gray_snowbelle,Gray Snowbelle,decoration/building block,natural/building block,,
regions_unexplored,regions_unexplored:green_bioshroom,Green Bioshroom,decoration/building block,natural/building block,,
regions_unexplored,regions_unexplored:green_bioshroom_block,Green Bioshroom Block,decoration/building block,natural/building block,,
regions_unexplored,regions_unexplored:green_bioshroom_button,Green Bioshroom Button,decoration/building block,natural/building block,,
regions_unexplored,regions_unexplored:green_bioshroom_door,Green Bioshroom Door,decoration/building block,natural/building block,,
regions_unexplored,regions_unexplored:green_bioshroom_fence,Green Bioshroom Fence,decoration/building block,natural/building block,,
regions_unexplored,regions_unexplored:green_bioshroom_fence_gate,Green Bioshroom Fence Gate,decoration/building block,natural/building block,,
regions_unexplored,regions_unexplored:green_bioshroom_hanging_sign,Green Bioshroom Hanging Sign,decoration/building block,natural/building block,,
regions_unexplored,regions_unexplored:green_bioshroom_hyphae,Green Bioshroom Hyphae,decoration/building block,natural/building block,,chop Woodcutting 25
regions_unexplored,regions_unexplored:green_bioshroom_planks,Green Bioshroom Planks,decoration/building block,natural/building block,,
regions_unexplored,regions_unexplored:green_bioshroom_pressure_plate,Green Bioshroom Pressure Plate,decoration/building block,natural/building block,,
regions_unexplored,regions_unexplored:green_bioshroom_sign,Green Bioshroom Sign,decoration/building block,natural/building block,,
regions_unexplored,regions_unexplored:green_bioshroom_slab,Green Bioshroom Slab,decoration/building block,natural/building block,,
regions_unexplored,regions_unexplored:green_bioshroom_stairs,Green Bioshroom Stairs,decoration/building block,natural/building block,,
regions_unexplored,regions_unexplored:green_bioshroom_stem,Green Bioshroom Stem,decoration/building block,natural/building block,,chop Woodcutting 25
regions_unexplored,regions_unexplored:green_bioshroom_trapdoor,Green Bioshroom Trapdoor,decoration/building block,natural/building block,,
regions_unexplored,regions_unexplored:green_painted_planks,Green Painted Planks,technical/creative-only,natural/building block; unobtainable in this pack (JEI-hidden),,
regions_unexplored,regions_unexplored:green_painted_slab,Green Painted Slab,technical/creative-only,natural/building block; unobtainable in this pack (JEI-hidden),,
regions_unexplored,regions_unexplored:green_painted_stairs,Green Painted Stairs,technical/creative-only,natural/building block; unobtainable in this pack (JEI-hidden),,
regions_unexplored,regions_unexplored:green_snowbelle,Green Snowbelle,decoration/building block,natural/building block,,
regions_unexplored,regions_unexplored:hanging_earlight_fruit,,light source,glowing plant/block,,
regions_unexplored,regions_unexplored:hanging_prismarite,Hanging Prismarite,crafting material,mineral,,
regions_unexplored,regions_unexplored:hibiscus,Hibiscus,decoration/building block,natural/building block,,
regions_unexplored,regions_unexplored:hyacinth_bloom,Hyacinth Bloom,decoration/building block,natural/building block,,
regions_unexplored,regions_unexplored:hyacinth_flowers,Hyacinth Flowers,decoration/building block,natural/building block,,
regions_unexplored,regions_unexplored:hyacinth_lamp,Hyacinth Lamp,light source,glowing plant/block,,
regions_unexplored,regions_unexplored:hyssop,Hyssop,decoration/building block,natural/building block,,
regions_unexplored,regions_unexplored:icicle,Icicle,decoration/building block,natural/building block,,
regions_unexplored,regions_unexplored:iridescent_ring,Iridescent Ring,decoration/building block,ring (cosmetic),,
regions_unexplored,regions_unexplored:joshua_beard,Joshua Beard,decoration/building block,natural/building block,,
regions_unexplored,regions_unexplored:joshua_boat,Joshua Boat,transport,boat,,
regions_unexplored,regions_unexplored:joshua_button,Joshua Button,decoration/building block,natural/building block,,
regions_unexplored,regions_unexplored:joshua_chest_boat,Joshua Boat with Chest,transport,boat,,
regions_unexplored,regions_unexplored:joshua_door,Joshua Door,decoration/building block,natural/building block,,
regions_unexplored,regions_unexplored:joshua_fence,Joshua Fence,decoration/building block,natural/building block,,
regions_unexplored,regions_unexplored:joshua_fence_gate,Joshua Fence Gate,decoration/building block,natural/building block,,
regions_unexplored,regions_unexplored:joshua_hanging_sign,Joshua Hanging Sign,decoration/building block,natural/building block,,
regions_unexplored,regions_unexplored:joshua_leaves,Joshua Leaves,decoration/building block,natural/building block,,
regions_unexplored,regions_unexplored:joshua_log,Joshua Log,decoration/building block,natural/building block,,chop Woodcutting 20
regions_unexplored,regions_unexplored:joshua_planks,Joshua Planks,decoration/building block,natural/building block,,
regions_unexplored,regions_unexplored:joshua_pressure_plate,Joshua Pressure Plate,decoration/building block,natural/building block,,
regions_unexplored,regions_unexplored:joshua_sapling,Joshua Sapling,decoration/building block,natural/building block,,
regions_unexplored,regions_unexplored:joshua_shrub,Joshua Shrub,decoration/building block,natural/building block,,
regions_unexplored,regions_unexplored:joshua_sign,Joshua Sign,decoration/building block,natural/building block,,
regions_unexplored,regions_unexplored:joshua_slab,Joshua Slab,decoration/building block,natural/building block,,
regions_unexplored,regions_unexplored:joshua_stairs,Joshua Stairs,decoration/building block,natural/building block,,
regions_unexplored,regions_unexplored:joshua_trapdoor,Joshua Trapdoor,decoration/building block,natural/building block,,
regions_unexplored,regions_unexplored:joshua_wood,Joshua Wood,decoration/building block,natural/building block,,chop Woodcutting 20
regions_unexplored,regions_unexplored:jungle_branch,Jungle Branch,decoration/building block,natural/building block,,
regions_unexplored,regions_unexplored:jungle_shrub,Jungle Shrub,decoration/building block,natural/building block,,
regions_unexplored,regions_unexplored:kapok_boat,Kapok Boat,transport,boat,,
regions_unexplored,regions_unexplored:kapok_branch,Kapok Branch,decoration/building block,natural/building block,,
regions_unexplored,regions_unexplored:kapok_button,Kapok Button,decoration/building block,natural/building block,,
regions_unexplored,regions_unexplored:kapok_chest_boat,Kapok Boat with Chest,transport,boat,,
regions_unexplored,regions_unexplored:kapok_door,Kapok Door,decoration/building block,natural/building block,,
regions_unexplored,regions_unexplored:kapok_fence,Kapok Fence,decoration/building block,natural/building block,,
regions_unexplored,regions_unexplored:kapok_fence_gate,Kapok Fence Gate,decoration/building block,natural/building block,,
regions_unexplored,regions_unexplored:kapok_hanging_sign,Kapok Hanging Sign,decoration/building block,natural/building block,,
regions_unexplored,regions_unexplored:kapok_leaves,Kapok Leaves,decoration/building block,natural/building block,,
regions_unexplored,regions_unexplored:kapok_log,Kapok Log,decoration/building block,natural/building block,,chop Woodcutting 50
regions_unexplored,regions_unexplored:kapok_planks,Kapok Planks,decoration/building block,natural/building block,,
regions_unexplored,regions_unexplored:kapok_pressure_plate,Kapok Pressure Plate,decoration/building block,natural/building block,,
regions_unexplored,regions_unexplored:kapok_sapling,Kapok Sapling,decoration/building block,natural/building block,,
regions_unexplored,regions_unexplored:kapok_shrub,Kapok Shrub,decoration/building block,natural/building block,,
regions_unexplored,regions_unexplored:kapok_sign,Kapok Sign,decoration/building block,natural/building block,,
regions_unexplored,regions_unexplored:kapok_slab,Kapok Slab,decoration/building block,natural/building block,,
regions_unexplored,regions_unexplored:kapok_stairs,Kapok Stairs,decoration/building block,natural/building block,,
regions_unexplored,regions_unexplored:kapok_trapdoor,Kapok Trapdoor,decoration/building block,natural/building block,,
regions_unexplored,regions_unexplored:kapok_vines,Kapok Vines,decoration/building block,natural/building block,,
regions_unexplored,regions_unexplored:kapok_wood,Kapok Wood,decoration/building block,natural/building block,,chop Woodcutting 50
regions_unexplored,regions_unexplored:larch_boat,Larch Boat,transport,boat,,
regions_unexplored,regions_unexplored:larch_branch,Larch Branch,decoration/building block,natural/building block,,
regions_unexplored,regions_unexplored:larch_button,Larch Button,decoration/building block,natural/building block,,
regions_unexplored,regions_unexplored:larch_chest_boat,Larch Boat with Chest,transport,boat,,
regions_unexplored,regions_unexplored:larch_door,Larch Door,decoration/building block,natural/building block,,
regions_unexplored,regions_unexplored:larch_fence,Larch Fence,decoration/building block,natural/building block,,
regions_unexplored,regions_unexplored:larch_fence_gate,Larch Fence Gate,decoration/building block,natural/building block,,
regions_unexplored,regions_unexplored:larch_hanging_sign,Larch Hanging Sign,decoration/building block,natural/building block,,
regions_unexplored,regions_unexplored:larch_leaves,Larch Leaves,decoration/building block,natural/building block,,
regions_unexplored,regions_unexplored:larch_log,Larch Log,decoration/building block,natural/building block,,chop Woodcutting 20
regions_unexplored,regions_unexplored:larch_planks,Larch Planks,decoration/building block,natural/building block,,
regions_unexplored,regions_unexplored:larch_pressure_plate,Larch Pressure Plate,decoration/building block,natural/building block,,
regions_unexplored,regions_unexplored:larch_sapling,Larch Sapling,decoration/building block,natural/building block,,
regions_unexplored,regions_unexplored:larch_shrub,Larch Shrub,decoration/building block,natural/building block,,
regions_unexplored,regions_unexplored:larch_sign,Larch Sign,decoration/building block,natural/building block,,
regions_unexplored,regions_unexplored:larch_slab,Larch Slab,decoration/building block,natural/building block,,
regions_unexplored,regions_unexplored:larch_stairs,Larch Stairs,decoration/building block,natural/building block,,
regions_unexplored,regions_unexplored:larch_trapdoor,Larch Trapdoor,decoration/building block,natural/building block,,
regions_unexplored,regions_unexplored:larch_wood,Larch Wood,decoration/building block,natural/building block,,chop Woodcutting 20
regions_unexplored,regions_unexplored:large_prismarite_cluster,Large Prismarite Cluster,crafting material,mineral,,
regions_unexplored,regions_unexplored:lavender_wisteria_leaves,Lavender Wisteria Leaves,decoration/building block,natural/building block,,
regions_unexplored,regions_unexplored:lavender_wisteria_sapling,Lavender Wisteria Sapling,decoration/building block,natural/building block,,
regions_unexplored,regions_unexplored:lavender_wisteria_shrub,Lavender Wisteria Shrub,decoration/building block,natural/building block,,
regions_unexplored,regions_unexplored:lavender_wisteria_vines,Lavender Wisteria Vines,decoration/building block,natural/building block,,
regions_unexplored,regions_unexplored:light_blue_painted_planks,Light Blue Painted Planks,technical/creative-only,natural/building block; unobtainable in this pack (JEI-hidden),,
regions_unexplored,regions_unexplored:light_blue_painted_slab,Light Blue Painted Slab,technical/creative-only,natural/building block; unobtainable in this pack (JEI-hidden),,
regions_unexplored,regions_unexplored:light_blue_painted_stairs,Light Blue Painted Stairs,technical/creative-only,natural/building block; unobtainable in this pack (JEI-hidden),,
regions_unexplored,regions_unexplored:light_blue_snowbelle,Light Blue Snowbelle,decoration/building block,natural/building block,,
regions_unexplored,regions_unexplored:light_gray_painted_planks,Light Gray Painted Planks,technical/creative-only,natural/building block; unobtainable in this pack (JEI-hidden),,
regions_unexplored,regions_unexplored:light_gray_painted_slab,Light Gray Painted Slab,technical/creative-only,natural/building block; unobtainable in this pack (JEI-hidden),,
regions_unexplored,regions_unexplored:light_gray_painted_stairs,Light Gray Painted Stairs,technical/creative-only,natural/building block; unobtainable in this pack (JEI-hidden),,
regions_unexplored,regions_unexplored:light_gray_snowbelle,Light Gray Snowbelle,decoration/building block,natural/building block,,
regions_unexplored,regions_unexplored:lime_painted_planks,Lime Painted Planks,technical/creative-only,natural/building block; unobtainable in this pack (JEI-hidden),,
regions_unexplored,regions_unexplored:lime_painted_slab,Lime Painted Slab,technical/creative-only,natural/building block; unobtainable in this pack (JEI-hidden),,
regions_unexplored,regions_unexplored:lime_painted_stairs,Lime Painted Stairs,technical/creative-only,natural/building block; unobtainable in this pack (JEI-hidden),,
regions_unexplored,regions_unexplored:lime_snowbelle,Lime Snowbelle,decoration/building block,natural/building block,,
regions_unexplored,regions_unexplored:magenta_painted_planks,Magenta Painted Planks,technical/creative-only,natural/building block; unobtainable in this pack (JEI-hidden),,
regions_unexplored,regions_unexplored:magenta_painted_slab,Magenta Painted Slab,technical/creative-only,natural/building block; unobtainable in this pack (JEI-hidden),,
regions_unexplored,regions_unexplored:magenta_painted_stairs,Magenta Painted Stairs,technical/creative-only,natural/building block; unobtainable in this pack (JEI-hidden),,
regions_unexplored,regions_unexplored:magenta_snowbelle,Magenta Snowbelle,decoration/building block,natural/building block,,
regions_unexplored,regions_unexplored:magnolia_boat,Magnolia Boat,transport,boat,,
regions_unexplored,regions_unexplored:magnolia_branch,Magnolia Branch,decoration/building block,natural/building block,,
regions_unexplored,regions_unexplored:magnolia_button,Magnolia Button,decoration/building block,natural/building block,,
regions_unexplored,regions_unexplored:magnolia_chest_boat,Magnolia Boat with Chest,transport,boat,,
regions_unexplored,regions_unexplored:magnolia_door,Magnolia Door,decoration/building block,natural/building block,,
regions_unexplored,regions_unexplored:magnolia_fence,Magnolia Fence,decoration/building block,natural/building block,,
regions_unexplored,regions_unexplored:magnolia_fence_gate,Magnolia Fence Gate,decoration/building block,natural/building block,,
regions_unexplored,regions_unexplored:magnolia_hanging_sign,Magnolia Hanging Sign,decoration/building block,natural/building block,,
regions_unexplored,regions_unexplored:magnolia_leaves,Magnolia Leaves,decoration/building block,natural/building block,,
regions_unexplored,regions_unexplored:magnolia_log,Magnolia Log,decoration/building block,natural/building block,,chop Woodcutting 40
regions_unexplored,regions_unexplored:magnolia_planks,Magnolia Planks,decoration/building block,natural/building block,,
regions_unexplored,regions_unexplored:magnolia_pressure_plate,Magnolia Pressure Plate,decoration/building block,natural/building block,,
regions_unexplored,regions_unexplored:magnolia_sapling,Magnolia Sapling,decoration/building block,natural/building block,,
regions_unexplored,regions_unexplored:magnolia_shrub,Magnolia Shrub,decoration/building block,natural/building block,,
regions_unexplored,regions_unexplored:magnolia_sign,Magnolia Sign,decoration/building block,natural/building block,,
regions_unexplored,regions_unexplored:magnolia_slab,Magnolia Slab,decoration/building block,natural/building block,,
regions_unexplored,regions_unexplored:magnolia_stairs,Magnolia Stairs,decoration/building block,natural/building block,,
regions_unexplored,regions_unexplored:magnolia_trapdoor,Magnolia Trapdoor,decoration/building block,natural/building block,,
regions_unexplored,regions_unexplored:magnolia_wood,Magnolia Wood,decoration/building block,natural/building block,,chop Woodcutting 40
regions_unexplored,regions_unexplored:mallow,Mallow,decoration/building block,natural/building block,,
regions_unexplored,regions_unexplored:mangrove_branch,Mangrove Branch,decoration/building block,natural/building block,,
regions_unexplored,regions_unexplored:mangrove_shrub,Mangrove Shrub,decoration/building block,natural/building block,,
regions_unexplored,regions_unexplored:maple_boat,Maple Boat,transport,boat,,
regions_unexplored,regions_unexplored:maple_branch,Maple Branch,decoration/building block,natural/building block,,
regions_unexplored,regions_unexplored:maple_button,Maple Button,decoration/building block,natural/building block,,
regions_unexplored,regions_unexplored:maple_chest_boat,Maple Boat with Chest,transport,boat,,
regions_unexplored,regions_unexplored:maple_door,Maple Door,decoration/building block,natural/building block,,
regions_unexplored,regions_unexplored:maple_fence,Maple Fence,decoration/building block,natural/building block,,
regions_unexplored,regions_unexplored:maple_fence_gate,Maple Fence Gate,decoration/building block,natural/building block,,
regions_unexplored,regions_unexplored:maple_hanging_sign,Maple Hanging Sign,decoration/building block,natural/building block,,
regions_unexplored,regions_unexplored:maple_leaf_litter,Maple Leaf Litter,decoration/building block,natural/building block,,
regions_unexplored,regions_unexplored:maple_leaves,Maple Leaves,decoration/building block,natural/building block,,
regions_unexplored,regions_unexplored:maple_log,Maple Log,decoration/building block,natural/building block,,chop Woodcutting 45
regions_unexplored,regions_unexplored:maple_planks,Maple Planks,decoration/building block,natural/building block,,
regions_unexplored,regions_unexplored:maple_pressure_plate,Maple Pressure Plate,decoration/building block,natural/building block,,
regions_unexplored,regions_unexplored:maple_sapling,Maple Sapling,decoration/building block,natural/building block,,
regions_unexplored,regions_unexplored:maple_shrub,Maple Shrub,decoration/building block,natural/building block,,
regions_unexplored,regions_unexplored:maple_sign,Maple Sign,decoration/building block,natural/building block,,
regions_unexplored,regions_unexplored:maple_slab,Maple Slab,decoration/building block,natural/building block,,
regions_unexplored,regions_unexplored:maple_stairs,Maple Stairs,decoration/building block,natural/building block,,
regions_unexplored,regions_unexplored:maple_trapdoor,Maple Trapdoor,decoration/building block,natural/building block,,
regions_unexplored,regions_unexplored:maple_wood,Maple Wood,decoration/building block,natural/building block,,chop Woodcutting 45
regions_unexplored,regions_unexplored:meadow_sage,Meadow Sage,decoration/building block,natural/building block,,
regions_unexplored,regions_unexplored:mossy_stone,Mossy Stone,decoration/building block,natural/building block,,
regions_unexplored,regions_unexplored:mycotoxic_daisy,Mycotoxic Daisy,decoration/building block,natural/building block,,
regions_unexplored,regions_unexplored:mycotoxic_grass,Mycotoxic Grass,decoration/building block,natural/building block,,
regions_unexplored,regions_unexplored:mycotoxic_moss,Mycotoxic Moss,decoration/building block,natural/building block,,
regions_unexplored,regions_unexplored:mycotoxic_mushrooms,Mycotoxic Mushrooms,decoration/building block,natural/building block,,
regions_unexplored,regions_unexplored:oak_branch,Oak Branch,decoration/building block,natural/building block,,
regions_unexplored,regions_unexplored:oak_shrub,Oak Shrub,decoration/building block,natural/building block,,
regions_unexplored,regions_unexplored:orange_coneflower,Orange Coneflower,decoration/building block,natural/building block,,
regions_unexplored,regions_unexplored:orange_maple_leaf_litter,Orange Maple Leaf Litter,decoration/building block,natural/building block,,
regions_unexplored,regions_unexplored:orange_maple_leaves,Orange Maple Leaves,decoration/building block,natural/building block,,
regions_unexplored,regions_unexplored:orange_maple_sapling,Orange Maple Sapling,decoration/building block,natural/building block,,
regions_unexplored,regions_unexplored:orange_maple_shrub,Orange Maple Shrub,decoration/building block,natural/building block,,
regions_unexplored,regions_unexplored:orange_painted_planks,Orange Painted Planks,technical/creative-only,natural/building block; unobtainable in this pack (JEI-hidden),,
regions_unexplored,regions_unexplored:orange_painted_slab,Orange Painted Slab,technical/creative-only,natural/building block; unobtainable in this pack (JEI-hidden),,
regions_unexplored,regions_unexplored:orange_painted_stairs,Orange Painted Stairs,technical/creative-only,natural/building block; unobtainable in this pack (JEI-hidden),,
regions_unexplored,regions_unexplored:orange_snowbelle,Orange Snowbelle,decoration/building block,natural/building block,,
regions_unexplored,regions_unexplored:overgrown_bone_block,Overgrown Bone Block,decoration/building block,natural/building block,,
regions_unexplored,regions_unexplored:palm_beard,Palm Beard,decoration/building block,natural/building block,,
regions_unexplored,regions_unexplored:palm_boat,Palm Boat,transport,boat,,
regions_unexplored,regions_unexplored:palm_button,Palm Button,decoration/building block,natural/building block,,
regions_unexplored,regions_unexplored:palm_chest_boat,Palm Boat with Chest,transport,boat,,
regions_unexplored,regions_unexplored:palm_door,Palm Door,decoration/building block,natural/building block,,
regions_unexplored,regions_unexplored:palm_fence,Palm Fence,decoration/building block,natural/building block,,
regions_unexplored,regions_unexplored:palm_fence_gate,Palm Fence Gate,decoration/building block,natural/building block,,
regions_unexplored,regions_unexplored:palm_hanging_sign,Palm Hanging Sign,decoration/building block,natural/building block,,
regions_unexplored,regions_unexplored:palm_leaves,Palm Leaves,decoration/building block,natural/building block,,
regions_unexplored,regions_unexplored:palm_log,Palm Log,decoration/building block,natural/building block,,chop Woodcutting 15
regions_unexplored,regions_unexplored:palm_planks,Palm Planks,decoration/building block,natural/building block,,
regions_unexplored,regions_unexplored:palm_pressure_plate,Palm Pressure Plate,decoration/building block,natural/building block,,
regions_unexplored,regions_unexplored:palm_sapling,Palm Sapling,decoration/building block,natural/building block,,
regions_unexplored,regions_unexplored:palm_shrub,Palm Shrub,decoration/building block,natural/building block,,
regions_unexplored,regions_unexplored:palm_sign,Palm Sign,decoration/building block,natural/building block,,
regions_unexplored,regions_unexplored:palm_slab,Palm Slab,decoration/building block,natural/building block,,
regions_unexplored,regions_unexplored:palm_stairs,Palm Stairs,decoration/building block,natural/building block,,
regions_unexplored,regions_unexplored:palm_trapdoor,Palm Trapdoor,decoration/building block,natural/building block,,
regions_unexplored,regions_unexplored:palm_wood,Palm Wood,decoration/building block,natural/building block,,chop Woodcutting 15
regions_unexplored,regions_unexplored:peat_coarse_dirt,Peat Coarse Dirt,decoration/building block,natural/building block,,
regions_unexplored,regions_unexplored:peat_dirt,Peat Dirt,decoration/building block,natural/building block,,
regions_unexplored,regions_unexplored:peat_dirt_path,Peat Dirt Path,decoration/building block,natural/building block,,
regions_unexplored,regions_unexplored:peat_farmland,Peat Farmland,decoration/building block,natural/building block,,
regions_unexplored,regions_unexplored:peat_grass_block,Peat Grass Block,decoration/building block,natural/building block,,
regions_unexplored,regions_unexplored:peat_mud,Peat Mud,decoration/building block,natural/building block,,
regions_unexplored,regions_unexplored:peat_podzol,Peat Podzol,decoration/building block,natural/building block,,
regions_unexplored,regions_unexplored:pine_boat,Pine Boat,transport,boat,,
regions_unexplored,regions_unexplored:pine_branch,Pine Branch,decoration/building block,natural/building block,,
regions_unexplored,regions_unexplored:pine_button,Pine Button,decoration/building block,natural/building block,,
regions_unexplored,regions_unexplored:pine_chest_boat,Pine Boat with Chest,transport,boat,,
regions_unexplored,regions_unexplored:pine_door,Pine Door,decoration/building block,natural/building block,,
regions_unexplored,regions_unexplored:pine_fence,Pine Fence,decoration/building block,natural/building block,,
regions_unexplored,regions_unexplored:pine_fence_gate,Pine Fence Gate,decoration/building block,natural/building block,,
regions_unexplored,regions_unexplored:pine_hanging_sign,Pine Hanging Sign,decoration/building block,natural/building block,,
regions_unexplored,regions_unexplored:pine_leaves,Pine Leaves,decoration/building block,natural/building block,,
regions_unexplored,regions_unexplored:pine_log,Pine Log,decoration/building block,natural/building block,,chop Woodcutting 10
regions_unexplored,regions_unexplored:pine_planks,Pine Planks,decoration/building block,natural/building block,,
regions_unexplored,regions_unexplored:pine_pressure_plate,Pine Pressure Plate,decoration/building block,natural/building block,,
regions_unexplored,regions_unexplored:pine_sapling,Pine Sapling,decoration/building block,natural/building block,,
regions_unexplored,regions_unexplored:pine_shrub,Pine Shrub,decoration/building block,natural/building block,,
regions_unexplored,regions_unexplored:pine_sign,Pine Sign,decoration/building block,natural/building block,,
regions_unexplored,regions_unexplored:pine_slab,Pine Slab,decoration/building block,natural/building block,,
regions_unexplored,regions_unexplored:pine_stairs,Pine Stairs,decoration/building block,natural/building block,,
regions_unexplored,regions_unexplored:pine_trapdoor,Pine Trapdoor,decoration/building block,natural/building block,,
regions_unexplored,regions_unexplored:pine_wood,Pine Wood,decoration/building block,natural/building block,,chop Woodcutting 10
regions_unexplored,regions_unexplored:pink_bioshroom,Pink Bioshroom,decoration/building block,natural/building block,,
regions_unexplored,regions_unexplored:pink_bioshroom_block,Pink Bioshroom Block,decoration/building block,natural/building block,,
regions_unexplored,regions_unexplored:pink_bioshroom_button,Pink Bioshroom Button,decoration/building block,natural/building block,,
regions_unexplored,regions_unexplored:pink_bioshroom_door,Pink Bioshroom Door,decoration/building block,natural/building block,,
regions_unexplored,regions_unexplored:pink_bioshroom_fence,Pink Bioshroom Fence,decoration/building block,natural/building block,,
regions_unexplored,regions_unexplored:pink_bioshroom_fence_gate,Pink Bioshroom Fence Gate,decoration/building block,natural/building block,,
regions_unexplored,regions_unexplored:pink_bioshroom_hanging_sign,Pink Bioshroom Hanging Sign,decoration/building block,natural/building block,,
regions_unexplored,regions_unexplored:pink_bioshroom_hyphae,Pink Bioshroom Hyphae,decoration/building block,natural/building block,,chop Woodcutting 25
regions_unexplored,regions_unexplored:pink_bioshroom_planks,Pink Bioshroom Planks,decoration/building block,natural/building block,,
regions_unexplored,regions_unexplored:pink_bioshroom_pressure_plate,Pink Bioshroom Pressure Plate,decoration/building block,natural/building block,,
regions_unexplored,regions_unexplored:pink_bioshroom_sign,Pink Bioshroom Sign,decoration/building block,natural/building block,,
regions_unexplored,regions_unexplored:pink_bioshroom_slab,Pink Bioshroom Slab,decoration/building block,natural/building block,,
regions_unexplored,regions_unexplored:pink_bioshroom_stairs,Pink Bioshroom Stairs,decoration/building block,natural/building block,,
regions_unexplored,regions_unexplored:pink_bioshroom_stem,Pink Bioshroom Stem,decoration/building block,natural/building block,,chop Woodcutting 25
regions_unexplored,regions_unexplored:pink_bioshroom_trapdoor,Pink Bioshroom Trapdoor,decoration/building block,natural/building block,,
regions_unexplored,regions_unexplored:pink_lupine,Pink Lupine,decoration/building block,natural/building block,,
regions_unexplored,regions_unexplored:pink_magnolia_flowers,Pink Magnolia Flowers,decoration/building block,natural/building block,,
regions_unexplored,regions_unexplored:pink_magnolia_leaves,Pink Magnolia Leaves,decoration/building block,natural/building block,,
regions_unexplored,regions_unexplored:pink_magnolia_sapling,Pink Magnolia Sapling,decoration/building block,natural/building block,,
regions_unexplored,regions_unexplored:pink_magnolia_shrub,Pink Magnolia Shrub,decoration/building block,natural/building block,,
regions_unexplored,regions_unexplored:pink_painted_planks,Pink Painted Planks,technical/creative-only,natural/building block; unobtainable in this pack (JEI-hidden),,
regions_unexplored,regions_unexplored:pink_painted_slab,Pink Painted Slab,technical/creative-only,natural/building block; unobtainable in this pack (JEI-hidden),,
regions_unexplored,regions_unexplored:pink_painted_stairs,Pink Painted Stairs,technical/creative-only,natural/building block; unobtainable in this pack (JEI-hidden),,
regions_unexplored,regions_unexplored:pink_snowbelle,Pink Snowbelle,decoration/building block,natural/building block,,
regions_unexplored,regions_unexplored:pointed_redstone,Pointed Redstone,crafting material,mineral,,
regions_unexplored,regions_unexplored:polished_chalk,Polished Chalk,decoration/building block,natural/building block,,
regions_unexplored,regions_unexplored:polished_chalk_slab,Polished Chalk Slab,decoration/building block,natural/building block,,
regions_unexplored,regions_unexplored:polished_chalk_stairs,Polished Chalk Stairs,decoration/building block,natural/building block,,
regions_unexplored,regions_unexplored:poppy_bush,Poppy Bush,decoration/building block,natural/building block,,
regions_unexplored,regions_unexplored:prismaglass,Prismaglass,decoration/building block,natural/building block,,
regions_unexplored,regions_unexplored:prismarite_cluster,Prismarite Cluster,crafting material,mineral,,
regions_unexplored,regions_unexplored:prismoss,Prismoss,decoration/building block,natural/building block,,
regions_unexplored,regions_unexplored:prismoss_sprout,Prismoss Sprout,decoration/building block,natural/building block,,
regions_unexplored,regions_unexplored:purple_coneflower,Purple Coneflower,decoration/building block,natural/building block,,
regions_unexplored,regions_unexplored:purple_lupine,Purple Lupine,decoration/building block,natural/building block,,
regions_unexplored,regions_unexplored:purple_painted_planks,Purple Painted Planks,technical/creative-only,natural/building block; unobtainable in this pack (JEI-hidden),,
regions_unexplored,regions_unexplored:purple_painted_slab,Purple Painted Slab,technical/creative-only,natural/building block; unobtainable in this pack (JEI-hidden),,
regions_unexplored,regions_unexplored:purple_painted_stairs,Purple Painted Stairs,technical/creative-only,natural/building block; unobtainable in this pack (JEI-hidden),,
regions_unexplored,regions_unexplored:purple_snowbelle,Purple Snowbelle,decoration/building block,natural/building block,,
regions_unexplored,regions_unexplored:raw_redstone_block,Raw Redstone Block,crafting material,mineral,hardness 2 (mining 20) use-gate; hardness 2 block (mining 20),
regions_unexplored,regions_unexplored:red_lupine,Red Lupine,decoration/building block,natural/building block,,
regions_unexplored,regions_unexplored:red_maple_leaf_litter,Red Maple Leaf Litter,decoration/building block,natural/building block,,
regions_unexplored,regions_unexplored:red_maple_leaves,Red Maple Leaves,decoration/building block,natural/building block,,
regions_unexplored,regions_unexplored:red_maple_sapling,Red Maple Sapling,decoration/building block,natural/building block,,
regions_unexplored,regions_unexplored:red_maple_shrub,Red Maple Shrub,decoration/building block,natural/building block,,
regions_unexplored,regions_unexplored:red_painted_planks,Red Painted Planks,technical/creative-only,natural/building block; unobtainable in this pack (JEI-hidden),,
regions_unexplored,regions_unexplored:red_painted_slab,Red Painted Slab,technical/creative-only,natural/building block; unobtainable in this pack (JEI-hidden),,
regions_unexplored,regions_unexplored:red_painted_stairs,Red Painted Stairs,technical/creative-only,natural/building block; unobtainable in this pack (JEI-hidden),,
regions_unexplored,regions_unexplored:red_snowbelle,Red Snowbelle,decoration/building block,natural/building block,,
regions_unexplored,regions_unexplored:redstone_bud,Redstone Bud,crafting material,mineral,,
regions_unexplored,regions_unexplored:redstone_bulb,Redstone Bulb,crafting material,mineral,,
regions_unexplored,regions_unexplored:redwood_boat,Redwood Boat,transport,boat,,
regions_unexplored,regions_unexplored:redwood_branch,Redwood Branch,decoration/building block,natural/building block,,
regions_unexplored,regions_unexplored:redwood_button,Redwood Button,decoration/building block,natural/building block,,
regions_unexplored,regions_unexplored:redwood_chest_boat,Redwood Boat with Chest,transport,boat,,
regions_unexplored,regions_unexplored:redwood_door,Redwood Door,decoration/building block,natural/building block,,
regions_unexplored,regions_unexplored:redwood_fence,Redwood Fence,decoration/building block,natural/building block,,
regions_unexplored,regions_unexplored:redwood_fence_gate,Redwood Fence Gate,decoration/building block,natural/building block,,
regions_unexplored,regions_unexplored:redwood_hanging_sign,Redwood Hanging Sign,decoration/building block,natural/building block,,
regions_unexplored,regions_unexplored:redwood_leaves,Redwood Leaves,decoration/building block,natural/building block,,
regions_unexplored,regions_unexplored:redwood_log,Redwood Log,decoration/building block,natural/building block,,chop Woodcutting 70
regions_unexplored,regions_unexplored:redwood_planks,Redwood Planks,decoration/building block,natural/building block,,
regions_unexplored,regions_unexplored:redwood_pressure_plate,Redwood Pressure Plate,decoration/building block,natural/building block,,
regions_unexplored,regions_unexplored:redwood_sapling,Redwood Sapling,decoration/building block,natural/building block,,
regions_unexplored,regions_unexplored:redwood_shrub,Redwood Shrub,decoration/building block,natural/building block,,
regions_unexplored,regions_unexplored:redwood_sign,Redwood Sign,decoration/building block,natural/building block,,
regions_unexplored,regions_unexplored:redwood_slab,Redwood Slab,decoration/building block,natural/building block,,
regions_unexplored,regions_unexplored:redwood_stairs,Redwood Stairs,decoration/building block,natural/building block,,
regions_unexplored,regions_unexplored:redwood_trapdoor,Redwood Trapdoor,decoration/building block,natural/building block,,
regions_unexplored,regions_unexplored:redwood_wood,Redwood Wood,decoration/building block,natural/building block,,chop Woodcutting 70
regions_unexplored,regions_unexplored:saguaro_cactus,Saguaro Cactus,decoration/building block,natural/building block,,
regions_unexplored,regions_unexplored:saguaro_cactus_flower,Saguaro Cactus Flower,decoration/building block,natural/building block,,
regions_unexplored,regions_unexplored:salmon_poppy,Salmon Poppy,decoration/building block,natural/building block,,
regions_unexplored,regions_unexplored:salmon_poppy_bush,Salmon Poppy Bush,decoration/building block,natural/building block,,
regions_unexplored,regions_unexplored:salmon_wisteria_leaves,Salmon Wisteria Leaves,decoration/building block,natural/building block,,
regions_unexplored,regions_unexplored:salmon_wisteria_sapling,Salmon Wisteria Sapling,decoration/building block,natural/building block,,
regions_unexplored,regions_unexplored:salmon_wisteria_shrub,Salmon Wisteria Shrub,decoration/building block,natural/building block,,
regions_unexplored,regions_unexplored:salmon_wisteria_vines,Salmon Wisteria Vines,decoration/building block,natural/building block,,
regions_unexplored,regions_unexplored:salmonberry,,food,fruit,,
regions_unexplored,regions_unexplored:sandy_grass,Sandy Grass,decoration/building block,natural/building block,,
regions_unexplored,regions_unexplored:sandy_tall_grass,Sandy Tall Grass,technical/creative-only,natural/building block; unobtainable in this pack (JEI-hidden),,
regions_unexplored,regions_unexplored:silt_coarse_dirt,Silt Coarse Dirt,decoration/building block,natural/building block,,
regions_unexplored,regions_unexplored:silt_dirt,Silt Dirt,decoration/building block,natural/building block,,
regions_unexplored,regions_unexplored:silt_dirt_path,Silt Dirt Path,decoration/building block,natural/building block,,
regions_unexplored,regions_unexplored:silt_farmland,Silt Farmland,decoration/building block,natural/building block,,
regions_unexplored,regions_unexplored:silt_grass_block,Silt Grass Block,decoration/building block,natural/building block,,
regions_unexplored,regions_unexplored:silt_mud,Silt Mud,decoration/building block,natural/building block,,
regions_unexplored,regions_unexplored:silt_podzol,Silt Podzol,decoration/building block,natural/building block,,
regions_unexplored,regions_unexplored:silver_birch_branch,Silver Birch Branch,decoration/building block,natural/building block,,
regions_unexplored,regions_unexplored:silver_birch_leaf_litter,Silver Birch Leaf Litter,decoration/building block,natural/building block,,
regions_unexplored,regions_unexplored:silver_birch_leaves,Silver Birch Leaves,decoration/building block,natural/building block,,
regions_unexplored,regions_unexplored:silver_birch_log,Silver Birch Log,decoration/building block,natural/building block,,
regions_unexplored,regions_unexplored:silver_birch_sapling,Silver Birch Sapling,decoration/building block,natural/building block,,
regions_unexplored,regions_unexplored:silver_birch_shrub,Silver Birch Shrub,decoration/building block,natural/building block,,
regions_unexplored,regions_unexplored:silver_birch_wood,Silver Birch Wood,decoration/building block,natural/building block,,
regions_unexplored,regions_unexplored:sky_wisteria_leaves,Sky Wisteria Leaves,decoration/building block,natural/building block,,
regions_unexplored,regions_unexplored:sky_wisteria_sapling,Sky Wisteria Sapling,decoration/building block,natural/building block,,
regions_unexplored,regions_unexplored:sky_wisteria_shrub,Sky Wisteria Shrub,decoration/building block,natural/building block,,
regions_unexplored,regions_unexplored:sky_wisteria_vines,Sky Wisteria Vines,decoration/building block,natural/building block,,
regions_unexplored,regions_unexplored:small_desert_shrub,Small Desert Shrub,decoration/building block,natural/building block,,
regions_unexplored,regions_unexplored:small_oak_leaves,Small Oak Leaves,decoration/building block,natural/building block,,
regions_unexplored,regions_unexplored:small_oak_log,Small Oak Log,decoration/building block,natural/building block,,
regions_unexplored,regions_unexplored:small_oak_sapling,Small Oak Sapling,decoration/building block,natural/building block,,
regions_unexplored,regions_unexplored:socotra_boat,Socotra Boat,transport,boat,,
regions_unexplored,regions_unexplored:socotra_branch,Socotra Branch,decoration/building block,natural/building block,,
regions_unexplored,regions_unexplored:socotra_button,Socotra Button,decoration/building block,natural/building block,,
regions_unexplored,regions_unexplored:socotra_chest_boat,Socotra Boat with Chest,transport,boat,,
regions_unexplored,regions_unexplored:socotra_door,Socotra Door,decoration/building block,natural/building block,,
regions_unexplored,regions_unexplored:socotra_fence,Socotra Fence,decoration/building block,natural/building block,,
regions_unexplored,regions_unexplored:socotra_fence_gate,Socotra Fence Gate,decoration/building block,natural/building block,,
regions_unexplored,regions_unexplored:socotra_hanging_sign,Socotra Hanging Sign,decoration/building block,natural/building block,,
regions_unexplored,regions_unexplored:socotra_leaves,Socotra Leaves,decoration/building block,natural/building block,,
regions_unexplored,regions_unexplored:socotra_log,Socotra Log,decoration/building block,natural/building block,,chop Woodcutting 55
regions_unexplored,regions_unexplored:socotra_planks,Socotra Planks,decoration/building block,natural/building block,,
regions_unexplored,regions_unexplored:socotra_pressure_plate,Socotra Pressure Plate,decoration/building block,natural/building block,,
regions_unexplored,regions_unexplored:socotra_sapling,Socotra Sapling,decoration/building block,natural/building block,,
regions_unexplored,regions_unexplored:socotra_shrub,Socotra Shrub,decoration/building block,natural/building block,,
regions_unexplored,regions_unexplored:socotra_sign,Socotra Sign,decoration/building block,natural/building block,,
regions_unexplored,regions_unexplored:socotra_slab,Socotra Slab,decoration/building block,natural/building block,,
regions_unexplored,regions_unexplored:socotra_stairs,Socotra Stairs,decoration/building block,natural/building block,,
regions_unexplored,regions_unexplored:socotra_trapdoor,Socotra Trapdoor,decoration/building block,natural/building block,,
regions_unexplored,regions_unexplored:socotra_wood,Socotra Wood,decoration/building block,natural/building block,,chop Woodcutting 55
regions_unexplored,regions_unexplored:spanish_moss,Spanish Moss,decoration/building block,natural/building block,,
regions_unexplored,regions_unexplored:spruce_branch,Spruce Branch,decoration/building block,natural/building block,,
regions_unexplored,regions_unexplored:spruce_shrub,Spruce Shrub,decoration/building block,natural/building block,,
regions_unexplored,regions_unexplored:steppe_grass,Steppe Grass,decoration/building block,natural/building block,,
regions_unexplored,regions_unexplored:steppe_shrub,Steppe Shrub,decoration/building block,natural/building block,,
regions_unexplored,regions_unexplored:steppe_tall_grass,Steppe Tall Grass,technical/creative-only,natural/building block; unobtainable in this pack (JEI-hidden),,
regions_unexplored,regions_unexplored:stone_grass_block,Stone Grass Block,decoration/building block,natural/building block,,
regions_unexplored,regions_unexplored:stripped_bamboo_log,Stripped Bamboo Log,decoration/building block,natural/building block,,chop Woodcutting 15
regions_unexplored,regions_unexplored:stripped_baobab_log,Stripped Baobab Log,decoration/building block,natural/building block,,chop Woodcutting 40
regions_unexplored,regions_unexplored:stripped_baobab_wood,Stripped Baobab Wood,decoration/building block,natural/building block,,chop Woodcutting 40
regions_unexplored,regions_unexplored:stripped_blackwood_log,Stripped Blackwood Log,decoration/building block,natural/building block,,chop Woodcutting 55
regions_unexplored,regions_unexplored:stripped_blackwood_wood,Stripped Blackwood Wood,decoration/building block,natural/building block,,chop Woodcutting 55
regions_unexplored,regions_unexplored:stripped_blue_bioshroom_hyphae,Stripped Blue Bioshroom Hyphae,decoration/building block,natural/building block,,chop Woodcutting 25
regions_unexplored,regions_unexplored:stripped_blue_bioshroom_stem,Stripped Blue Bioshroom Stem,decoration/building block,natural/building block,,chop Woodcutting 25
regions_unexplored,regions_unexplored:stripped_brimwood_log,Stripped Brimwood Log,decoration/building block,natural/building block,,chop Woodcutting 65
regions_unexplored,regions_unexplored:stripped_brimwood_wood,Stripped Brimwood Wood,decoration/building block,natural/building block,,chop Woodcutting 65
regions_unexplored,regions_unexplored:stripped_cobalt_log,Stripped Cobalt Log,decoration/building block,natural/building block,,chop Woodcutting 65
regions_unexplored,regions_unexplored:stripped_cobalt_wood,Stripped Cobalt Wood,decoration/building block,natural/building block,,chop Woodcutting 65
regions_unexplored,regions_unexplored:stripped_cypress_log,Stripped Cypress Log,decoration/building block,natural/building block,,chop Woodcutting 25
regions_unexplored,regions_unexplored:stripped_cypress_wood,Stripped Cypress Wood,decoration/building block,natural/building block,,chop Woodcutting 25
regions_unexplored,regions_unexplored:stripped_dead_log,Stripped Dead Log,decoration/building block,natural/building block,,
regions_unexplored,regions_unexplored:stripped_dead_wood,Stripped Dead Wood,decoration/building block,natural/building block,,
regions_unexplored,regions_unexplored:stripped_eucalyptus_log,Stripped Eucalyptus Log,decoration/building block,natural/building block,,chop Woodcutting 35
regions_unexplored,regions_unexplored:stripped_eucalyptus_wood,Stripped Eucalyptus Wood,decoration/building block,natural/building block,,chop Woodcutting 35
regions_unexplored,regions_unexplored:stripped_green_bioshroom_hyphae,Stripped Green Bioshroom Hyphae,decoration/building block,natural/building block,,chop Woodcutting 25
regions_unexplored,regions_unexplored:stripped_green_bioshroom_stem,Stripped Green Bioshroom Stem,decoration/building block,natural/building block,,chop Woodcutting 25
regions_unexplored,regions_unexplored:stripped_joshua_log,Stripped Joshua Log,decoration/building block,natural/building block,,chop Woodcutting 20
regions_unexplored,regions_unexplored:stripped_joshua_wood,Stripped Joshua Wood,decoration/building block,natural/building block,,chop Woodcutting 20
regions_unexplored,regions_unexplored:stripped_kapok_log,Stripped Kapok Log,decoration/building block,natural/building block,,chop Woodcutting 50
regions_unexplored,regions_unexplored:stripped_kapok_wood,Stripped Kapok Wood,decoration/building block,natural/building block,,chop Woodcutting 50
regions_unexplored,regions_unexplored:stripped_larch_log,Stripped Larch Log,decoration/building block,natural/building block,,chop Woodcutting 20
regions_unexplored,regions_unexplored:stripped_larch_wood,Stripped Larch Wood,decoration/building block,natural/building block,,chop Woodcutting 20
regions_unexplored,regions_unexplored:stripped_magnolia_log,Stripped Magnolia Log,decoration/building block,natural/building block,,chop Woodcutting 40
regions_unexplored,regions_unexplored:stripped_magnolia_wood,Stripped Magnolia Wood,decoration/building block,natural/building block,,chop Woodcutting 40
regions_unexplored,regions_unexplored:stripped_maple_log,Stripped Maple Log,decoration/building block,natural/building block,,chop Woodcutting 45
regions_unexplored,regions_unexplored:stripped_maple_wood,Stripped Maple Wood,decoration/building block,natural/building block,,chop Woodcutting 45
regions_unexplored,regions_unexplored:stripped_palm_log,Stripped Palm Log,decoration/building block,natural/building block,,chop Woodcutting 15
regions_unexplored,regions_unexplored:stripped_palm_wood,Stripped Palm Wood,decoration/building block,natural/building block,,chop Woodcutting 15
regions_unexplored,regions_unexplored:stripped_pine_log,Stripped Pine Log,decoration/building block,natural/building block,,chop Woodcutting 10
regions_unexplored,regions_unexplored:stripped_pine_wood,Stripped Pine Wood,decoration/building block,natural/building block,,chop Woodcutting 10
regions_unexplored,regions_unexplored:stripped_pink_bioshroom_hyphae,Stripped Pink Bioshroom Hyphae,decoration/building block,natural/building block,,chop Woodcutting 25
regions_unexplored,regions_unexplored:stripped_pink_bioshroom_stem,Stripped Pink Bioshroom Stem,decoration/building block,natural/building block,,chop Woodcutting 25
regions_unexplored,regions_unexplored:stripped_redwood_log,Stripped Redwood Log,decoration/building block,natural/building block,,chop Woodcutting 70
regions_unexplored,regions_unexplored:stripped_redwood_wood,Stripped Redwood Wood,decoration/building block,natural/building block,,chop Woodcutting 70
regions_unexplored,regions_unexplored:stripped_small_oak_log,Stripped Small Oak Log,decoration/building block,natural/building block,,
regions_unexplored,regions_unexplored:stripped_socotra_log,Stripped Socotra Log,decoration/building block,natural/building block,,chop Woodcutting 55
regions_unexplored,regions_unexplored:stripped_socotra_wood,Stripped Socotra Wood,decoration/building block,natural/building block,,chop Woodcutting 55
regions_unexplored,regions_unexplored:stripped_willow_log,Stripped Willow Log,decoration/building block,natural/building block,,chop Woodcutting 30
regions_unexplored,regions_unexplored:stripped_willow_wood,Stripped Willow Wood,decoration/building block,natural/building block,,chop Woodcutting 30
regions_unexplored,regions_unexplored:stripped_wisteria_log,Stripped Wisteria Log,decoration/building block,natural/building block,,chop Woodcutting 40
regions_unexplored,regions_unexplored:stripped_wisteria_wood,Stripped Wisteria Wood,decoration/building block,natural/building block,,chop Woodcutting 40
regions_unexplored,regions_unexplored:stripped_yellow_bioshroom_hyphae,Stripped Yellow Bioshroom Hyphae,decoration/building block,natural/building block,,chop Woodcutting 25
regions_unexplored,regions_unexplored:stripped_yellow_bioshroom_stem,Stripped Yellow Bioshroom Stem,decoration/building block,natural/building block,,chop Woodcutting 25
regions_unexplored,regions_unexplored:tall_blue_bioshroom,Tall Blue Bioshroom,decoration/building block,natural/building block,,
regions_unexplored,regions_unexplored:tall_cobalt_earlight,Tall Cobalt Earlight,light source,glowing plant/block,,
regions_unexplored,regions_unexplored:tall_green_bioshroom,Tall Green Bioshroom,decoration/building block,natural/building block,,
regions_unexplored,regions_unexplored:tall_hyacinth_stock,Tall Hyacinth Stock,decoration/building block,natural/building block,,
regions_unexplored,regions_unexplored:tall_pink_bioshroom,Tall Pink Bioshroom,decoration/building block,natural/building block,,
regions_unexplored,regions_unexplored:tall_yellow_bioshroom,Tall Yellow Bioshroom,decoration/building block,natural/building block,,
regions_unexplored,regions_unexplored:tassel,Tassel,decoration/building block,natural/building block,,
regions_unexplored,regions_unexplored:tsubaki,Tsubaki,decoration/building block,natural/building block,,
regions_unexplored,regions_unexplored:viridescent_nylium,Viridescent Nylium,decoration/building block,natural/building block,,
regions_unexplored,regions_unexplored:volcanic_ash,Volcanic Ash,decoration/building block,natural/building block,,
regions_unexplored,regions_unexplored:waratah,Waratah,decoration/building block,natural/building block,,
regions_unexplored,regions_unexplored:white_magnolia_flowers,White Magnolia Flowers,decoration/building block,natural/building block,,
regions_unexplored,regions_unexplored:white_magnolia_leaves,White Magnolia Leaves,decoration/building block,natural/building block,,
regions_unexplored,regions_unexplored:white_magnolia_sapling,White Magnolia Sapling,decoration/building block,natural/building block,,
regions_unexplored,regions_unexplored:white_magnolia_shrub,White Magnolia Shrub,decoration/building block,natural/building block,,
regions_unexplored,regions_unexplored:white_painted_planks,White Painted Planks,technical/creative-only,natural/building block; unobtainable in this pack (JEI-hidden),,
regions_unexplored,regions_unexplored:white_painted_slab,White Painted Slab,technical/creative-only,natural/building block; unobtainable in this pack (JEI-hidden),,
regions_unexplored,regions_unexplored:white_painted_stairs,White Painted Stairs,technical/creative-only,natural/building block; unobtainable in this pack (JEI-hidden),,
regions_unexplored,regions_unexplored:white_snowbelle,White Snowbelle,decoration/building block,natural/building block,,
regions_unexplored,regions_unexplored:white_trillium,White Trillium,decoration/building block,natural/building block,,
regions_unexplored,regions_unexplored:willow_boat,Willow Boat,transport,boat,,
regions_unexplored,regions_unexplored:willow_branch,Willow Branch,decoration/building block,natural/building block,,
regions_unexplored,regions_unexplored:willow_button,Willow Button,decoration/building block,natural/building block,,
regions_unexplored,regions_unexplored:willow_chest_boat,Willow Boat with Chest,transport,boat,,
regions_unexplored,regions_unexplored:willow_door,Willow Door,decoration/building block,natural/building block,,
regions_unexplored,regions_unexplored:willow_fence,Willow Fence,decoration/building block,natural/building block,,
regions_unexplored,regions_unexplored:willow_fence_gate,Willow Fence Gate,decoration/building block,natural/building block,,
regions_unexplored,regions_unexplored:willow_hanging_sign,Willow Hanging Sign,decoration/building block,natural/building block,,
regions_unexplored,regions_unexplored:willow_leaves,Willow Leaves,decoration/building block,natural/building block,,
regions_unexplored,regions_unexplored:willow_log,Willow Log,decoration/building block,natural/building block,,chop Woodcutting 30
regions_unexplored,regions_unexplored:willow_planks,Willow Planks,decoration/building block,natural/building block,,
regions_unexplored,regions_unexplored:willow_pressure_plate,Willow Pressure Plate,decoration/building block,natural/building block,,
regions_unexplored,regions_unexplored:willow_sapling,Willow Sapling,decoration/building block,natural/building block,,
regions_unexplored,regions_unexplored:willow_shrub,Willow Shrub,decoration/building block,natural/building block,,
regions_unexplored,regions_unexplored:willow_sign,Willow Sign,decoration/building block,natural/building block,,
regions_unexplored,regions_unexplored:willow_slab,Willow Slab,decoration/building block,natural/building block,,
regions_unexplored,regions_unexplored:willow_stairs,Willow Stairs,decoration/building block,natural/building block,,
regions_unexplored,regions_unexplored:willow_trapdoor,Willow Trapdoor,decoration/building block,natural/building block,,
regions_unexplored,regions_unexplored:willow_wood,Willow Wood,decoration/building block,natural/building block,,chop Woodcutting 30
regions_unexplored,regions_unexplored:wilting_trillium,Wilting Trillium,decoration/building block,natural/building block,,
regions_unexplored,regions_unexplored:windswept_grass,Windswept Grass,decoration/building block,natural/building block,,
regions_unexplored,regions_unexplored:wisteria_boat,Wisteria Boat,transport,boat,,
regions_unexplored,regions_unexplored:wisteria_branch,Wisteria Branch,decoration/building block,natural/building block,,
regions_unexplored,regions_unexplored:wisteria_button,Wisteria Button,decoration/building block,natural/building block,,
regions_unexplored,regions_unexplored:wisteria_chest_boat,Wisteria Boat with Chest,transport,boat,,
regions_unexplored,regions_unexplored:wisteria_door,Wisteria Door,decoration/building block,natural/building block,,
regions_unexplored,regions_unexplored:wisteria_fence,Wisteria Fence,decoration/building block,natural/building block,,
regions_unexplored,regions_unexplored:wisteria_fence_gate,Wisteria Fence Gate,decoration/building block,natural/building block,,
regions_unexplored,regions_unexplored:wisteria_hanging_sign,Wisteria Hanging Sign,decoration/building block,natural/building block,,
regions_unexplored,regions_unexplored:wisteria_log,Wisteria Log,decoration/building block,natural/building block,,chop Woodcutting 40
regions_unexplored,regions_unexplored:wisteria_planks,Wisteria Planks,decoration/building block,natural/building block,,
regions_unexplored,regions_unexplored:wisteria_pressure_plate,Wisteria Pressure Plate,decoration/building block,natural/building block,,
regions_unexplored,regions_unexplored:wisteria_sign,Wisteria Sign,decoration/building block,natural/building block,,
regions_unexplored,regions_unexplored:wisteria_slab,Wisteria Slab,decoration/building block,natural/building block,,
regions_unexplored,regions_unexplored:wisteria_stairs,Wisteria Stairs,decoration/building block,natural/building block,,
regions_unexplored,regions_unexplored:wisteria_trapdoor,Wisteria Trapdoor,decoration/building block,natural/building block,,
regions_unexplored,regions_unexplored:wisteria_wood,Wisteria Wood,decoration/building block,natural/building block,,chop Woodcutting 40
regions_unexplored,regions_unexplored:yellow_bioshroom,Yellow Bioshroom,decoration/building block,natural/building block,,
regions_unexplored,regions_unexplored:yellow_bioshroom_block,Yellow Bioshroom Block,decoration/building block,natural/building block,,
regions_unexplored,regions_unexplored:yellow_bioshroom_button,Yellow Bioshroom Button,decoration/building block,natural/building block,,
regions_unexplored,regions_unexplored:yellow_bioshroom_door,Yellow Bioshroom Door,decoration/building block,natural/building block,,
regions_unexplored,regions_unexplored:yellow_bioshroom_fence,Yellow Bioshroom Fence,decoration/building block,natural/building block,,
regions_unexplored,regions_unexplored:yellow_bioshroom_fence_gate,Yellow Bioshroom Fence Gate,decoration/building block,natural/building block,,
regions_unexplored,regions_unexplored:yellow_bioshroom_hanging_sign,Yellow Bioshroom Hanging Sign,decoration/building block,natural/building block,,
regions_unexplored,regions_unexplored:yellow_bioshroom_hyphae,Yellow Bioshroom Hyphae,decoration/building block,natural/building block,,chop Woodcutting 25
regions_unexplored,regions_unexplored:yellow_bioshroom_planks,Yellow Bioshroom Planks,decoration/building block,natural/building block,,
regions_unexplored,regions_unexplored:yellow_bioshroom_pressure_plate,Yellow Bioshroom Pressure Plate,decoration/building block,natural/building block,,
regions_unexplored,regions_unexplored:yellow_bioshroom_sign,Yellow Bioshroom Sign,decoration/building block,natural/building block,,
regions_unexplored,regions_unexplored:yellow_bioshroom_slab,Yellow Bioshroom Slab,decoration/building block,natural/building block,,
regions_unexplored,regions_unexplored:yellow_bioshroom_stairs,Yellow Bioshroom Stairs,decoration/building block,natural/building block,,
regions_unexplored,regions_unexplored:yellow_bioshroom_stem,Yellow Bioshroom Stem,decoration/building block,natural/building block,,chop Woodcutting 25
regions_unexplored,regions_unexplored:yellow_bioshroom_trapdoor,Yellow Bioshroom Trapdoor,decoration/building block,natural/building block,,
regions_unexplored,regions_unexplored:yellow_lupine,Yellow Lupine,decoration/building block,natural/building block,,
regions_unexplored,regions_unexplored:yellow_painted_planks,Yellow Painted Planks,technical/creative-only,natural/building block; unobtainable in this pack (JEI-hidden),,
regions_unexplored,regions_unexplored:yellow_painted_slab,Yellow Painted Slab,technical/creative-only,natural/building block; unobtainable in this pack (JEI-hidden),,
regions_unexplored,regions_unexplored:yellow_painted_stairs,Yellow Painted Stairs,technical/creative-only,natural/building block; unobtainable in this pack (JEI-hidden),,
regions_unexplored,regions_unexplored:yellow_snowbelle,Yellow Snowbelle,decoration/building block,natural/building block,,
naturalist,naturalist:alligator_egg,Alligator Egg,crafting material,mob drop / catch,,
naturalist,naturalist:alligator_spawn_egg,Alligator Spawn Egg,technical/creative-only,spawn egg,,
naturalist,naturalist:anglerfish,Anglerfish,food,food,,
naturalist,naturalist:anglerfish_bucket,Bucket of Anglerfish,crafting material,mob drop / catch,,
naturalist,naturalist:anglerfish_spawn_egg,Anglerfish Spawn Egg,technical/creative-only,spawn egg,,
naturalist,naturalist:ant,Ant,crafting material,mob drop / catch,,
naturalist,naturalist:ant_hill,Ant Hill,decoration/building block,building/decoration,,
naturalist,naturalist:ant_spawn_egg,Ant Spawn Egg,technical/creative-only,spawn egg,,
naturalist,naturalist:antler,Antler,crafting material,mob drop / catch,,
naturalist,naturalist:azure_froglass,Azure Froglass,light source,light,,
naturalist,naturalist:azure_froglass_pane,Azure Froglass Pane,light source,light,,
naturalist,naturalist:bass,Raw Bass,food,food,,
naturalist,naturalist:bass_bucket,Bucket of Bass,crafting material,mob drop / catch,,
naturalist,naturalist:bass_spawn_egg,Bass Spawn Egg,technical/creative-only,spawn egg,,
naturalist,naturalist:bear_spawn_egg,Brown Bear Spawn Egg,technical/creative-only,spawn egg,,
naturalist,naturalist:bird_spawn_egg,Bird Spawn Egg,technical/creative-only,spawn egg,,
naturalist,naturalist:black_bear_spawn_egg,Black Bear Spawn Egg,technical/creative-only,spawn egg,,
naturalist,naturalist:blobfish,Blobfish,food,food,,
naturalist,naturalist:blobfish_bucket,Bucket of Blobfish,crafting material,mob drop / catch,,
naturalist,naturalist:blobfish_spawn_egg,Blobfish Spawn Egg,technical/creative-only,spawn egg,,
naturalist,naturalist:blue_starfish,Blue Starfish,decoration/building block,building/decoration,,
naturalist,naturalist:boar_spawn_egg,Boar Spawn Egg,technical/creative-only,spawn egg,,
naturalist,naturalist:bushmeat,Bushmeat,food,food,,
naturalist,naturalist:butterfly,Butterfly,crafting material,mob drop / catch,,
naturalist,naturalist:butterfly_spawn_egg,Butterfly Spawn Egg,technical/creative-only,spawn egg,,
naturalist,naturalist:capture_net,Capture Net,tool,tool,,
naturalist,naturalist:capybara_spawn_egg,Capybara Spawn Egg,technical/creative-only,spawn egg,,
naturalist,naturalist:caterpillar,Caterpillar,crafting material,mob drop / catch,,
naturalist,naturalist:caterpillar_spawn_egg,Caterpillar Spawn Egg,technical/creative-only,spawn egg,,
naturalist,naturalist:catfish,Raw Catfish,food,food,,
naturalist,naturalist:catfish_bucket,Bucket of Catfish,crafting material,mob drop / catch,,
naturalist,naturalist:catfish_spawn_egg,Catfish Spawn Egg,technical/creative-only,spawn egg,,
naturalist,naturalist:chrysalis,Chrysalis,crafting material,mob drop / catch,,
naturalist,naturalist:clam_meat,Clam Meat,food,food,,
naturalist,naturalist:clam_spawn_egg,Clam Spawn Egg,technical/creative-only,spawn egg,,
naturalist,naturalist:cooked_anglerfish,Cooked Anglerfish,food,food,,
naturalist,naturalist:cooked_bass,Cooked Bass,food,food,,
naturalist,naturalist:cooked_blobfish,Cooked Blobfish,food,food,,
naturalist,naturalist:cooked_bushmeat,Cooked Bushmeat,food,food,,
naturalist,naturalist:cooked_catfish,Cooked Catfish,food,food,,
naturalist,naturalist:cooked_clam_meat,Cooked Clam Meat,food,food,,
naturalist,naturalist:cooked_crab_meat,Cooked Crab Meat,food,food,,
naturalist,naturalist:cooked_drumstick,Cooked Drumstick,food,food,,
naturalist,naturalist:cooked_duck,Cooked Duck,food,food,,
naturalist,naturalist:cooked_egg,Cooked Egg,food,food,,
naturalist,naturalist:cooked_lizard_tail,Cooked Lizard Tail,food,food,,
naturalist,naturalist:cooked_mammoth_meat,Cooked Mammoth Meat,food,food,,
naturalist,naturalist:cooked_piranha,Cooked Piranha,food,food,,
naturalist,naturalist:cooked_venison,Cooked Venison,food,food,,
naturalist,naturalist:crab,Crab,crafting material,mob drop / catch,,
naturalist,naturalist:crab_meat,Crab Meat,food,food,,
naturalist,naturalist:crab_spawn_egg,Crab Spawn Egg,technical/creative-only,spawn egg,,
naturalist,naturalist:crimson_froglass,Crimson Froglass,light source,light,,
naturalist,naturalist:crimson_froglass_pane,Crimson Froglass Pane,light source,light,,
naturalist,naturalist:cut_shellstone,Cut Shellstone,decoration/building block,building/decoration,,
naturalist,naturalist:cut_shellstone_slab,Cut Shellstone Slab,decoration/building block,building/decoration,,
naturalist,naturalist:cut_shellstone_stairs,Cut Shellstone Stairs,decoration/building block,building/decoration,,
naturalist,naturalist:cut_shellstone_wall,Cut Shellstone Wall,decoration/building block,building/decoration,,
naturalist,naturalist:deer_spawn_egg,Deer Spawn Egg,technical/creative-only,spawn egg,,
naturalist,naturalist:desert_scorpion_spawn_egg,Desert Scorpion Spawn Egg,technical/creative-only,spawn egg,,
naturalist,naturalist:dragonfly_spawn_egg,Dragonfly Spawn Egg,technical/creative-only,spawn egg,,
naturalist,naturalist:drumstick,Drumstick,food,food,,
naturalist,naturalist:duck,Raw Duck,food,food,,
naturalist,naturalist:duck_bucket,Bucket of Duckling,crafting material,mob drop / catch,,
naturalist,naturalist:duck_egg,Duck Egg,crafting material,mob drop / catch,,
naturalist,naturalist:duck_spawn_egg,Duck Spawn Egg,technical/creative-only,spawn egg,,
naturalist,naturalist:elephant_spawn_egg,Elephant Spawn Egg,technical/creative-only,spawn egg,,
naturalist,naturalist:fat,Fat,crafting material,mob drop / catch,,
naturalist,naturalist:firefly_spawn_egg,Firefly Spawn Egg,technical/creative-only,spawn egg,,
naturalist,naturalist:fur,Fur,crafting material,mob drop / catch,,
naturalist,naturalist:giant_isopod_bucket,Bucket of Giant Isopod,crafting material,mob drop / catch,,
naturalist,naturalist:giant_isopod_spawn_egg,Giant Isopod Spawn Egg,technical/creative-only,spawn egg,,
naturalist,naturalist:giraffe_spawn_egg,Giraffe Spawn Egg,technical/creative-only,spawn egg,,
naturalist,naturalist:glow_goop,Glow Goop,light source,light,,
naturalist,naturalist:great_white_shark_spawn_egg,Great White Shark Spawn Egg,technical/creative-only,spawn egg,,
naturalist,naturalist:hedgehog,Hedgehog,crafting material,mob drop / catch,,
naturalist,naturalist:hedgehog_spawn_egg,Hedgehog Spawn Egg,technical/creative-only,spawn egg,,
naturalist,naturalist:hide,Hide,crafting material,mob drop / catch,,
naturalist,naturalist:hippo_spawn_egg,Hippo Spawn Egg,technical/creative-only,spawn egg,,
naturalist,naturalist:jellyfish_bucket,Bucket of Jellyfish,crafting material,mob drop / catch,,
naturalist,naturalist:jellyfish_spawn_egg,Jellyfish Spawn Egg,technical/creative-only,spawn egg,,
naturalist,naturalist:jungle_scorpion_spawn_egg,Jungle Scorpion Spawn Egg,technical/creative-only,spawn egg,,
naturalist,naturalist:knapsack,Knapsack,storage/logistics,pack,,
naturalist,naturalist:komodo_dragon_spawn_egg,Komodo Dragon Spawn Egg,technical/creative-only,spawn egg,,
naturalist,naturalist:lion_spawn_egg,Lion Spawn Egg,technical/creative-only,spawn egg,,
naturalist,naturalist:lizard_spawn_egg,Lizard Spawn Egg,technical/creative-only,spawn egg,,
naturalist,naturalist:lizard_tail,Lizard Tail,food,food,,
naturalist,naturalist:mammoth_meat,Raw Mammoth Meat,food,food,,
naturalist,naturalist:mammoth_spawn_egg,Mammoth Spawn Egg,technical/creative-only,spawn egg,,
naturalist,naturalist:mole_spawn_egg,Mole Spawn Egg,technical/creative-only,spawn egg,,
naturalist,naturalist:morsel,Morsel,food,food,,
naturalist,naturalist:music_disc_death_by_hogs,Music Disc,decoration/building block,building/decoration,,
naturalist,naturalist:music_disc_wild_ones,Music Disc,decoration/building block,building/decoration,,
naturalist,naturalist:orange_starfish,Orange Starfish,decoration/building block,building/decoration,,
naturalist,naturalist:ostrich_egg,Ostrich Egg,crafting material,mob drop / catch,,
naturalist,naturalist:ostrich_spawn_egg,Ostrich Spawn Egg,technical/creative-only,spawn egg,,
naturalist,naturalist:piranha,Piranha,food,food,,
naturalist,naturalist:piranha_bucket,Bucket of Piranha,crafting material,mob drop / catch,,
naturalist,naturalist:piranha_spawn_egg,Piranha Spawn Egg,technical/creative-only,spawn egg,,
naturalist,naturalist:plush_bear,Bear Plush,decoration/building block,building/decoration,,
naturalist,naturalist:purple_starfish,Purple Starfish,decoration/building block,building/decoration,,
naturalist,naturalist:queen_ant,Queen Ant,crafting material,mob drop / catch,,
naturalist,naturalist:rat,Rat,crafting material,mob drop / catch,,
naturalist,naturalist:rat_spawn_egg,Rat Spawn Egg,technical/creative-only,spawn egg,,
naturalist,naturalist:ray_bucket,Bucket of Ray,crafting material,mob drop / catch,,
naturalist,naturalist:ray_spawn_egg,Ray Spawn Egg,technical/creative-only,spawn egg,,
naturalist,naturalist:red_starfish,Red Starfish,decoration/building block,building/decoration,,
naturalist,naturalist:rhino_spawn_egg,Rhino Spawn Egg,technical/creative-only,spawn egg,,
naturalist,naturalist:scorpion,Scorpion,crafting material,mob drop / catch,,
naturalist,naturalist:scorpion_poison_gland,Scorpion Poison Gland,crafting material,mob drop / catch,,
naturalist,naturalist:shellstone,Shellstone,decoration/building block,building/decoration,,
naturalist,naturalist:shellstone_brick_slab,Shellstone Brick Slab,decoration/building block,building/decoration,,
naturalist,naturalist:shellstone_brick_stairs,Shellstone Brick Stairs,decoration/building block,building/decoration,,
naturalist,naturalist:shellstone_brick_wall,Shellstone Brick Wall,decoration/building block,building/decoration,,
naturalist,naturalist:shellstone_bricks,Shellstone Bricks,decoration/building block,building/decoration,,
naturalist,naturalist:shellstone_slab,Shellstone Slab,decoration/building block,building/decoration,,
naturalist,naturalist:shellstone_stairs,Shellstone Stairs,decoration/building block,building/decoration,,
naturalist,naturalist:shellstone_wall,Shellstone Wall,decoration/building block,building/decoration,,
naturalist,naturalist:smooth_shellstone,Smooth Shellstone,decoration/building block,building/decoration,,
naturalist,naturalist:smooth_shellstone_slab,Smooth Shellstone Slab,decoration/building block,building/decoration,,
naturalist,naturalist:smooth_shellstone_stairs,Smooth Shellstone Stairs,decoration/building block,building/decoration,,
naturalist,naturalist:smooth_shellstone_wall,Smooth Shellstone Wall,decoration/building block,building/decoration,,
naturalist,naturalist:snail,Snail,crafting material,mob drop / catch,,
naturalist,naturalist:snail_eggs,Snail Eggs,crafting material,mob drop / catch,,
naturalist,naturalist:snail_shell,Snail Shell,crafting material,mob drop / catch,,
naturalist,naturalist:snail_spawn_egg,Snail Spawn Egg,technical/creative-only,spawn egg,,
naturalist,naturalist:snake_spawn_egg,Snake Spawn Egg,technical/creative-only,spawn egg,,
naturalist,naturalist:starfish_bucket,Bucket of Starfish,crafting material,mob drop / catch,,
naturalist,naturalist:starfish_spawn_egg,Starfish Spawn Egg,technical/creative-only,spawn egg,,
naturalist,naturalist:tiger_spawn_egg,Tiger Spawn Egg,technical/creative-only,spawn egg,,
naturalist,naturalist:tooth,Tooth,crafting material,mob drop / catch,,
naturalist,naturalist:tortoise_egg,Tortoise Egg,crafting material,mob drop / catch,,
naturalist,naturalist:tortoise_spawn_egg,Tortoise Spawn Egg,technical/creative-only,spawn egg,,
naturalist,naturalist:turkey_spawn_egg,Turkey Spawn Egg,technical/creative-only,spawn egg,,
naturalist,naturalist:venison,Venison,food,food,,
naturalist,naturalist:verdant_froglass,Verdant Froglass,light source,light,,
naturalist,naturalist:verdant_froglass_pane,Verdant Froglass Pane,light source,light,,
naturalist,naturalist:vulture_spawn_egg,Vulture Spawn Egg,technical/creative-only,spawn egg,,
naturalist,naturalist:whale_spawn_egg,Whale Spawn Egg,technical/creative-only,spawn egg,,
naturalist,naturalist:whistle,Whistle,tool,tool,,
naturalist,naturalist:zebra_spawn_egg,Zebra Spawn Egg,technical/creative-only,spawn egg,,
creeperoverhaul,creeperoverhaul:badlands_creeper_spawn_egg,Badlands Creeper Spawn Egg,technical/creative-only,spawn egg,,
creeperoverhaul,creeperoverhaul:bamboo_creeper_spawn_egg,Bamboo Creeper Spawn Egg,technical/creative-only,spawn egg,,
creeperoverhaul,creeperoverhaul:beach_creeper_spawn_egg,Beach Creeper Spawn Egg,technical/creative-only,spawn egg,,
creeperoverhaul,creeperoverhaul:birch_creeper_spawn_egg,Birch Creeper Spawn Egg,technical/creative-only,spawn egg,,
creeperoverhaul,creeperoverhaul:cave_creeper_spawn_egg,Cave Creeper Spawn Egg,technical/creative-only,spawn egg,,
creeperoverhaul,creeperoverhaul:dark_oak_creeper_spawn_egg,Dark Oak Creeper Spawn Egg,technical/creative-only,spawn egg,,
creeperoverhaul,creeperoverhaul:desert_creeper_spawn_egg,Desert Creeper Spawn Egg,technical/creative-only,spawn egg,,
creeperoverhaul,creeperoverhaul:dripstone_creeper_spawn_egg,Dripstone Creeper Spawn Egg,technical/creative-only,spawn egg,,
creeperoverhaul,creeperoverhaul:hills_creeper_spawn_egg,Hills Creeper Spawn Egg,technical/creative-only,spawn egg,,
creeperoverhaul,creeperoverhaul:jungle_creeper_spawn_egg,Jungle Creeper Spawn Egg,technical/creative-only,spawn egg,,
creeperoverhaul,creeperoverhaul:mushroom_creeper_spawn_egg,Mushroom Creeper Spawn Egg,technical/creative-only,spawn egg,,
creeperoverhaul,creeperoverhaul:ocean_creeper_spawn_egg,Ocean Creeper Spawn Egg,technical/creative-only,spawn egg,,
creeperoverhaul,creeperoverhaul:savannah_creeper_spawn_egg,Savannah Creeper Spawn Egg,technical/creative-only,spawn egg,,
creeperoverhaul,creeperoverhaul:snowy_creeper_spawn_egg,Snowy Creeper Spawn Egg,technical/creative-only,spawn egg,,
creeperoverhaul,creeperoverhaul:spruce_creeper_spawn_egg,Spruce Creeper Spawn Egg,technical/creative-only,spawn egg,,
creeperoverhaul,creeperoverhaul:swamp_creeper_spawn_egg,Swamp Creeper Spawn Egg,technical/creative-only,spawn egg,,
creeperoverhaul,creeperoverhaul:tiny_cactus,Tiny Cactus,decoration/building block,plant,,
variantsandventures,variantsandventures:gelid_spawn_egg,Gelid Spawn Egg,technical/creative-only,spawn egg,,
variantsandventures,variantsandventures:murk_spawn_egg,Murk Spawn Egg,technical/creative-only,spawn egg,,
variantsandventures,variantsandventures:thicket_spawn_egg,Thicket Spawn Egg,technical/creative-only,spawn egg,,
variantsandventures,variantsandventures:verdant_spawn_egg,Verdant Spawn Egg,technical/creative-only,spawn egg,,
guardvillagers,guardvillagers:guard_spawn_egg,Guard Spawn Egg,technical/creative-only,spawn egg,,
guardvillagers,guardvillagers:illusioner_spawn_egg,Illusioner Spawn Egg,technical/creative-only,spawn egg,,
woodworks,woodworks:acacia_beehive,Acacia Beehive,utility block,beehive,,
woodworks,woodworks:acacia_boards,Acacia Boards,decoration/building block,wood decoration,,
woodworks,woodworks:acacia_bookshelf,Acacia Bookshelf,decoration/building block,wood decoration,,
woodworks,woodworks:acacia_chest,Acacia Chest,storage/logistics,chest,,
woodworks,woodworks:acacia_ladder,Acacia Ladder,utility block,ladder,,
woodworks,woodworks:acacia_leaf_pile,Pile of Acacia Leaves,decoration/building block,wood decoration,,
woodworks,woodworks:azalea_leaf_pile,Pile of Azalea Leaves,decoration/building block,wood decoration,,
woodworks,woodworks:bamboo_beehive,Bamboo Beehive,utility block,beehive,,
woodworks,woodworks:bamboo_bookshelf,Bamboo Bookshelf,decoration/building block,wood decoration,,
woodworks,woodworks:bamboo_closet,Bamboo Closet,storage/logistics,chest,,
woodworks,woodworks:bamboo_ladder,Bamboo Ladder,utility block,ladder,,
woodworks,woodworks:birch_beehive,Birch Beehive,utility block,beehive,,
woodworks,woodworks:birch_boards,Birch Boards,decoration/building block,wood decoration,,
woodworks,woodworks:birch_bookshelf,Birch Bookshelf,decoration/building block,wood decoration,,
woodworks,woodworks:birch_chest,Birch Chest,storage/logistics,chest,,
woodworks,woodworks:birch_ladder,Birch Ladder,utility block,ladder,,
woodworks,woodworks:birch_leaf_pile,Pile of Birch Leaves,decoration/building block,wood decoration,,
woodworks,woodworks:cherry_beehive,Cherry Beehive,utility block,beehive,,
woodworks,woodworks:cherry_boards,Cherry Boards,decoration/building block,wood decoration,,
woodworks,woodworks:cherry_bookshelf,Cherry Bookshelf,decoration/building block,wood decoration,,
woodworks,woodworks:cherry_chest,Cherry Chest,storage/logistics,chest,,
woodworks,woodworks:cherry_ladder,Cherry Ladder,utility block,ladder,,
woodworks,woodworks:cherry_leaf_pile,Pile of Cherry Leaves,decoration/building block,wood decoration,,
woodworks,woodworks:chiseled_acacia_bookshelf,Chiseled Acacia Bookshelf,decoration/building block,wood decoration,,
woodworks,woodworks:chiseled_bamboo_bookshelf,Chiseled Bamboo Bookshelf,decoration/building block,wood decoration,,
woodworks,woodworks:chiseled_birch_bookshelf,Chiseled Birch Bookshelf,decoration/building block,wood decoration,,
woodworks,woodworks:chiseled_cherry_bookshelf,Chiseled Cherry Bookshelf,decoration/building block,wood decoration,,
woodworks,woodworks:chiseled_crimson_bookshelf,Chiseled Crimson Bookshelf,decoration/building block,wood decoration,,
woodworks,woodworks:chiseled_dark_oak_bookshelf,Chiseled Dark Oak Bookshelf,decoration/building block,wood decoration,,
woodworks,woodworks:chiseled_jungle_bookshelf,Chiseled Jungle Bookshelf,decoration/building block,wood decoration,,
woodworks,woodworks:chiseled_mangrove_bookshelf,Chiseled Mangrove Bookshelf,decoration/building block,wood decoration,,
woodworks,woodworks:chiseled_spruce_bookshelf,Chiseled Spruce Bookshelf,decoration/building block,wood decoration,,
woodworks,woodworks:chiseled_warped_bookshelf,Chiseled Warped Bookshelf,decoration/building block,wood decoration,,
woodworks,woodworks:crimson_beehive,Crimson Beehive,utility block,beehive,,
woodworks,woodworks:crimson_boards,Crimson Boards,decoration/building block,wood decoration,,
woodworks,woodworks:crimson_bookshelf,Crimson Bookshelf,decoration/building block,wood decoration,,
woodworks,woodworks:crimson_chest,Crimson Chest,storage/logistics,chest,,
woodworks,woodworks:crimson_ladder,Crimson Ladder,utility block,ladder,,
woodworks,woodworks:dark_oak_beehive,Dark Oak Beehive,utility block,beehive,,
woodworks,woodworks:dark_oak_boards,Dark Oak Boards,decoration/building block,wood decoration,,
woodworks,woodworks:dark_oak_bookshelf,Dark Oak Bookshelf,decoration/building block,wood decoration,,
woodworks,woodworks:dark_oak_chest,Dark Oak Chest,storage/logistics,chest,,
woodworks,woodworks:dark_oak_ladder,Dark Oak Ladder,utility block,ladder,,
woodworks,woodworks:dark_oak_leaf_pile,Pile of Dark Oak Leaves,decoration/building block,wood decoration,,
woodworks,woodworks:flowering_azalea_leaf_pile,Pile of Flowering Azalea Leaves,decoration/building block,wood decoration,,
woodworks,woodworks:jungle_beehive,Jungle Beehive,utility block,beehive,,
woodworks,woodworks:jungle_boards,Jungle Boards,decoration/building block,wood decoration,,
woodworks,woodworks:jungle_bookshelf,Jungle Bookshelf,decoration/building block,wood decoration,,
woodworks,woodworks:jungle_chest,Jungle Chest,storage/logistics,chest,,
woodworks,woodworks:jungle_ladder,Jungle Ladder,utility block,ladder,,
woodworks,woodworks:jungle_leaf_pile,Pile of Jungle Leaves,decoration/building block,wood decoration,,
woodworks,woodworks:mangrove_beehive,Mangrove Beehive,utility block,beehive,,
woodworks,woodworks:mangrove_boards,Mangrove Boards,decoration/building block,wood decoration,,
woodworks,woodworks:mangrove_bookshelf,Mangrove Bookshelf,decoration/building block,wood decoration,,
woodworks,woodworks:mangrove_chest,Mangrove Chest,storage/logistics,chest,,
woodworks,woodworks:mangrove_ladder,Mangrove Ladder,utility block,ladder,,
woodworks,woodworks:mangrove_leaf_pile,Pile of Mangrove Leaves,decoration/building block,wood decoration,,
woodworks,woodworks:oak_boards,Oak Boards,decoration/building block,wood decoration,,
woodworks,woodworks:oak_chest,Oak Chest,storage/logistics,chest,,
woodworks,woodworks:oak_leaf_pile,Pile of Oak Leaves,decoration/building block,wood decoration,,
woodworks,woodworks:sawmill,Sawmill,utility block,workstation,,
woodworks,woodworks:spruce_beehive,Spruce Beehive,utility block,beehive,,
woodworks,woodworks:spruce_boards,Spruce Boards,decoration/building block,wood decoration,,
woodworks,woodworks:spruce_bookshelf,Spruce Bookshelf,decoration/building block,wood decoration,,
woodworks,woodworks:spruce_chest,Spruce Chest,storage/logistics,chest,,
woodworks,woodworks:spruce_ladder,Spruce Ladder,utility block,ladder,,
woodworks,woodworks:spruce_leaf_pile,Pile of Spruce Leaves,decoration/building block,wood decoration,,
woodworks,woodworks:trapped_acacia_chest,Trapped Acacia Chest,storage/logistics,chest,,
woodworks,woodworks:trapped_bamboo_closet,Trapped Bamboo Closet,storage/logistics,chest,,
woodworks,woodworks:trapped_birch_chest,Trapped Birch Chest,storage/logistics,chest,,
woodworks,woodworks:trapped_cherry_chest,Trapped Cherry Chest,storage/logistics,chest,,
woodworks,woodworks:trapped_crimson_chest,Trapped Crimson Chest,storage/logistics,chest,,
woodworks,woodworks:trapped_dark_oak_chest,Trapped Dark Oak Chest,storage/logistics,chest,,
woodworks,woodworks:trapped_jungle_chest,Trapped Jungle Chest,storage/logistics,chest,,
woodworks,woodworks:trapped_mangrove_chest,Trapped Mangrove Chest,storage/logistics,chest,,
woodworks,woodworks:trapped_oak_chest,Trapped Oak Chest,storage/logistics,chest,,
woodworks,woodworks:trapped_spruce_chest,Trapped Spruce Chest,storage/logistics,chest,,
woodworks,woodworks:trapped_warped_chest,Trapped Warped Chest,storage/logistics,chest,,
woodworks,woodworks:warped_beehive,Warped Beehive,utility block,beehive,,
woodworks,woodworks:warped_boards,Warped Boards,decoration/building block,wood decoration,,
woodworks,woodworks:warped_bookshelf,Warped Bookshelf,decoration/building block,wood decoration,,
woodworks,woodworks:warped_chest,Warped Chest,storage/logistics,chest,,
woodworks,woodworks:warped_ladder,Warped Ladder,utility block,ladder,,
everycomp,everycomp:abnww/minecraft/chiseled_pale_oak_bookshelf,,decoration/building block,wood variant,,
everycomp,everycomp:abnww/minecraft/pale_oak_beehive,,utility block,utility,,
everycomp,everycomp:abnww/minecraft/pale_oak_boards,,decoration/building block,wood variant,,
everycomp,everycomp:abnww/minecraft/pale_oak_bookshelf,,decoration/building block,wood variant,,
everycomp,everycomp:abnww/minecraft/pale_oak_chest,,storage/logistics,wooden storage,,
everycomp,everycomp:abnww/minecraft/pale_oak_ladder,,utility block,utility,,
everycomp,everycomp:abnww/minecraft/pale_oak_leaf_pile,,decoration/building block,wood variant,,
everycomp,everycomp:abnww/minecraft/trapped_pale_oak_chest,,storage/logistics,wooden storage,,
everycomp,everycomp:abnww/regions_unexplored/alpha_beehive,,utility block,utility,,
everycomp,everycomp:abnww/regions_unexplored/alpha_boards,,decoration/building block,wood variant,,
everycomp,everycomp:abnww/regions_unexplored/alpha_bookshelf,,decoration/building block,wood variant,,
everycomp,everycomp:abnww/regions_unexplored/alpha_chest,,storage/logistics,wooden storage,,
everycomp,everycomp:abnww/regions_unexplored/alpha_ladder,,utility block,utility,,
everycomp,everycomp:abnww/regions_unexplored/alpha_leaf_pile,,decoration/building block,wood variant,,
everycomp,everycomp:abnww/regions_unexplored/ashen_leaf_pile,,decoration/building block,wood variant,,
everycomp,everycomp:abnww/regions_unexplored/bamboo_leaf_pile,,decoration/building block,wood variant,,
everycomp,everycomp:abnww/regions_unexplored/baobab_beehive,,utility block,utility,,
everycomp,everycomp:abnww/regions_unexplored/baobab_boards,,decoration/building block,wood variant,,
everycomp,everycomp:abnww/regions_unexplored/baobab_bookshelf,,decoration/building block,wood variant,,
everycomp,everycomp:abnww/regions_unexplored/baobab_chest,,storage/logistics,wooden storage,,
everycomp,everycomp:abnww/regions_unexplored/baobab_ladder,,utility block,utility,,
everycomp,everycomp:abnww/regions_unexplored/baobab_leaf_pile,,decoration/building block,wood variant,,
everycomp,everycomp:abnww/regions_unexplored/blackwood_beehive,,utility block,utility,,
everycomp,everycomp:abnww/regions_unexplored/blackwood_boards,,decoration/building block,wood variant,,
everycomp,everycomp:abnww/regions_unexplored/blackwood_bookshelf,,decoration/building block,wood variant,,
everycomp,everycomp:abnww/regions_unexplored/blackwood_chest,,storage/logistics,wooden storage,,
everycomp,everycomp:abnww/regions_unexplored/blackwood_ladder,,utility block,utility,,
everycomp,everycomp:abnww/regions_unexplored/blackwood_leaf_pile,,decoration/building block,wood variant,,
everycomp,everycomp:abnww/regions_unexplored/blue_bioshroom_beehive,,utility block,utility,,
everycomp,everycomp:abnww/regions_unexplored/blue_bioshroom_boards,,decoration/building block,wood variant,,
everycomp,everycomp:abnww/regions_unexplored/blue_bioshroom_bookshelf,,decoration/building block,wood variant,,
everycomp,everycomp:abnww/regions_unexplored/blue_bioshroom_chest,,storage/logistics,wooden storage,,
everycomp,everycomp:abnww/regions_unexplored/blue_bioshroom_ladder,,utility block,utility,,
everycomp,everycomp:abnww/regions_unexplored/brimwood_beehive,,utility block,utility,,
everycomp,everycomp:abnww/regions_unexplored/brimwood_boards,,decoration/building block,wood variant,,
everycomp,everycomp:abnww/regions_unexplored/brimwood_bookshelf,,decoration/building block,wood variant,,
everycomp,everycomp:abnww/regions_unexplored/brimwood_chest,,storage/logistics,wooden storage,,
everycomp,everycomp:abnww/regions_unexplored/brimwood_ladder,,utility block,utility,,
everycomp,everycomp:abnww/regions_unexplored/brimwood_leaf_pile,,decoration/building block,wood variant,,
everycomp,everycomp:abnww/regions_unexplored/chiseled_alpha_bookshelf,,decoration/building block,wood variant,,
everycomp,everycomp:abnww/regions_unexplored/chiseled_baobab_bookshelf,,decoration/building block,wood variant,,
everycomp,everycomp:abnww/regions_unexplored/chiseled_blackwood_bookshelf,,decoration/building block,wood variant,,
everycomp,everycomp:abnww/regions_unexplored/chiseled_blue_bioshroom_bookshelf,,decoration/building block,wood variant,,
everycomp,everycomp:abnww/regions_unexplored/chiseled_brimwood_bookshelf,,decoration/building block,wood variant,,
everycomp,everycomp:abnww/regions_unexplored/chiseled_cobalt_bookshelf,,decoration/building block,wood variant,,
everycomp,everycomp:abnww/regions_unexplored/chiseled_cypress_bookshelf,,decoration/building block,wood variant,,
everycomp,everycomp:abnww/regions_unexplored/chiseled_dead_bookshelf,,decoration/building block,wood variant,,
everycomp,everycomp:abnww/regions_unexplored/chiseled_eucalyptus_bookshelf,,decoration/building block,wood variant,,
everycomp,everycomp:abnww/regions_unexplored/chiseled_green_bioshroom_bookshelf,,decoration/building block,wood variant,,
everycomp,everycomp:abnww/regions_unexplored/chiseled_joshua_bookshelf,,decoration/building block,wood variant,,
everycomp,everycomp:abnww/regions_unexplored/chiseled_kapok_bookshelf,,decoration/building block,wood variant,,
everycomp,everycomp:abnww/regions_unexplored/chiseled_larch_bookshelf,,decoration/building block,wood variant,,
everycomp,everycomp:abnww/regions_unexplored/chiseled_magnolia_bookshelf,,decoration/building block,wood variant,,
everycomp,everycomp:abnww/regions_unexplored/chiseled_maple_bookshelf,,decoration/building block,wood variant,,
everycomp,everycomp:abnww/regions_unexplored/chiseled_palm_bookshelf,,decoration/building block,wood variant,,
everycomp,everycomp:abnww/regions_unexplored/chiseled_pine_bookshelf,,decoration/building block,wood variant,,
everycomp,everycomp:abnww/regions_unexplored/chiseled_pink_bioshroom_bookshelf,,decoration/building block,wood variant,,
everycomp,everycomp:abnww/regions_unexplored/chiseled_redwood_bookshelf,,decoration/building block,wood variant,,
everycomp,everycomp:abnww/regions_unexplored/chiseled_socotra_bookshelf,,decoration/building block,wood variant,,
everycomp,everycomp:abnww/regions_unexplored/chiseled_willow_bookshelf,,decoration/building block,wood variant,,
everycomp,everycomp:abnww/regions_unexplored/chiseled_wisteria_bookshelf,,decoration/building block,wood variant,,
everycomp,everycomp:abnww/regions_unexplored/chiseled_yellow_bioshroom_bookshelf,,decoration/building block,wood variant,,
everycomp,everycomp:abnww/regions_unexplored/cobalt_beehive,,utility block,utility,,
everycomp,everycomp:abnww/regions_unexplored/cobalt_boards,,decoration/building block,wood variant,,
everycomp,everycomp:abnww/regions_unexplored/cobalt_bookshelf,,decoration/building block,wood variant,,
everycomp,everycomp:abnww/regions_unexplored/cobalt_chest,,storage/logistics,wooden storage,,
everycomp,everycomp:abnww/regions_unexplored/cobalt_ladder,,utility block,utility,,
everycomp,everycomp:abnww/regions_unexplored/cypress_beehive,,utility block,utility,,
everycomp,everycomp:abnww/regions_unexplored/cypress_boards,,decoration/building block,wood variant,,
everycomp,everycomp:abnww/regions_unexplored/cypress_bookshelf,,decoration/building block,wood variant,,
everycomp,everycomp:abnww/regions_unexplored/cypress_chest,,storage/logistics,wooden storage,,
everycomp,everycomp:abnww/regions_unexplored/cypress_ladder,,utility block,utility,,
everycomp,everycomp:abnww/regions_unexplored/cypress_leaf_pile,,decoration/building block,wood variant,,
everycomp,everycomp:abnww/regions_unexplored/dead_beehive,,utility block,utility,,
everycomp,everycomp:abnww/regions_unexplored/dead_boards,,decoration/building block,wood variant,,
everycomp,everycomp:abnww/regions_unexplored/dead_bookshelf,,decoration/building block,wood variant,,
everycomp,everycomp:abnww/regions_unexplored/dead_chest,,storage/logistics,wooden storage,,
everycomp,everycomp:abnww/regions_unexplored/dead_ladder,,utility block,utility,,
everycomp,everycomp:abnww/regions_unexplored/dead_leaf_pile,,decoration/building block,wood variant,,
everycomp,everycomp:abnww/regions_unexplored/eucalyptus_beehive,,utility block,utility,,
everycomp,everycomp:abnww/regions_unexplored/eucalyptus_boards,,decoration/building block,wood variant,,
everycomp,everycomp:abnww/regions_unexplored/eucalyptus_bookshelf,,decoration/building block,wood variant,,
everycomp,everycomp:abnww/regions_unexplored/eucalyptus_chest,,storage/logistics,wooden storage,,
everycomp,everycomp:abnww/regions_unexplored/eucalyptus_ladder,,utility block,utility,,
everycomp,everycomp:abnww/regions_unexplored/eucalyptus_leaf_pile,,decoration/building block,wood variant,,
everycomp,everycomp:abnww/regions_unexplored/green_bioshroom_beehive,,utility block,utility,,
everycomp,everycomp:abnww/regions_unexplored/green_bioshroom_boards,,decoration/building block,wood variant,,
everycomp,everycomp:abnww/regions_unexplored/green_bioshroom_bookshelf,,decoration/building block,wood variant,,
everycomp,everycomp:abnww/regions_unexplored/green_bioshroom_chest,,storage/logistics,wooden storage,,
everycomp,everycomp:abnww/regions_unexplored/green_bioshroom_ladder,,utility block,utility,,
everycomp,everycomp:abnww/regions_unexplored/joshua_beehive,,utility block,utility,,
everycomp,everycomp:abnww/regions_unexplored/joshua_boards,,decoration/building block,wood variant,,
everycomp,everycomp:abnww/regions_unexplored/joshua_bookshelf,,decoration/building block,wood variant,,
everycomp,everycomp:abnww/regions_unexplored/joshua_chest,,storage/logistics,wooden storage,,
everycomp,everycomp:abnww/regions_unexplored/joshua_ladder,,utility block,utility,,
everycomp,everycomp:abnww/regions_unexplored/kapok_beehive,,utility block,utility,,
everycomp,everycomp:abnww/regions_unexplored/kapok_boards,,decoration/building block,wood variant,,
everycomp,everycomp:abnww/regions_unexplored/kapok_bookshelf,,decoration/building block,wood variant,,
everycomp,everycomp:abnww/regions_unexplored/kapok_chest,,storage/logistics,wooden storage,,
everycomp,everycomp:abnww/regions_unexplored/kapok_ladder,,utility block,utility,,
everycomp,everycomp:abnww/regions_unexplored/kapok_leaf_pile,,decoration/building block,wood variant,,
everycomp,everycomp:abnww/regions_unexplored/larch_beehive,,utility block,utility,,
everycomp,everycomp:abnww/regions_unexplored/larch_boards,,decoration/building block,wood variant,,
everycomp,everycomp:abnww/regions_unexplored/larch_bookshelf,,decoration/building block,wood variant,,
everycomp,everycomp:abnww/regions_unexplored/larch_chest,,storage/logistics,wooden storage,,
everycomp,everycomp:abnww/regions_unexplored/larch_ladder,,utility block,utility,,
everycomp,everycomp:abnww/regions_unexplored/larch_leaf_pile,,decoration/building block,wood variant,,
everycomp,everycomp:abnww/regions_unexplored/magnolia_beehive,,utility block,utility,,
everycomp,everycomp:abnww/regions_unexplored/magnolia_boards,,decoration/building block,wood variant,,
everycomp,everycomp:abnww/regions_unexplored/magnolia_bookshelf,,decoration/building block,wood variant,,
everycomp,everycomp:abnww/regions_unexplored/magnolia_chest,,storage/logistics,wooden storage,,
everycomp,everycomp:abnww/regions_unexplored/magnolia_ladder,,utility block,utility,,
everycomp,everycomp:abnww/regions_unexplored/magnolia_leaf_pile,,decoration/building block,wood variant,,
everycomp,everycomp:abnww/regions_unexplored/maple_beehive,,utility block,utility,,
everycomp,everycomp:abnww/regions_unexplored/maple_boards,,decoration/building block,wood variant,,
everycomp,everycomp:abnww/regions_unexplored/maple_bookshelf,,decoration/building block,wood variant,,
everycomp,everycomp:abnww/regions_unexplored/maple_chest,,storage/logistics,wooden storage,,
everycomp,everycomp:abnww/regions_unexplored/maple_ladder,,utility block,utility,,
everycomp,everycomp:abnww/regions_unexplored/maple_leaf_pile,,decoration/building block,wood variant,,
everycomp,everycomp:abnww/regions_unexplored/palm_beehive,,utility block,utility,,
everycomp,everycomp:abnww/regions_unexplored/palm_boards,,decoration/building block,wood variant,,
everycomp,everycomp:abnww/regions_unexplored/palm_bookshelf,,decoration/building block,wood variant,,
everycomp,everycomp:abnww/regions_unexplored/palm_chest,,storage/logistics,wooden storage,,
everycomp,everycomp:abnww/regions_unexplored/palm_ladder,,utility block,utility,,
everycomp,everycomp:abnww/regions_unexplored/palm_leaf_pile,,decoration/building block,wood variant,,
everycomp,everycomp:abnww/regions_unexplored/pine_beehive,,utility block,utility,,
everycomp,everycomp:abnww/regions_unexplored/pine_boards,,decoration/building block,wood variant,,
everycomp,everycomp:abnww/regions_unexplored/pine_bookshelf,,decoration/building block,wood variant,,
everycomp,everycomp:abnww/regions_unexplored/pine_chest,,storage/logistics,wooden storage,,
everycomp,everycomp:abnww/regions_unexplored/pine_ladder,,utility block,utility,,
everycomp,everycomp:abnww/regions_unexplored/pine_leaf_pile,,decoration/building block,wood variant,,
everycomp,everycomp:abnww/regions_unexplored/pink_bioshroom_beehive,,utility block,utility,,
everycomp,everycomp:abnww/regions_unexplored/pink_bioshroom_boards,,decoration/building block,wood variant,,
everycomp,everycomp:abnww/regions_unexplored/pink_bioshroom_bookshelf,,decoration/building block,wood variant,,
everycomp,everycomp:abnww/regions_unexplored/pink_bioshroom_chest,,storage/logistics,wooden storage,,
everycomp,everycomp:abnww/regions_unexplored/pink_bioshroom_ladder,,utility block,utility,,
everycomp,everycomp:abnww/regions_unexplored/redwood_beehive,,utility block,utility,,
everycomp,everycomp:abnww/regions_unexplored/redwood_boards,,decoration/building block,wood variant,,
everycomp,everycomp:abnww/regions_unexplored/redwood_bookshelf,,decoration/building block,wood variant,,
everycomp,everycomp:abnww/regions_unexplored/redwood_chest,,storage/logistics,wooden storage,,
everycomp,everycomp:abnww/regions_unexplored/redwood_ladder,,utility block,utility,,
everycomp,everycomp:abnww/regions_unexplored/redwood_leaf_pile,,decoration/building block,wood variant,,
everycomp,everycomp:abnww/regions_unexplored/silver_birch_leaf_pile,,decoration/building block,wood variant,,
everycomp,everycomp:abnww/regions_unexplored/small_oak_leaf_pile,,decoration/building block,wood variant,,
everycomp,everycomp:abnww/regions_unexplored/socotra_beehive,,utility block,utility,,
everycomp,everycomp:abnww/regions_unexplored/socotra_boards,,decoration/building block,wood variant,,
everycomp,everycomp:abnww/regions_unexplored/socotra_bookshelf,,decoration/building block,wood variant,,
everycomp,everycomp:abnww/regions_unexplored/socotra_chest,,storage/logistics,wooden storage,,
everycomp,everycomp:abnww/regions_unexplored/socotra_ladder,,utility block,utility,,
everycomp,everycomp:abnww/regions_unexplored/socotra_leaf_pile,,decoration/building block,wood variant,,
everycomp,everycomp:abnww/regions_unexplored/trapped_alpha_chest,,storage/logistics,wooden storage,,
everycomp,everycomp:abnww/regions_unexplored/trapped_baobab_chest,,storage/logistics,wooden storage,,
everycomp,everycomp:abnww/regions_unexplored/trapped_blackwood_chest,,storage/logistics,wooden storage,,
everycomp,everycomp:abnww/regions_unexplored/trapped_blue_bioshroom_chest,,storage/logistics,wooden storage,,
everycomp,everycomp:abnww/regions_unexplored/trapped_brimwood_chest,,storage/logistics,wooden storage,,
everycomp,everycomp:abnww/regions_unexplored/trapped_cobalt_chest,,storage/logistics,wooden storage,,
everycomp,everycomp:abnww/regions_unexplored/trapped_cypress_chest,,storage/logistics,wooden storage,,
everycomp,everycomp:abnww/regions_unexplored/trapped_dead_chest,,storage/logistics,wooden storage,,
everycomp,everycomp:abnww/regions_unexplored/trapped_eucalyptus_chest,,storage/logistics,wooden storage,,
everycomp,everycomp:abnww/regions_unexplored/trapped_green_bioshroom_chest,,storage/logistics,wooden storage,,
everycomp,everycomp:abnww/regions_unexplored/trapped_joshua_chest,,storage/logistics,wooden storage,,
everycomp,everycomp:abnww/regions_unexplored/trapped_kapok_chest,,storage/logistics,wooden storage,,
everycomp,everycomp:abnww/regions_unexplored/trapped_larch_chest,,storage/logistics,wooden storage,,
everycomp,everycomp:abnww/regions_unexplored/trapped_magnolia_chest,,storage/logistics,wooden storage,,
everycomp,everycomp:abnww/regions_unexplored/trapped_maple_chest,,storage/logistics,wooden storage,,
everycomp,everycomp:abnww/regions_unexplored/trapped_palm_chest,,storage/logistics,wooden storage,,
everycomp,everycomp:abnww/regions_unexplored/trapped_pine_chest,,storage/logistics,wooden storage,,
everycomp,everycomp:abnww/regions_unexplored/trapped_pink_bioshroom_chest,,storage/logistics,wooden storage,,
everycomp,everycomp:abnww/regions_unexplored/trapped_redwood_chest,,storage/logistics,wooden storage,,
everycomp,everycomp:abnww/regions_unexplored/trapped_socotra_chest,,storage/logistics,wooden storage,,
everycomp,everycomp:abnww/regions_unexplored/trapped_willow_chest,,storage/logistics,wooden storage,,
everycomp,everycomp:abnww/regions_unexplored/trapped_wisteria_chest,,storage/logistics,wooden storage,,
everycomp,everycomp:abnww/regions_unexplored/trapped_yellow_bioshroom_chest,,storage/logistics,wooden storage,,
everycomp,everycomp:abnww/regions_unexplored/willow_beehive,,utility block,utility,,
everycomp,everycomp:abnww/regions_unexplored/willow_boards,,decoration/building block,wood variant,,
everycomp,everycomp:abnww/regions_unexplored/willow_bookshelf,,decoration/building block,wood variant,,
everycomp,everycomp:abnww/regions_unexplored/willow_chest,,storage/logistics,wooden storage,,
everycomp,everycomp:abnww/regions_unexplored/willow_ladder,,utility block,utility,,
everycomp,everycomp:abnww/regions_unexplored/willow_leaf_pile,,decoration/building block,wood variant,,
everycomp,everycomp:abnww/regions_unexplored/wisteria_beehive,,utility block,utility,,
everycomp,everycomp:abnww/regions_unexplored/wisteria_boards,,decoration/building block,wood variant,,
everycomp,everycomp:abnww/regions_unexplored/wisteria_bookshelf,,decoration/building block,wood variant,,
everycomp,everycomp:abnww/regions_unexplored/wisteria_chest,,storage/logistics,wooden storage,,
everycomp,everycomp:abnww/regions_unexplored/wisteria_ladder,,utility block,utility,,
everycomp,everycomp:abnww/regions_unexplored/yellow_bioshroom_beehive,,utility block,utility,,
everycomp,everycomp:abnww/regions_unexplored/yellow_bioshroom_boards,,decoration/building block,wood variant,,
everycomp,everycomp:abnww/regions_unexplored/yellow_bioshroom_bookshelf,,decoration/building block,wood variant,,
everycomp,everycomp:abnww/regions_unexplored/yellow_bioshroom_chest,,storage/logistics,wooden storage,,
everycomp,everycomp:abnww/regions_unexplored/yellow_bioshroom_ladder,,utility block,utility,,
everycomp,everycomp:all_woods,,technical/creative-only,"creative, debug or mod-internal",,
everycomp,everycomp:c/minecraft/pale_oak_window,,decoration/building block,wood variant,,
everycomp,everycomp:c/minecraft/pale_oak_window_pane,,decoration/building block,wood variant,,
everycomp,everycomp:c/regions_unexplored/alpha_window,,decoration/building block,wood variant,,
everycomp,everycomp:c/regions_unexplored/alpha_window_pane,,decoration/building block,wood variant,,
everycomp,everycomp:c/regions_unexplored/baobab_window,,decoration/building block,wood variant,,
everycomp,everycomp:c/regions_unexplored/baobab_window_pane,,decoration/building block,wood variant,,
everycomp,everycomp:c/regions_unexplored/blackwood_window,,decoration/building block,wood variant,,
everycomp,everycomp:c/regions_unexplored/blackwood_window_pane,,decoration/building block,wood variant,,
everycomp,everycomp:c/regions_unexplored/blue_bioshroom_window,,decoration/building block,wood variant,,
everycomp,everycomp:c/regions_unexplored/blue_bioshroom_window_pane,,decoration/building block,wood variant,,
everycomp,everycomp:c/regions_unexplored/brimwood_window,,decoration/building block,wood variant,,
everycomp,everycomp:c/regions_unexplored/brimwood_window_pane,,decoration/building block,wood variant,,
everycomp,everycomp:c/regions_unexplored/cobalt_window,,decoration/building block,wood variant,,
everycomp,everycomp:c/regions_unexplored/cobalt_window_pane,,decoration/building block,wood variant,,
everycomp,everycomp:c/regions_unexplored/cypress_window,,decoration/building block,wood variant,,
everycomp,everycomp:c/regions_unexplored/cypress_window_pane,,decoration/building block,wood variant,,
everycomp,everycomp:c/regions_unexplored/dead_window,,decoration/building block,wood variant,,
everycomp,everycomp:c/regions_unexplored/dead_window_pane,,decoration/building block,wood variant,,
everycomp,everycomp:c/regions_unexplored/eucalyptus_window,,decoration/building block,wood variant,,
everycomp,everycomp:c/regions_unexplored/eucalyptus_window_pane,,decoration/building block,wood variant,,
everycomp,everycomp:c/regions_unexplored/green_bioshroom_window,,decoration/building block,wood variant,,
everycomp,everycomp:c/regions_unexplored/green_bioshroom_window_pane,,decoration/building block,wood variant,,
everycomp,everycomp:c/regions_unexplored/joshua_window,,decoration/building block,wood variant,,
everycomp,everycomp:c/regions_unexplored/joshua_window_pane,,decoration/building block,wood variant,,
everycomp,everycomp:c/regions_unexplored/kapok_window,,decoration/building block,wood variant,,
everycomp,everycomp:c/regions_unexplored/kapok_window_pane,,decoration/building block,wood variant,,
everycomp,everycomp:c/regions_unexplored/larch_window,,decoration/building block,wood variant,,
everycomp,everycomp:c/regions_unexplored/larch_window_pane,,decoration/building block,wood variant,,
everycomp,everycomp:c/regions_unexplored/magnolia_window,,decoration/building block,wood variant,,
everycomp,everycomp:c/regions_unexplored/magnolia_window_pane,,decoration/building block,wood variant,,
everycomp,everycomp:c/regions_unexplored/maple_window,,decoration/building block,wood variant,,
everycomp,everycomp:c/regions_unexplored/maple_window_pane,,decoration/building block,wood variant,,
everycomp,everycomp:c/regions_unexplored/palm_window,,decoration/building block,wood variant,,
everycomp,everycomp:c/regions_unexplored/palm_window_pane,,decoration/building block,wood variant,,
everycomp,everycomp:c/regions_unexplored/pine_window,,decoration/building block,wood variant,,
everycomp,everycomp:c/regions_unexplored/pine_window_pane,,decoration/building block,wood variant,,
everycomp,everycomp:c/regions_unexplored/pink_bioshroom_window,,decoration/building block,wood variant,,
everycomp,everycomp:c/regions_unexplored/pink_bioshroom_window_pane,,decoration/building block,wood variant,,
everycomp,everycomp:c/regions_unexplored/redwood_window,,decoration/building block,wood variant,,
everycomp,everycomp:c/regions_unexplored/redwood_window_pane,,decoration/building block,wood variant,,
everycomp,everycomp:c/regions_unexplored/socotra_window,,decoration/building block,wood variant,,
everycomp,everycomp:c/regions_unexplored/socotra_window_pane,,decoration/building block,wood variant,,
everycomp,everycomp:c/regions_unexplored/willow_window,,decoration/building block,wood variant,,
everycomp,everycomp:c/regions_unexplored/willow_window_pane,,decoration/building block,wood variant,,
everycomp,everycomp:c/regions_unexplored/wisteria_window,,decoration/building block,wood variant,,
everycomp,everycomp:c/regions_unexplored/wisteria_window_pane,,decoration/building block,wood variant,,
everycomp,everycomp:c/regions_unexplored/yellow_bioshroom_window,,decoration/building block,wood variant,,
everycomp,everycomp:c/regions_unexplored/yellow_bioshroom_window_pane,,decoration/building block,wood variant,,
everycomp,everycomp:faf/minecraft/pale_oak_beehive,,utility block,utility,,
everycomp,everycomp:faf/regions_unexplored/alpha_beehive,,utility block,utility,,
everycomp,everycomp:faf/regions_unexplored/baobab_beehive,,utility block,utility,,
everycomp,everycomp:faf/regions_unexplored/blackwood_beehive,,utility block,utility,,
everycomp,everycomp:faf/regions_unexplored/blue_bioshroom_beehive,,utility block,utility,,
everycomp,everycomp:faf/regions_unexplored/brimwood_beehive,,utility block,utility,,
everycomp,everycomp:faf/regions_unexplored/cobalt_beehive,,utility block,utility,,
everycomp,everycomp:faf/regions_unexplored/cypress_beehive,,utility block,utility,,
everycomp,everycomp:faf/regions_unexplored/dead_beehive,,utility block,utility,,
everycomp,everycomp:faf/regions_unexplored/eucalyptus_beehive,,utility block,utility,,
everycomp,everycomp:faf/regions_unexplored/green_bioshroom_beehive,,utility block,utility,,
everycomp,everycomp:faf/regions_unexplored/joshua_beehive,,utility block,utility,,
everycomp,everycomp:faf/regions_unexplored/kapok_beehive,,utility block,utility,,
everycomp,everycomp:faf/regions_unexplored/larch_beehive,,utility block,utility,,
everycomp,everycomp:faf/regions_unexplored/magnolia_beehive,,utility block,utility,,
everycomp,everycomp:faf/regions_unexplored/maple_beehive,,utility block,utility,,
everycomp,everycomp:faf/regions_unexplored/palm_beehive,,utility block,utility,,
everycomp,everycomp:faf/regions_unexplored/pine_beehive,,utility block,utility,,
everycomp,everycomp:faf/regions_unexplored/pink_bioshroom_beehive,,utility block,utility,,
everycomp,everycomp:faf/regions_unexplored/redwood_beehive,,utility block,utility,,
everycomp,everycomp:faf/regions_unexplored/socotra_beehive,,utility block,utility,,
everycomp,everycomp:faf/regions_unexplored/willow_beehive,,utility block,utility,,
everycomp,everycomp:faf/regions_unexplored/wisteria_beehive,,utility block,utility,,
everycomp,everycomp:faf/regions_unexplored/yellow_bioshroom_beehive,,utility block,utility,,
everycomp,everycomp:fd/minecraft/pale_oak_cabinet,,storage/logistics,wooden storage,,
everycomp,everycomp:fd/regions_unexplored/baobab_cabinet,,storage/logistics,wooden storage,,
everycomp,everycomp:fd/regions_unexplored/blackwood_cabinet,,storage/logistics,wooden storage,,
everycomp,everycomp:fd/regions_unexplored/blue_bioshroom_cabinet,,storage/logistics,wooden storage,,
everycomp,everycomp:fd/regions_unexplored/brimwood_cabinet,,storage/logistics,wooden storage,,
everycomp,everycomp:fd/regions_unexplored/cobalt_cabinet,,storage/logistics,wooden storage,,
everycomp,everycomp:fd/regions_unexplored/cypress_cabinet,,storage/logistics,wooden storage,,
everycomp,everycomp:fd/regions_unexplored/dead_cabinet,,storage/logistics,wooden storage,,
everycomp,everycomp:fd/regions_unexplored/eucalyptus_cabinet,,storage/logistics,wooden storage,,
everycomp,everycomp:fd/regions_unexplored/green_bioshroom_cabinet,,storage/logistics,wooden storage,,
everycomp,everycomp:fd/regions_unexplored/joshua_cabinet,,storage/logistics,wooden storage,,
everycomp,everycomp:fd/regions_unexplored/kapok_cabinet,,storage/logistics,wooden storage,,
everycomp,everycomp:fd/regions_unexplored/larch_cabinet,,storage/logistics,wooden storage,,
everycomp,everycomp:fd/regions_unexplored/magnolia_cabinet,,storage/logistics,wooden storage,,
everycomp,everycomp:fd/regions_unexplored/maple_cabinet,,storage/logistics,wooden storage,,
everycomp,everycomp:fd/regions_unexplored/palm_cabinet,,storage/logistics,wooden storage,,
everycomp,everycomp:fd/regions_unexplored/pine_cabinet,,storage/logistics,wooden storage,,
everycomp,everycomp:fd/regions_unexplored/pink_bioshroom_cabinet,,storage/logistics,wooden storage,,
everycomp,everycomp:fd/regions_unexplored/redwood_cabinet,,storage/logistics,wooden storage,,
everycomp,everycomp:fd/regions_unexplored/socotra_cabinet,,storage/logistics,wooden storage,,
everycomp,everycomp:fd/regions_unexplored/willow_cabinet,,storage/logistics,wooden storage,,
everycomp,everycomp:fd/regions_unexplored/wisteria_cabinet,,storage/logistics,wooden storage,,
everycomp,everycomp:fd/regions_unexplored/yellow_bioshroom_cabinet,,storage/logistics,wooden storage,,
everycomp,everycomp:mcfur/minecraft/pale_oak_bookshelf,,decoration/building block,wood variant,,
everycomp,everycomp:mcfur/minecraft/pale_oak_bookshelf_cupboard,,storage/logistics,wooden storage,,
everycomp,everycomp:mcfur/minecraft/pale_oak_bookshelf_drawer,,storage/logistics,wooden storage,,
everycomp,everycomp:mcfur/minecraft/pale_oak_chair,,decoration/building block,wood variant,,
everycomp,everycomp:mcfur/minecraft/pale_oak_coffee_table,,decoration/building block,wood variant,,
everycomp,everycomp:mcfur/minecraft/pale_oak_counter,,storage/logistics,wooden storage,,
everycomp,everycomp:mcfur/minecraft/pale_oak_covered_desk,,storage/logistics,wooden storage,,
everycomp,everycomp:mcfur/minecraft/pale_oak_cupboard_counter,,storage/logistics,wooden storage,,
everycomp,everycomp:mcfur/minecraft/pale_oak_desk,,storage/logistics,wooden storage,,
everycomp,everycomp:mcfur/minecraft/pale_oak_double_drawer,,storage/logistics,wooden storage,,
everycomp,everycomp:mcfur/minecraft/pale_oak_double_drawer_counter,,storage/logistics,wooden storage,,
everycomp,everycomp:mcfur/minecraft/pale_oak_double_kitchen_cabinet,,storage/logistics,wooden storage,,
everycomp,everycomp:mcfur/minecraft/pale_oak_double_wardrobe,,storage/logistics,wooden storage,,
everycomp,everycomp:mcfur/minecraft/pale_oak_drawer,,storage/logistics,wooden storage,,
everycomp,everycomp:mcfur/minecraft/pale_oak_drawer_counter,,storage/logistics,wooden storage,,
everycomp,everycomp:mcfur/minecraft/pale_oak_end_table,,decoration/building block,wood variant,,
everycomp,everycomp:mcfur/minecraft/pale_oak_glass_kitchen_cabinet,,storage/logistics,wooden storage,,
everycomp,everycomp:mcfur/minecraft/pale_oak_glass_table,,decoration/building block,wood variant,,
everycomp,everycomp:mcfur/minecraft/pale_oak_kitchen_cabinet,,storage/logistics,wooden storage,,
everycomp,everycomp:mcfur/minecraft/pale_oak_kitchen_sink,,decoration/building block,wood variant,,
everycomp,everycomp:mcfur/minecraft/pale_oak_large_drawer,,storage/logistics,wooden storage,,
everycomp,everycomp:mcfur/minecraft/pale_oak_lower_bookshelf_drawer,,storage/logistics,wooden storage,,
everycomp,everycomp:mcfur/minecraft/pale_oak_lower_triple_drawer,,storage/logistics,wooden storage,,
everycomp,everycomp:mcfur/minecraft/pale_oak_modern_chair,,decoration/building block,wood variant,,
everycomp,everycomp:mcfur/minecraft/pale_oak_modern_desk,,storage/logistics,wooden storage,,
everycomp,everycomp:mcfur/minecraft/pale_oak_modern_wardrobe,,storage/logistics,wooden storage,,
everycomp,everycomp:mcfur/minecraft/pale_oak_stool_chair,,decoration/building block,wood variant,,
everycomp,everycomp:mcfur/minecraft/pale_oak_striped_chair,,decoration/building block,wood variant,,
everycomp,everycomp:mcfur/minecraft/pale_oak_table,,decoration/building block,wood variant,,
everycomp,everycomp:mcfur/minecraft/pale_oak_triple_drawer,,storage/logistics,wooden storage,,
everycomp,everycomp:mcfur/minecraft/pale_oak_wardrobe,,storage/logistics,wooden storage,,
everycomp,everycomp:mcfur/minecraft/stripped_pale_oak_bookshelf,,decoration/building block,wood variant,,
everycomp,everycomp:mcfur/minecraft/stripped_pale_oak_bookshelf_cupboard,,storage/logistics,wooden storage,,
everycomp,everycomp:mcfur/minecraft/stripped_pale_oak_bookshelf_drawer,,storage/logistics,wooden storage,,
everycomp,everycomp:mcfur/minecraft/stripped_pale_oak_chair,,decoration/building block,wood variant,,
everycomp,everycomp:mcfur/minecraft/stripped_pale_oak_coffee_table,,decoration/building block,wood variant,,
everycomp,everycomp:mcfur/minecraft/stripped_pale_oak_counter,,storage/logistics,wooden storage,,
everycomp,everycomp:mcfur/minecraft/stripped_pale_oak_covered_desk,,storage/logistics,wooden storage,,
everycomp,everycomp:mcfur/minecraft/stripped_pale_oak_cupboard_counter,,storage/logistics,wooden storage,,
everycomp,everycomp:mcfur/minecraft/stripped_pale_oak_desk,,storage/logistics,wooden storage,,
everycomp,everycomp:mcfur/minecraft/stripped_pale_oak_double_drawer,,storage/logistics,wooden storage,,
everycomp,everycomp:mcfur/minecraft/stripped_pale_oak_double_drawer_counter,,storage/logistics,wooden storage,,
everycomp,everycomp:mcfur/minecraft/stripped_pale_oak_double_kitchen_cabinet,,storage/logistics,wooden storage,,
everycomp,everycomp:mcfur/minecraft/stripped_pale_oak_double_wardrobe,,storage/logistics,wooden storage,,
everycomp,everycomp:mcfur/minecraft/stripped_pale_oak_drawer,,storage/logistics,wooden storage,,
everycomp,everycomp:mcfur/minecraft/stripped_pale_oak_drawer_counter,,storage/logistics,wooden storage,,
everycomp,everycomp:mcfur/minecraft/stripped_pale_oak_end_table,,decoration/building block,wood variant,,
everycomp,everycomp:mcfur/minecraft/stripped_pale_oak_glass_kitchen_cabinet,,storage/logistics,wooden storage,,
everycomp,everycomp:mcfur/minecraft/stripped_pale_oak_glass_table,,decoration/building block,wood variant,,
everycomp,everycomp:mcfur/minecraft/stripped_pale_oak_kitchen_cabinet,,storage/logistics,wooden storage,,
everycomp,everycomp:mcfur/minecraft/stripped_pale_oak_kitchen_sink,,decoration/building block,wood variant,,
everycomp,everycomp:mcfur/minecraft/stripped_pale_oak_large_drawer,,storage/logistics,wooden storage,,
everycomp,everycomp:mcfur/minecraft/stripped_pale_oak_lower_bookshelf_drawer,,storage/logistics,wooden storage,,
everycomp,everycomp:mcfur/minecraft/stripped_pale_oak_lower_triple_drawer,,storage/logistics,wooden storage,,
everycomp,everycomp:mcfur/minecraft/stripped_pale_oak_modern_chair,,decoration/building block,wood variant,,
everycomp,everycomp:mcfur/minecraft/stripped_pale_oak_modern_desk,,storage/logistics,wooden storage,,
everycomp,everycomp:mcfur/minecraft/stripped_pale_oak_modern_wardrobe,,storage/logistics,wooden storage,,
everycomp,everycomp:mcfur/minecraft/stripped_pale_oak_stool_chair,,decoration/building block,wood variant,,
everycomp,everycomp:mcfur/minecraft/stripped_pale_oak_striped_chair,,decoration/building block,wood variant,,
everycomp,everycomp:mcfur/minecraft/stripped_pale_oak_table,,decoration/building block,wood variant,,
everycomp,everycomp:mcfur/minecraft/stripped_pale_oak_triple_drawer,,storage/logistics,wooden storage,,
everycomp,everycomp:mcfur/minecraft/stripped_pale_oak_wardrobe,,storage/logistics,wooden storage,,
everycomp,everycomp:mcfur/regions_unexplored/alpha_coffee_table,,decoration/building block,wood variant,,
everycomp,everycomp:mcfur/regions_unexplored/alpha_covered_desk,,storage/logistics,wooden storage,,
everycomp,everycomp:mcfur/regions_unexplored/alpha_desk,,storage/logistics,wooden storage,,
everycomp,everycomp:mcfur/regions_unexplored/alpha_glass_table,,decoration/building block,wood variant,,
everycomp,everycomp:mcfur/regions_unexplored/alpha_modern_desk,,storage/logistics,wooden storage,,
everycomp,everycomp:mcfur/regions_unexplored/alpha_table,,decoration/building block,wood variant,,
everycomp,everycomp:mcfur/regions_unexplored/baobab_bookshelf,,decoration/building block,wood variant,,
everycomp,everycomp:mcfur/regions_unexplored/baobab_bookshelf_cupboard,,storage/logistics,wooden storage,,
everycomp,everycomp:mcfur/regions_unexplored/baobab_bookshelf_drawer,,storage/logistics,wooden storage,,
everycomp,everycomp:mcfur/regions_unexplored/baobab_chair,,decoration/building block,wood variant,,
everycomp,everycomp:mcfur/regions_unexplored/baobab_coffee_table,,decoration/building block,wood variant,,
everycomp,everycomp:mcfur/regions_unexplored/baobab_counter,,storage/logistics,wooden storage,,
everycomp,everycomp:mcfur/regions_unexplored/baobab_covered_desk,,storage/logistics,wooden storage,,
everycomp,everycomp:mcfur/regions_unexplored/baobab_cupboard_counter,,storage/logistics,wooden storage,,
everycomp,everycomp:mcfur/regions_unexplored/baobab_desk,,storage/logistics,wooden storage,,
everycomp,everycomp:mcfur/regions_unexplored/baobab_double_drawer,,storage/logistics,wooden storage,,
everycomp,everycomp:mcfur/regions_unexplored/baobab_double_drawer_counter,,storage/logistics,wooden storage,,
everycomp,everycomp:mcfur/regions_unexplored/baobab_double_kitchen_cabinet,,storage/logistics,wooden storage,,
everycomp,everycomp:mcfur/regions_unexplored/baobab_double_wardrobe,,storage/logistics,wooden storage,,
everycomp,everycomp:mcfur/regions_unexplored/baobab_drawer,,storage/logistics,wooden storage,,
everycomp,everycomp:mcfur/regions_unexplored/baobab_drawer_counter,,storage/logistics,wooden storage,,
everycomp,everycomp:mcfur/regions_unexplored/baobab_end_table,,decoration/building block,wood variant,,
everycomp,everycomp:mcfur/regions_unexplored/baobab_glass_kitchen_cabinet,,storage/logistics,wooden storage,,
everycomp,everycomp:mcfur/regions_unexplored/baobab_glass_table,,decoration/building block,wood variant,,
everycomp,everycomp:mcfur/regions_unexplored/baobab_kitchen_cabinet,,storage/logistics,wooden storage,,
everycomp,everycomp:mcfur/regions_unexplored/baobab_kitchen_sink,,decoration/building block,wood variant,,
everycomp,everycomp:mcfur/regions_unexplored/baobab_large_drawer,,storage/logistics,wooden storage,,
everycomp,everycomp:mcfur/regions_unexplored/baobab_lower_bookshelf_drawer,,storage/logistics,wooden storage,,
everycomp,everycomp:mcfur/regions_unexplored/baobab_lower_triple_drawer,,storage/logistics,wooden storage,,
everycomp,everycomp:mcfur/regions_unexplored/baobab_modern_chair,,decoration/building block,wood variant,,
everycomp,everycomp:mcfur/regions_unexplored/baobab_modern_desk,,storage/logistics,wooden storage,,
everycomp,everycomp:mcfur/regions_unexplored/baobab_modern_wardrobe,,storage/logistics,wooden storage,,
everycomp,everycomp:mcfur/regions_unexplored/baobab_stool_chair,,decoration/building block,wood variant,,
everycomp,everycomp:mcfur/regions_unexplored/baobab_striped_chair,,decoration/building block,wood variant,,
everycomp,everycomp:mcfur/regions_unexplored/baobab_table,,decoration/building block,wood variant,,
everycomp,everycomp:mcfur/regions_unexplored/baobab_triple_drawer,,storage/logistics,wooden storage,,
everycomp,everycomp:mcfur/regions_unexplored/baobab_wardrobe,,storage/logistics,wooden storage,,
everycomp,everycomp:mcfur/regions_unexplored/blackwood_bookshelf,,decoration/building block,wood variant,,
everycomp,everycomp:mcfur/regions_unexplored/blackwood_bookshelf_cupboard,,storage/logistics,wooden storage,,
everycomp,everycomp:mcfur/regions_unexplored/blackwood_bookshelf_drawer,,storage/logistics,wooden storage,,
everycomp,everycomp:mcfur/regions_unexplored/blackwood_chair,,decoration/building block,wood variant,,
everycomp,everycomp:mcfur/regions_unexplored/blackwood_coffee_table,,decoration/building block,wood variant,,
everycomp,everycomp:mcfur/regions_unexplored/blackwood_counter,,storage/logistics,wooden storage,,
everycomp,everycomp:mcfur/regions_unexplored/blackwood_covered_desk,,storage/logistics,wooden storage,,
everycomp,everycomp:mcfur/regions_unexplored/blackwood_cupboard_counter,,storage/logistics,wooden storage,,
everycomp,everycomp:mcfur/regions_unexplored/blackwood_desk,,storage/logistics,wooden storage,,
everycomp,everycomp:mcfur/regions_unexplored/blackwood_double_drawer,,storage/logistics,wooden storage,,
everycomp,everycomp:mcfur/regions_unexplored/blackwood_double_drawer_counter,,storage/logistics,wooden storage,,
everycomp,everycomp:mcfur/regions_unexplored/blackwood_double_kitchen_cabinet,,storage/logistics,wooden storage,,
everycomp,everycomp:mcfur/regions_unexplored/blackwood_double_wardrobe,,storage/logistics,wooden storage,,
everycomp,everycomp:mcfur/regions_unexplored/blackwood_drawer,,storage/logistics,wooden storage,,
everycomp,everycomp:mcfur/regions_unexplored/blackwood_drawer_counter,,storage/logistics,wooden storage,,
everycomp,everycomp:mcfur/regions_unexplored/blackwood_end_table,,decoration/building block,wood variant,,
everycomp,everycomp:mcfur/regions_unexplored/blackwood_glass_kitchen_cabinet,,storage/logistics,wooden storage,,
everycomp,everycomp:mcfur/regions_unexplored/blackwood_glass_table,,decoration/building block,wood variant,,
everycomp,everycomp:mcfur/regions_unexplored/blackwood_kitchen_cabinet,,storage/logistics,wooden storage,,
everycomp,everycomp:mcfur/regions_unexplored/blackwood_kitchen_sink,,decoration/building block,wood variant,,
everycomp,everycomp:mcfur/regions_unexplored/blackwood_large_drawer,,storage/logistics,wooden storage,,
everycomp,everycomp:mcfur/regions_unexplored/blackwood_lower_bookshelf_drawer,,storage/logistics,wooden storage,,
everycomp,everycomp:mcfur/regions_unexplored/blackwood_lower_triple_drawer,,storage/logistics,wooden storage,,
everycomp,everycomp:mcfur/regions_unexplored/blackwood_modern_chair,,decoration/building block,wood variant,,
everycomp,everycomp:mcfur/regions_unexplored/blackwood_modern_desk,,storage/logistics,wooden storage,,
everycomp,everycomp:mcfur/regions_unexplored/blackwood_modern_wardrobe,,storage/logistics,wooden storage,,
everycomp,everycomp:mcfur/regions_unexplored/blackwood_stool_chair,,decoration/building block,wood variant,,
everycomp,everycomp:mcfur/regions_unexplored/blackwood_striped_chair,,decoration/building block,wood variant,,
everycomp,everycomp:mcfur/regions_unexplored/blackwood_table,,decoration/building block,wood variant,,
everycomp,everycomp:mcfur/regions_unexplored/blackwood_triple_drawer,,storage/logistics,wooden storage,,
everycomp,everycomp:mcfur/regions_unexplored/blackwood_wardrobe,,storage/logistics,wooden storage,,
everycomp,everycomp:mcfur/regions_unexplored/blue_bioshroom_bookshelf,,decoration/building block,wood variant,,
everycomp,everycomp:mcfur/regions_unexplored/blue_bioshroom_bookshelf_cupboard,,storage/logistics,wooden storage,,
everycomp,everycomp:mcfur/regions_unexplored/blue_bioshroom_bookshelf_drawer,,storage/logistics,wooden storage,,
everycomp,everycomp:mcfur/regions_unexplored/blue_bioshroom_chair,,decoration/building block,wood variant,,
everycomp,everycomp:mcfur/regions_unexplored/blue_bioshroom_coffee_table,,decoration/building block,wood variant,,
everycomp,everycomp:mcfur/regions_unexplored/blue_bioshroom_counter,,storage/logistics,wooden storage,,
everycomp,everycomp:mcfur/regions_unexplored/blue_bioshroom_covered_desk,,storage/logistics,wooden storage,,
everycomp,everycomp:mcfur/regions_unexplored/blue_bioshroom_cupboard_counter,,storage/logistics,wooden storage,,
everycomp,everycomp:mcfur/regions_unexplored/blue_bioshroom_desk,,storage/logistics,wooden storage,,
everycomp,everycomp:mcfur/regions_unexplored/blue_bioshroom_double_drawer,,storage/logistics,wooden storage,,
everycomp,everycomp:mcfur/regions_unexplored/blue_bioshroom_double_drawer_counter,,storage/logistics,wooden storage,,
everycomp,everycomp:mcfur/regions_unexplored/blue_bioshroom_double_kitchen_cabinet,,storage/logistics,wooden storage,,
everycomp,everycomp:mcfur/regions_unexplored/blue_bioshroom_double_wardrobe,,storage/logistics,wooden storage,,
everycomp,everycomp:mcfur/regions_unexplored/blue_bioshroom_drawer,,storage/logistics,wooden storage,,
everycomp,everycomp:mcfur/regions_unexplored/blue_bioshroom_drawer_counter,,storage/logistics,wooden storage,,
everycomp,everycomp:mcfur/regions_unexplored/blue_bioshroom_end_table,,decoration/building block,wood variant,,
everycomp,everycomp:mcfur/regions_unexplored/blue_bioshroom_glass_kitchen_cabinet,,storage/logistics,wooden storage,,
everycomp,everycomp:mcfur/regions_unexplored/blue_bioshroom_glass_table,,decoration/building block,wood variant,,
everycomp,everycomp:mcfur/regions_unexplored/blue_bioshroom_kitchen_cabinet,,storage/logistics,wooden storage,,
everycomp,everycomp:mcfur/regions_unexplored/blue_bioshroom_kitchen_sink,,decoration/building block,wood variant,,
everycomp,everycomp:mcfur/regions_unexplored/blue_bioshroom_large_drawer,,storage/logistics,wooden storage,,
everycomp,everycomp:mcfur/regions_unexplored/blue_bioshroom_lower_bookshelf_drawer,,storage/logistics,wooden storage,,
everycomp,everycomp:mcfur/regions_unexplored/blue_bioshroom_lower_triple_drawer,,storage/logistics,wooden storage,,
everycomp,everycomp:mcfur/regions_unexplored/blue_bioshroom_modern_chair,,decoration/building block,wood variant,,
everycomp,everycomp:mcfur/regions_unexplored/blue_bioshroom_modern_desk,,storage/logistics,wooden storage,,
everycomp,everycomp:mcfur/regions_unexplored/blue_bioshroom_modern_wardrobe,,storage/logistics,wooden storage,,
everycomp,everycomp:mcfur/regions_unexplored/blue_bioshroom_stool_chair,,decoration/building block,wood variant,,
everycomp,everycomp:mcfur/regions_unexplored/blue_bioshroom_striped_chair,,decoration/building block,wood variant,,
everycomp,everycomp:mcfur/regions_unexplored/blue_bioshroom_table,,decoration/building block,wood variant,,
everycomp,everycomp:mcfur/regions_unexplored/blue_bioshroom_triple_drawer,,storage/logistics,wooden storage,,
everycomp,everycomp:mcfur/regions_unexplored/blue_bioshroom_wardrobe,,storage/logistics,wooden storage,,
everycomp,everycomp:mcfur/regions_unexplored/brimwood_bookshelf,,decoration/building block,wood variant,,
everycomp,everycomp:mcfur/regions_unexplored/brimwood_bookshelf_cupboard,,storage/logistics,wooden storage,,
everycomp,everycomp:mcfur/regions_unexplored/brimwood_bookshelf_drawer,,storage/logistics,wooden storage,,
everycomp,everycomp:mcfur/regions_unexplored/brimwood_chair,,decoration/building block,wood variant,,
everycomp,everycomp:mcfur/regions_unexplored/brimwood_coffee_table,,decoration/building block,wood variant,,
everycomp,everycomp:mcfur/regions_unexplored/brimwood_counter,,storage/logistics,wooden storage,,
everycomp,everycomp:mcfur/regions_unexplored/brimwood_covered_desk,,storage/logistics,wooden storage,,
everycomp,everycomp:mcfur/regions_unexplored/brimwood_cupboard_counter,,storage/logistics,wooden storage,,
everycomp,everycomp:mcfur/regions_unexplored/brimwood_desk,,storage/logistics,wooden storage,,
everycomp,everycomp:mcfur/regions_unexplored/brimwood_double_drawer,,storage/logistics,wooden storage,,
everycomp,everycomp:mcfur/regions_unexplored/brimwood_double_drawer_counter,,storage/logistics,wooden storage,,
everycomp,everycomp:mcfur/regions_unexplored/brimwood_double_kitchen_cabinet,,storage/logistics,wooden storage,,
everycomp,everycomp:mcfur/regions_unexplored/brimwood_double_wardrobe,,storage/logistics,wooden storage,,
everycomp,everycomp:mcfur/regions_unexplored/brimwood_drawer,,storage/logistics,wooden storage,,
everycomp,everycomp:mcfur/regions_unexplored/brimwood_drawer_counter,,storage/logistics,wooden storage,,
everycomp,everycomp:mcfur/regions_unexplored/brimwood_end_table,,decoration/building block,wood variant,,
everycomp,everycomp:mcfur/regions_unexplored/brimwood_glass_kitchen_cabinet,,storage/logistics,wooden storage,,
everycomp,everycomp:mcfur/regions_unexplored/brimwood_glass_table,,decoration/building block,wood variant,,
everycomp,everycomp:mcfur/regions_unexplored/brimwood_kitchen_cabinet,,storage/logistics,wooden storage,,
everycomp,everycomp:mcfur/regions_unexplored/brimwood_kitchen_sink,,decoration/building block,wood variant,,
everycomp,everycomp:mcfur/regions_unexplored/brimwood_large_drawer,,storage/logistics,wooden storage,,
everycomp,everycomp:mcfur/regions_unexplored/brimwood_lower_bookshelf_drawer,,storage/logistics,wooden storage,,
everycomp,everycomp:mcfur/regions_unexplored/brimwood_lower_triple_drawer,,storage/logistics,wooden storage,,
everycomp,everycomp:mcfur/regions_unexplored/brimwood_modern_chair,,decoration/building block,wood variant,,
everycomp,everycomp:mcfur/regions_unexplored/brimwood_modern_desk,,storage/logistics,wooden storage,,
everycomp,everycomp:mcfur/regions_unexplored/brimwood_modern_wardrobe,,storage/logistics,wooden storage,,
everycomp,everycomp:mcfur/regions_unexplored/brimwood_stool_chair,,decoration/building block,wood variant,,
everycomp,everycomp:mcfur/regions_unexplored/brimwood_striped_chair,,decoration/building block,wood variant,,
everycomp,everycomp:mcfur/regions_unexplored/brimwood_table,,decoration/building block,wood variant,,
everycomp,everycomp:mcfur/regions_unexplored/brimwood_triple_drawer,,storage/logistics,wooden storage,,
everycomp,everycomp:mcfur/regions_unexplored/brimwood_wardrobe,,storage/logistics,wooden storage,,
everycomp,everycomp:mcfur/regions_unexplored/cobalt_bookshelf,,decoration/building block,wood variant,,
everycomp,everycomp:mcfur/regions_unexplored/cobalt_bookshelf_cupboard,,storage/logistics,wooden storage,,
everycomp,everycomp:mcfur/regions_unexplored/cobalt_bookshelf_drawer,,storage/logistics,wooden storage,,
everycomp,everycomp:mcfur/regions_unexplored/cobalt_chair,,decoration/building block,wood variant,,
everycomp,everycomp:mcfur/regions_unexplored/cobalt_coffee_table,,decoration/building block,wood variant,,
everycomp,everycomp:mcfur/regions_unexplored/cobalt_counter,,storage/logistics,wooden storage,,
everycomp,everycomp:mcfur/regions_unexplored/cobalt_covered_desk,,storage/logistics,wooden storage,,
everycomp,everycomp:mcfur/regions_unexplored/cobalt_cupboard_counter,,storage/logistics,wooden storage,,
everycomp,everycomp:mcfur/regions_unexplored/cobalt_desk,,storage/logistics,wooden storage,,
everycomp,everycomp:mcfur/regions_unexplored/cobalt_double_drawer,,storage/logistics,wooden storage,,
everycomp,everycomp:mcfur/regions_unexplored/cobalt_double_drawer_counter,,storage/logistics,wooden storage,,
everycomp,everycomp:mcfur/regions_unexplored/cobalt_double_kitchen_cabinet,,storage/logistics,wooden storage,,
everycomp,everycomp:mcfur/regions_unexplored/cobalt_double_wardrobe,,storage/logistics,wooden storage,,
everycomp,everycomp:mcfur/regions_unexplored/cobalt_drawer,,storage/logistics,wooden storage,,
everycomp,everycomp:mcfur/regions_unexplored/cobalt_drawer_counter,,storage/logistics,wooden storage,,
everycomp,everycomp:mcfur/regions_unexplored/cobalt_end_table,,decoration/building block,wood variant,,
everycomp,everycomp:mcfur/regions_unexplored/cobalt_glass_kitchen_cabinet,,storage/logistics,wooden storage,,
everycomp,everycomp:mcfur/regions_unexplored/cobalt_glass_table,,decoration/building block,wood variant,,
everycomp,everycomp:mcfur/regions_unexplored/cobalt_kitchen_cabinet,,storage/logistics,wooden storage,,
everycomp,everycomp:mcfur/regions_unexplored/cobalt_kitchen_sink,,decoration/building block,wood variant,,
everycomp,everycomp:mcfur/regions_unexplored/cobalt_large_drawer,,storage/logistics,wooden storage,,
everycomp,everycomp:mcfur/regions_unexplored/cobalt_lower_bookshelf_drawer,,storage/logistics,wooden storage,,
everycomp,everycomp:mcfur/regions_unexplored/cobalt_lower_triple_drawer,,storage/logistics,wooden storage,,
everycomp,everycomp:mcfur/regions_unexplored/cobalt_modern_chair,,decoration/building block,wood variant,,
everycomp,everycomp:mcfur/regions_unexplored/cobalt_modern_desk,,storage/logistics,wooden storage,,
everycomp,everycomp:mcfur/regions_unexplored/cobalt_modern_wardrobe,,storage/logistics,wooden storage,,
everycomp,everycomp:mcfur/regions_unexplored/cobalt_stool_chair,,decoration/building block,wood variant,,
everycomp,everycomp:mcfur/regions_unexplored/cobalt_striped_chair,,decoration/building block,wood variant,,
everycomp,everycomp:mcfur/regions_unexplored/cobalt_table,,decoration/building block,wood variant,,
everycomp,everycomp:mcfur/regions_unexplored/cobalt_triple_drawer,,storage/logistics,wooden storage,,
everycomp,everycomp:mcfur/regions_unexplored/cobalt_wardrobe,,storage/logistics,wooden storage,,
everycomp,everycomp:mcfur/regions_unexplored/cypress_bookshelf,,decoration/building block,wood variant,,
everycomp,everycomp:mcfur/regions_unexplored/cypress_bookshelf_cupboard,,storage/logistics,wooden storage,,
everycomp,everycomp:mcfur/regions_unexplored/cypress_bookshelf_drawer,,storage/logistics,wooden storage,,
everycomp,everycomp:mcfur/regions_unexplored/cypress_chair,,decoration/building block,wood variant,,
everycomp,everycomp:mcfur/regions_unexplored/cypress_coffee_table,,decoration/building block,wood variant,,
everycomp,everycomp:mcfur/regions_unexplored/cypress_counter,,storage/logistics,wooden storage,,
everycomp,everycomp:mcfur/regions_unexplored/cypress_covered_desk,,storage/logistics,wooden storage,,
everycomp,everycomp:mcfur/regions_unexplored/cypress_cupboard_counter,,storage/logistics,wooden storage,,
everycomp,everycomp:mcfur/regions_unexplored/cypress_desk,,storage/logistics,wooden storage,,
everycomp,everycomp:mcfur/regions_unexplored/cypress_double_drawer,,storage/logistics,wooden storage,,
everycomp,everycomp:mcfur/regions_unexplored/cypress_double_drawer_counter,,storage/logistics,wooden storage,,
everycomp,everycomp:mcfur/regions_unexplored/cypress_double_kitchen_cabinet,,storage/logistics,wooden storage,,
everycomp,everycomp:mcfur/regions_unexplored/cypress_double_wardrobe,,storage/logistics,wooden storage,,
everycomp,everycomp:mcfur/regions_unexplored/cypress_drawer,,storage/logistics,wooden storage,,
everycomp,everycomp:mcfur/regions_unexplored/cypress_drawer_counter,,storage/logistics,wooden storage,,
everycomp,everycomp:mcfur/regions_unexplored/cypress_end_table,,decoration/building block,wood variant,,
everycomp,everycomp:mcfur/regions_unexplored/cypress_glass_kitchen_cabinet,,storage/logistics,wooden storage,,
everycomp,everycomp:mcfur/regions_unexplored/cypress_glass_table,,decoration/building block,wood variant,,
everycomp,everycomp:mcfur/regions_unexplored/cypress_kitchen_cabinet,,storage/logistics,wooden storage,,
everycomp,everycomp:mcfur/regions_unexplored/cypress_kitchen_sink,,decoration/building block,wood variant,,
everycomp,everycomp:mcfur/regions_unexplored/cypress_large_drawer,,storage/logistics,wooden storage,,
everycomp,everycomp:mcfur/regions_unexplored/cypress_lower_bookshelf_drawer,,storage/logistics,wooden storage,,
everycomp,everycomp:mcfur/regions_unexplored/cypress_lower_triple_drawer,,storage/logistics,wooden storage,,
everycomp,everycomp:mcfur/regions_unexplored/cypress_modern_chair,,decoration/building block,wood variant,,
everycomp,everycomp:mcfur/regions_unexplored/cypress_modern_desk,,storage/logistics,wooden storage,,
everycomp,everycomp:mcfur/regions_unexplored/cypress_modern_wardrobe,,storage/logistics,wooden storage,,
everycomp,everycomp:mcfur/regions_unexplored/cypress_stool_chair,,decoration/building block,wood variant,,
everycomp,everycomp:mcfur/regions_unexplored/cypress_striped_chair,,decoration/building block,wood variant,,
everycomp,everycomp:mcfur/regions_unexplored/cypress_table,,decoration/building block,wood variant,,
everycomp,everycomp:mcfur/regions_unexplored/cypress_triple_drawer,,storage/logistics,wooden storage,,
everycomp,everycomp:mcfur/regions_unexplored/cypress_wardrobe,,storage/logistics,wooden storage,,
everycomp,everycomp:mcfur/regions_unexplored/dead_bookshelf,,decoration/building block,wood variant,,
everycomp,everycomp:mcfur/regions_unexplored/dead_bookshelf_cupboard,,storage/logistics,wooden storage,,
everycomp,everycomp:mcfur/regions_unexplored/dead_bookshelf_drawer,,storage/logistics,wooden storage,,
everycomp,everycomp:mcfur/regions_unexplored/dead_chair,,decoration/building block,wood variant,,
everycomp,everycomp:mcfur/regions_unexplored/dead_coffee_table,,decoration/building block,wood variant,,
everycomp,everycomp:mcfur/regions_unexplored/dead_counter,,storage/logistics,wooden storage,,
everycomp,everycomp:mcfur/regions_unexplored/dead_covered_desk,,storage/logistics,wooden storage,,
everycomp,everycomp:mcfur/regions_unexplored/dead_cupboard_counter,,storage/logistics,wooden storage,,
everycomp,everycomp:mcfur/regions_unexplored/dead_desk,,storage/logistics,wooden storage,,
everycomp,everycomp:mcfur/regions_unexplored/dead_double_drawer,,storage/logistics,wooden storage,,
everycomp,everycomp:mcfur/regions_unexplored/dead_double_drawer_counter,,storage/logistics,wooden storage,,
everycomp,everycomp:mcfur/regions_unexplored/dead_double_kitchen_cabinet,,storage/logistics,wooden storage,,
everycomp,everycomp:mcfur/regions_unexplored/dead_double_wardrobe,,storage/logistics,wooden storage,,
everycomp,everycomp:mcfur/regions_unexplored/dead_drawer,,storage/logistics,wooden storage,,
everycomp,everycomp:mcfur/regions_unexplored/dead_drawer_counter,,storage/logistics,wooden storage,,
everycomp,everycomp:mcfur/regions_unexplored/dead_end_table,,decoration/building block,wood variant,,
everycomp,everycomp:mcfur/regions_unexplored/dead_glass_kitchen_cabinet,,storage/logistics,wooden storage,,
everycomp,everycomp:mcfur/regions_unexplored/dead_glass_table,,decoration/building block,wood variant,,
everycomp,everycomp:mcfur/regions_unexplored/dead_kitchen_cabinet,,storage/logistics,wooden storage,,
everycomp,everycomp:mcfur/regions_unexplored/dead_kitchen_sink,,decoration/building block,wood variant,,
everycomp,everycomp:mcfur/regions_unexplored/dead_large_drawer,,storage/logistics,wooden storage,,
everycomp,everycomp:mcfur/regions_unexplored/dead_lower_bookshelf_drawer,,storage/logistics,wooden storage,,
everycomp,everycomp:mcfur/regions_unexplored/dead_lower_triple_drawer,,storage/logistics,wooden storage,,
everycomp,everycomp:mcfur/regions_unexplored/dead_modern_chair,,decoration/building block,wood variant,,
everycomp,everycomp:mcfur/regions_unexplored/dead_modern_desk,,storage/logistics,wooden storage,,
everycomp,everycomp:mcfur/regions_unexplored/dead_modern_wardrobe,,storage/logistics,wooden storage,,
everycomp,everycomp:mcfur/regions_unexplored/dead_stool_chair,,decoration/building block,wood variant,,
everycomp,everycomp:mcfur/regions_unexplored/dead_striped_chair,,decoration/building block,wood variant,,
everycomp,everycomp:mcfur/regions_unexplored/dead_table,,decoration/building block,wood variant,,
everycomp,everycomp:mcfur/regions_unexplored/dead_triple_drawer,,storage/logistics,wooden storage,,
everycomp,everycomp:mcfur/regions_unexplored/dead_wardrobe,,storage/logistics,wooden storage,,
everycomp,everycomp:mcfur/regions_unexplored/eucalyptus_bookshelf,,decoration/building block,wood variant,,
everycomp,everycomp:mcfur/regions_unexplored/eucalyptus_bookshelf_cupboard,,storage/logistics,wooden storage,,
everycomp,everycomp:mcfur/regions_unexplored/eucalyptus_bookshelf_drawer,,storage/logistics,wooden storage,,
everycomp,everycomp:mcfur/regions_unexplored/eucalyptus_chair,,decoration/building block,wood variant,,
everycomp,everycomp:mcfur/regions_unexplored/eucalyptus_coffee_table,,decoration/building block,wood variant,,
everycomp,everycomp:mcfur/regions_unexplored/eucalyptus_counter,,storage/logistics,wooden storage,,
everycomp,everycomp:mcfur/regions_unexplored/eucalyptus_covered_desk,,storage/logistics,wooden storage,,
everycomp,everycomp:mcfur/regions_unexplored/eucalyptus_cupboard_counter,,storage/logistics,wooden storage,,
everycomp,everycomp:mcfur/regions_unexplored/eucalyptus_desk,,storage/logistics,wooden storage,,
everycomp,everycomp:mcfur/regions_unexplored/eucalyptus_double_drawer,,storage/logistics,wooden storage,,
everycomp,everycomp:mcfur/regions_unexplored/eucalyptus_double_drawer_counter,,storage/logistics,wooden storage,,
everycomp,everycomp:mcfur/regions_unexplored/eucalyptus_double_kitchen_cabinet,,storage/logistics,wooden storage,,
everycomp,everycomp:mcfur/regions_unexplored/eucalyptus_double_wardrobe,,storage/logistics,wooden storage,,
everycomp,everycomp:mcfur/regions_unexplored/eucalyptus_drawer,,storage/logistics,wooden storage,,
everycomp,everycomp:mcfur/regions_unexplored/eucalyptus_drawer_counter,,storage/logistics,wooden storage,,
everycomp,everycomp:mcfur/regions_unexplored/eucalyptus_end_table,,decoration/building block,wood variant,,
everycomp,everycomp:mcfur/regions_unexplored/eucalyptus_glass_kitchen_cabinet,,storage/logistics,wooden storage,,
everycomp,everycomp:mcfur/regions_unexplored/eucalyptus_glass_table,,decoration/building block,wood variant,,
everycomp,everycomp:mcfur/regions_unexplored/eucalyptus_kitchen_cabinet,,storage/logistics,wooden storage,,
everycomp,everycomp:mcfur/regions_unexplored/eucalyptus_kitchen_sink,,decoration/building block,wood variant,,
everycomp,everycomp:mcfur/regions_unexplored/eucalyptus_large_drawer,,storage/logistics,wooden storage,,
everycomp,everycomp:mcfur/regions_unexplored/eucalyptus_lower_bookshelf_drawer,,storage/logistics,wooden storage,,
everycomp,everycomp:mcfur/regions_unexplored/eucalyptus_lower_triple_drawer,,storage/logistics,wooden storage,,
everycomp,everycomp:mcfur/regions_unexplored/eucalyptus_modern_chair,,decoration/building block,wood variant,,
everycomp,everycomp:mcfur/regions_unexplored/eucalyptus_modern_desk,,storage/logistics,wooden storage,,
everycomp,everycomp:mcfur/regions_unexplored/eucalyptus_modern_wardrobe,,storage/logistics,wooden storage,,
everycomp,everycomp:mcfur/regions_unexplored/eucalyptus_stool_chair,,decoration/building block,wood variant,,
everycomp,everycomp:mcfur/regions_unexplored/eucalyptus_striped_chair,,decoration/building block,wood variant,,
everycomp,everycomp:mcfur/regions_unexplored/eucalyptus_table,,decoration/building block,wood variant,,
everycomp,everycomp:mcfur/regions_unexplored/eucalyptus_triple_drawer,,storage/logistics,wooden storage,,
everycomp,everycomp:mcfur/regions_unexplored/eucalyptus_wardrobe,,storage/logistics,wooden storage,,
everycomp,everycomp:mcfur/regions_unexplored/green_bioshroom_bookshelf,,decoration/building block,wood variant,,
everycomp,everycomp:mcfur/regions_unexplored/green_bioshroom_bookshelf_cupboard,,storage/logistics,wooden storage,,
everycomp,everycomp:mcfur/regions_unexplored/green_bioshroom_bookshelf_drawer,,storage/logistics,wooden storage,,
everycomp,everycomp:mcfur/regions_unexplored/green_bioshroom_chair,,decoration/building block,wood variant,,
everycomp,everycomp:mcfur/regions_unexplored/green_bioshroom_coffee_table,,decoration/building block,wood variant,,
everycomp,everycomp:mcfur/regions_unexplored/green_bioshroom_counter,,storage/logistics,wooden storage,,
everycomp,everycomp:mcfur/regions_unexplored/green_bioshroom_covered_desk,,storage/logistics,wooden storage,,
everycomp,everycomp:mcfur/regions_unexplored/green_bioshroom_cupboard_counter,,storage/logistics,wooden storage,,
everycomp,everycomp:mcfur/regions_unexplored/green_bioshroom_desk,,storage/logistics,wooden storage,,
everycomp,everycomp:mcfur/regions_unexplored/green_bioshroom_double_drawer,,storage/logistics,wooden storage,,
everycomp,everycomp:mcfur/regions_unexplored/green_bioshroom_double_drawer_counter,,storage/logistics,wooden storage,,
everycomp,everycomp:mcfur/regions_unexplored/green_bioshroom_double_kitchen_cabinet,,storage/logistics,wooden storage,,
everycomp,everycomp:mcfur/regions_unexplored/green_bioshroom_double_wardrobe,,storage/logistics,wooden storage,,
everycomp,everycomp:mcfur/regions_unexplored/green_bioshroom_drawer,,storage/logistics,wooden storage,,
everycomp,everycomp:mcfur/regions_unexplored/green_bioshroom_drawer_counter,,storage/logistics,wooden storage,,
everycomp,everycomp:mcfur/regions_unexplored/green_bioshroom_end_table,,decoration/building block,wood variant,,
everycomp,everycomp:mcfur/regions_unexplored/green_bioshroom_glass_kitchen_cabinet,,storage/logistics,wooden storage,,
everycomp,everycomp:mcfur/regions_unexplored/green_bioshroom_glass_table,,decoration/building block,wood variant,,
everycomp,everycomp:mcfur/regions_unexplored/green_bioshroom_kitchen_cabinet,,storage/logistics,wooden storage,,
everycomp,everycomp:mcfur/regions_unexplored/green_bioshroom_kitchen_sink,,decoration/building block,wood variant,,
everycomp,everycomp:mcfur/regions_unexplored/green_bioshroom_large_drawer,,storage/logistics,wooden storage,,
everycomp,everycomp:mcfur/regions_unexplored/green_bioshroom_lower_bookshelf_drawer,,storage/logistics,wooden storage,,
everycomp,everycomp:mcfur/regions_unexplored/green_bioshroom_lower_triple_drawer,,storage/logistics,wooden storage,,
everycomp,everycomp:mcfur/regions_unexplored/green_bioshroom_modern_chair,,decoration/building block,wood variant,,
everycomp,everycomp:mcfur/regions_unexplored/green_bioshroom_modern_desk,,storage/logistics,wooden storage,,
everycomp,everycomp:mcfur/regions_unexplored/green_bioshroom_modern_wardrobe,,storage/logistics,wooden storage,,
everycomp,everycomp:mcfur/regions_unexplored/green_bioshroom_stool_chair,,decoration/building block,wood variant,,
everycomp,everycomp:mcfur/regions_unexplored/green_bioshroom_striped_chair,,decoration/building block,wood variant,,
everycomp,everycomp:mcfur/regions_unexplored/green_bioshroom_table,,decoration/building block,wood variant,,
everycomp,everycomp:mcfur/regions_unexplored/green_bioshroom_triple_drawer,,storage/logistics,wooden storage,,
everycomp,everycomp:mcfur/regions_unexplored/green_bioshroom_wardrobe,,storage/logistics,wooden storage,,
everycomp,everycomp:mcfur/regions_unexplored/joshua_bookshelf,,decoration/building block,wood variant,,
everycomp,everycomp:mcfur/regions_unexplored/joshua_bookshelf_cupboard,,storage/logistics,wooden storage,,
everycomp,everycomp:mcfur/regions_unexplored/joshua_bookshelf_drawer,,storage/logistics,wooden storage,,
everycomp,everycomp:mcfur/regions_unexplored/joshua_chair,,decoration/building block,wood variant,,
everycomp,everycomp:mcfur/regions_unexplored/joshua_coffee_table,,decoration/building block,wood variant,,
everycomp,everycomp:mcfur/regions_unexplored/joshua_counter,,storage/logistics,wooden storage,,
everycomp,everycomp:mcfur/regions_unexplored/joshua_covered_desk,,storage/logistics,wooden storage,,
everycomp,everycomp:mcfur/regions_unexplored/joshua_cupboard_counter,,storage/logistics,wooden storage,,
everycomp,everycomp:mcfur/regions_unexplored/joshua_desk,,storage/logistics,wooden storage,,
everycomp,everycomp:mcfur/regions_unexplored/joshua_double_drawer,,storage/logistics,wooden storage,,
everycomp,everycomp:mcfur/regions_unexplored/joshua_double_drawer_counter,,storage/logistics,wooden storage,,
everycomp,everycomp:mcfur/regions_unexplored/joshua_double_kitchen_cabinet,,storage/logistics,wooden storage,,
everycomp,everycomp:mcfur/regions_unexplored/joshua_double_wardrobe,,storage/logistics,wooden storage,,
everycomp,everycomp:mcfur/regions_unexplored/joshua_drawer,,storage/logistics,wooden storage,,
everycomp,everycomp:mcfur/regions_unexplored/joshua_drawer_counter,,storage/logistics,wooden storage,,
everycomp,everycomp:mcfur/regions_unexplored/joshua_end_table,,decoration/building block,wood variant,,
everycomp,everycomp:mcfur/regions_unexplored/joshua_glass_kitchen_cabinet,,storage/logistics,wooden storage,,
everycomp,everycomp:mcfur/regions_unexplored/joshua_glass_table,,decoration/building block,wood variant,,
everycomp,everycomp:mcfur/regions_unexplored/joshua_kitchen_cabinet,,storage/logistics,wooden storage,,
everycomp,everycomp:mcfur/regions_unexplored/joshua_kitchen_sink,,decoration/building block,wood variant,,
everycomp,everycomp:mcfur/regions_unexplored/joshua_large_drawer,,storage/logistics,wooden storage,,
everycomp,everycomp:mcfur/regions_unexplored/joshua_lower_bookshelf_drawer,,storage/logistics,wooden storage,,
everycomp,everycomp:mcfur/regions_unexplored/joshua_lower_triple_drawer,,storage/logistics,wooden storage,,
everycomp,everycomp:mcfur/regions_unexplored/joshua_modern_chair,,decoration/building block,wood variant,,
everycomp,everycomp:mcfur/regions_unexplored/joshua_modern_desk,,storage/logistics,wooden storage,,
everycomp,everycomp:mcfur/regions_unexplored/joshua_modern_wardrobe,,storage/logistics,wooden storage,,
everycomp,everycomp:mcfur/regions_unexplored/joshua_stool_chair,,decoration/building block,wood variant,,
everycomp,everycomp:mcfur/regions_unexplored/joshua_striped_chair,,decoration/building block,wood variant,,
everycomp,everycomp:mcfur/regions_unexplored/joshua_table,,decoration/building block,wood variant,,
everycomp,everycomp:mcfur/regions_unexplored/joshua_triple_drawer,,storage/logistics,wooden storage,,
everycomp,everycomp:mcfur/regions_unexplored/joshua_wardrobe,,storage/logistics,wooden storage,,
everycomp,everycomp:mcfur/regions_unexplored/kapok_bookshelf,,decoration/building block,wood variant,,
everycomp,everycomp:mcfur/regions_unexplored/kapok_bookshelf_cupboard,,storage/logistics,wooden storage,,
everycomp,everycomp:mcfur/regions_unexplored/kapok_bookshelf_drawer,,storage/logistics,wooden storage,,
everycomp,everycomp:mcfur/regions_unexplored/kapok_chair,,decoration/building block,wood variant,,
everycomp,everycomp:mcfur/regions_unexplored/kapok_coffee_table,,decoration/building block,wood variant,,
everycomp,everycomp:mcfur/regions_unexplored/kapok_counter,,storage/logistics,wooden storage,,
everycomp,everycomp:mcfur/regions_unexplored/kapok_covered_desk,,storage/logistics,wooden storage,,
everycomp,everycomp:mcfur/regions_unexplored/kapok_cupboard_counter,,storage/logistics,wooden storage,,
everycomp,everycomp:mcfur/regions_unexplored/kapok_desk,,storage/logistics,wooden storage,,
everycomp,everycomp:mcfur/regions_unexplored/kapok_double_drawer,,storage/logistics,wooden storage,,
everycomp,everycomp:mcfur/regions_unexplored/kapok_double_drawer_counter,,storage/logistics,wooden storage,,
everycomp,everycomp:mcfur/regions_unexplored/kapok_double_kitchen_cabinet,,storage/logistics,wooden storage,,
everycomp,everycomp:mcfur/regions_unexplored/kapok_double_wardrobe,,storage/logistics,wooden storage,,
everycomp,everycomp:mcfur/regions_unexplored/kapok_drawer,,storage/logistics,wooden storage,,
everycomp,everycomp:mcfur/regions_unexplored/kapok_drawer_counter,,storage/logistics,wooden storage,,
everycomp,everycomp:mcfur/regions_unexplored/kapok_end_table,,decoration/building block,wood variant,,
everycomp,everycomp:mcfur/regions_unexplored/kapok_glass_kitchen_cabinet,,storage/logistics,wooden storage,,
everycomp,everycomp:mcfur/regions_unexplored/kapok_glass_table,,decoration/building block,wood variant,,
everycomp,everycomp:mcfur/regions_unexplored/kapok_kitchen_cabinet,,storage/logistics,wooden storage,,
everycomp,everycomp:mcfur/regions_unexplored/kapok_kitchen_sink,,decoration/building block,wood variant,,
everycomp,everycomp:mcfur/regions_unexplored/kapok_large_drawer,,storage/logistics,wooden storage,,
everycomp,everycomp:mcfur/regions_unexplored/kapok_lower_bookshelf_drawer,,storage/logistics,wooden storage,,
everycomp,everycomp:mcfur/regions_unexplored/kapok_lower_triple_drawer,,storage/logistics,wooden storage,,
everycomp,everycomp:mcfur/regions_unexplored/kapok_modern_chair,,decoration/building block,wood variant,,
everycomp,everycomp:mcfur/regions_unexplored/kapok_modern_desk,,storage/logistics,wooden storage,,
everycomp,everycomp:mcfur/regions_unexplored/kapok_modern_wardrobe,,storage/logistics,wooden storage,,
everycomp,everycomp:mcfur/regions_unexplored/kapok_stool_chair,,decoration/building block,wood variant,,
everycomp,everycomp:mcfur/regions_unexplored/kapok_striped_chair,,decoration/building block,wood variant,,
everycomp,everycomp:mcfur/regions_unexplored/kapok_table,,decoration/building block,wood variant,,
everycomp,everycomp:mcfur/regions_unexplored/kapok_triple_drawer,,storage/logistics,wooden storage,,
everycomp,everycomp:mcfur/regions_unexplored/kapok_wardrobe,,storage/logistics,wooden storage,,
everycomp,everycomp:mcfur/regions_unexplored/larch_bookshelf,,decoration/building block,wood variant,,
everycomp,everycomp:mcfur/regions_unexplored/larch_bookshelf_cupboard,,storage/logistics,wooden storage,,
everycomp,everycomp:mcfur/regions_unexplored/larch_bookshelf_drawer,,storage/logistics,wooden storage,,
everycomp,everycomp:mcfur/regions_unexplored/larch_chair,,decoration/building block,wood variant,,
everycomp,everycomp:mcfur/regions_unexplored/larch_coffee_table,,decoration/building block,wood variant,,
everycomp,everycomp:mcfur/regions_unexplored/larch_counter,,storage/logistics,wooden storage,,
everycomp,everycomp:mcfur/regions_unexplored/larch_covered_desk,,storage/logistics,wooden storage,,
everycomp,everycomp:mcfur/regions_unexplored/larch_cupboard_counter,,storage/logistics,wooden storage,,
everycomp,everycomp:mcfur/regions_unexplored/larch_desk,,storage/logistics,wooden storage,,
everycomp,everycomp:mcfur/regions_unexplored/larch_double_drawer,,storage/logistics,wooden storage,,
everycomp,everycomp:mcfur/regions_unexplored/larch_double_drawer_counter,,storage/logistics,wooden storage,,
everycomp,everycomp:mcfur/regions_unexplored/larch_double_kitchen_cabinet,,storage/logistics,wooden storage,,
everycomp,everycomp:mcfur/regions_unexplored/larch_double_wardrobe,,storage/logistics,wooden storage,,
everycomp,everycomp:mcfur/regions_unexplored/larch_drawer,,storage/logistics,wooden storage,,
everycomp,everycomp:mcfur/regions_unexplored/larch_drawer_counter,,storage/logistics,wooden storage,,
everycomp,everycomp:mcfur/regions_unexplored/larch_end_table,,decoration/building block,wood variant,,
everycomp,everycomp:mcfur/regions_unexplored/larch_glass_kitchen_cabinet,,storage/logistics,wooden storage,,
everycomp,everycomp:mcfur/regions_unexplored/larch_glass_table,,decoration/building block,wood variant,,
everycomp,everycomp:mcfur/regions_unexplored/larch_kitchen_cabinet,,storage/logistics,wooden storage,,
everycomp,everycomp:mcfur/regions_unexplored/larch_kitchen_sink,,decoration/building block,wood variant,,
everycomp,everycomp:mcfur/regions_unexplored/larch_large_drawer,,storage/logistics,wooden storage,,
everycomp,everycomp:mcfur/regions_unexplored/larch_lower_bookshelf_drawer,,storage/logistics,wooden storage,,
everycomp,everycomp:mcfur/regions_unexplored/larch_lower_triple_drawer,,storage/logistics,wooden storage,,
everycomp,everycomp:mcfur/regions_unexplored/larch_modern_chair,,decoration/building block,wood variant,,
everycomp,everycomp:mcfur/regions_unexplored/larch_modern_desk,,storage/logistics,wooden storage,,
everycomp,everycomp:mcfur/regions_unexplored/larch_modern_wardrobe,,storage/logistics,wooden storage,,
everycomp,everycomp:mcfur/regions_unexplored/larch_stool_chair,,decoration/building block,wood variant,,
everycomp,everycomp:mcfur/regions_unexplored/larch_striped_chair,,decoration/building block,wood variant,,
everycomp,everycomp:mcfur/regions_unexplored/larch_table,,decoration/building block,wood variant,,
everycomp,everycomp:mcfur/regions_unexplored/larch_triple_drawer,,storage/logistics,wooden storage,,
everycomp,everycomp:mcfur/regions_unexplored/larch_wardrobe,,storage/logistics,wooden storage,,
everycomp,everycomp:mcfur/regions_unexplored/magnolia_bookshelf,,decoration/building block,wood variant,,
everycomp,everycomp:mcfur/regions_unexplored/magnolia_bookshelf_cupboard,,storage/logistics,wooden storage,,
everycomp,everycomp:mcfur/regions_unexplored/magnolia_bookshelf_drawer,,storage/logistics,wooden storage,,
everycomp,everycomp:mcfur/regions_unexplored/magnolia_chair,,decoration/building block,wood variant,,
everycomp,everycomp:mcfur/regions_unexplored/magnolia_coffee_table,,decoration/building block,wood variant,,
everycomp,everycomp:mcfur/regions_unexplored/magnolia_counter,,storage/logistics,wooden storage,,
everycomp,everycomp:mcfur/regions_unexplored/magnolia_covered_desk,,storage/logistics,wooden storage,,
everycomp,everycomp:mcfur/regions_unexplored/magnolia_cupboard_counter,,storage/logistics,wooden storage,,
everycomp,everycomp:mcfur/regions_unexplored/magnolia_desk,,storage/logistics,wooden storage,,
everycomp,everycomp:mcfur/regions_unexplored/magnolia_double_drawer,,storage/logistics,wooden storage,,
everycomp,everycomp:mcfur/regions_unexplored/magnolia_double_drawer_counter,,storage/logistics,wooden storage,,
everycomp,everycomp:mcfur/regions_unexplored/magnolia_double_kitchen_cabinet,,storage/logistics,wooden storage,,
everycomp,everycomp:mcfur/regions_unexplored/magnolia_double_wardrobe,,storage/logistics,wooden storage,,
everycomp,everycomp:mcfur/regions_unexplored/magnolia_drawer,,storage/logistics,wooden storage,,
everycomp,everycomp:mcfur/regions_unexplored/magnolia_drawer_counter,,storage/logistics,wooden storage,,
everycomp,everycomp:mcfur/regions_unexplored/magnolia_end_table,,decoration/building block,wood variant,,
everycomp,everycomp:mcfur/regions_unexplored/magnolia_glass_kitchen_cabinet,,storage/logistics,wooden storage,,
everycomp,everycomp:mcfur/regions_unexplored/magnolia_glass_table,,decoration/building block,wood variant,,
everycomp,everycomp:mcfur/regions_unexplored/magnolia_kitchen_cabinet,,storage/logistics,wooden storage,,
everycomp,everycomp:mcfur/regions_unexplored/magnolia_kitchen_sink,,decoration/building block,wood variant,,
everycomp,everycomp:mcfur/regions_unexplored/magnolia_large_drawer,,storage/logistics,wooden storage,,
everycomp,everycomp:mcfur/regions_unexplored/magnolia_lower_bookshelf_drawer,,storage/logistics,wooden storage,,
everycomp,everycomp:mcfur/regions_unexplored/magnolia_lower_triple_drawer,,storage/logistics,wooden storage,,
everycomp,everycomp:mcfur/regions_unexplored/magnolia_modern_chair,,decoration/building block,wood variant,,
everycomp,everycomp:mcfur/regions_unexplored/magnolia_modern_desk,,storage/logistics,wooden storage,,
everycomp,everycomp:mcfur/regions_unexplored/magnolia_modern_wardrobe,,storage/logistics,wooden storage,,
everycomp,everycomp:mcfur/regions_unexplored/magnolia_stool_chair,,decoration/building block,wood variant,,
everycomp,everycomp:mcfur/regions_unexplored/magnolia_striped_chair,,decoration/building block,wood variant,,
everycomp,everycomp:mcfur/regions_unexplored/magnolia_table,,decoration/building block,wood variant,,
everycomp,everycomp:mcfur/regions_unexplored/magnolia_triple_drawer,,storage/logistics,wooden storage,,
everycomp,everycomp:mcfur/regions_unexplored/magnolia_wardrobe,,storage/logistics,wooden storage,,
everycomp,everycomp:mcfur/regions_unexplored/maple_bookshelf,,decoration/building block,wood variant,,
everycomp,everycomp:mcfur/regions_unexplored/maple_bookshelf_cupboard,,storage/logistics,wooden storage,,
everycomp,everycomp:mcfur/regions_unexplored/maple_bookshelf_drawer,,storage/logistics,wooden storage,,
everycomp,everycomp:mcfur/regions_unexplored/maple_chair,,decoration/building block,wood variant,,
everycomp,everycomp:mcfur/regions_unexplored/maple_coffee_table,,decoration/building block,wood variant,,
everycomp,everycomp:mcfur/regions_unexplored/maple_counter,,storage/logistics,wooden storage,,
everycomp,everycomp:mcfur/regions_unexplored/maple_covered_desk,,storage/logistics,wooden storage,,
everycomp,everycomp:mcfur/regions_unexplored/maple_cupboard_counter,,storage/logistics,wooden storage,,
everycomp,everycomp:mcfur/regions_unexplored/maple_desk,,storage/logistics,wooden storage,,
everycomp,everycomp:mcfur/regions_unexplored/maple_double_drawer,,storage/logistics,wooden storage,,
everycomp,everycomp:mcfur/regions_unexplored/maple_double_drawer_counter,,storage/logistics,wooden storage,,
everycomp,everycomp:mcfur/regions_unexplored/maple_double_kitchen_cabinet,,storage/logistics,wooden storage,,
everycomp,everycomp:mcfur/regions_unexplored/maple_double_wardrobe,,storage/logistics,wooden storage,,
everycomp,everycomp:mcfur/regions_unexplored/maple_drawer,,storage/logistics,wooden storage,,
everycomp,everycomp:mcfur/regions_unexplored/maple_drawer_counter,,storage/logistics,wooden storage,,
everycomp,everycomp:mcfur/regions_unexplored/maple_end_table,,decoration/building block,wood variant,,
everycomp,everycomp:mcfur/regions_unexplored/maple_glass_kitchen_cabinet,,storage/logistics,wooden storage,,
everycomp,everycomp:mcfur/regions_unexplored/maple_glass_table,,decoration/building block,wood variant,,
everycomp,everycomp:mcfur/regions_unexplored/maple_kitchen_cabinet,,storage/logistics,wooden storage,,
everycomp,everycomp:mcfur/regions_unexplored/maple_kitchen_sink,,decoration/building block,wood variant,,
everycomp,everycomp:mcfur/regions_unexplored/maple_large_drawer,,storage/logistics,wooden storage,,
everycomp,everycomp:mcfur/regions_unexplored/maple_lower_bookshelf_drawer,,storage/logistics,wooden storage,,
everycomp,everycomp:mcfur/regions_unexplored/maple_lower_triple_drawer,,storage/logistics,wooden storage,,
everycomp,everycomp:mcfur/regions_unexplored/maple_modern_chair,,decoration/building block,wood variant,,
everycomp,everycomp:mcfur/regions_unexplored/maple_modern_desk,,storage/logistics,wooden storage,,
everycomp,everycomp:mcfur/regions_unexplored/maple_modern_wardrobe,,storage/logistics,wooden storage,,
everycomp,everycomp:mcfur/regions_unexplored/maple_stool_chair,,decoration/building block,wood variant,,
everycomp,everycomp:mcfur/regions_unexplored/maple_striped_chair,,decoration/building block,wood variant,,
everycomp,everycomp:mcfur/regions_unexplored/maple_table,,decoration/building block,wood variant,,
everycomp,everycomp:mcfur/regions_unexplored/maple_triple_drawer,,storage/logistics,wooden storage,,
everycomp,everycomp:mcfur/regions_unexplored/maple_wardrobe,,storage/logistics,wooden storage,,
everycomp,everycomp:mcfur/regions_unexplored/palm_bookshelf,,decoration/building block,wood variant,,
everycomp,everycomp:mcfur/regions_unexplored/palm_bookshelf_cupboard,,storage/logistics,wooden storage,,
everycomp,everycomp:mcfur/regions_unexplored/palm_bookshelf_drawer,,storage/logistics,wooden storage,,
everycomp,everycomp:mcfur/regions_unexplored/palm_chair,,decoration/building block,wood variant,,
everycomp,everycomp:mcfur/regions_unexplored/palm_coffee_table,,decoration/building block,wood variant,,
everycomp,everycomp:mcfur/regions_unexplored/palm_counter,,storage/logistics,wooden storage,,
everycomp,everycomp:mcfur/regions_unexplored/palm_covered_desk,,storage/logistics,wooden storage,,
everycomp,everycomp:mcfur/regions_unexplored/palm_cupboard_counter,,storage/logistics,wooden storage,,
everycomp,everycomp:mcfur/regions_unexplored/palm_desk,,storage/logistics,wooden storage,,
everycomp,everycomp:mcfur/regions_unexplored/palm_double_drawer,,storage/logistics,wooden storage,,
everycomp,everycomp:mcfur/regions_unexplored/palm_double_drawer_counter,,storage/logistics,wooden storage,,
everycomp,everycomp:mcfur/regions_unexplored/palm_double_kitchen_cabinet,,storage/logistics,wooden storage,,
everycomp,everycomp:mcfur/regions_unexplored/palm_double_wardrobe,,storage/logistics,wooden storage,,
everycomp,everycomp:mcfur/regions_unexplored/palm_drawer,,storage/logistics,wooden storage,,
everycomp,everycomp:mcfur/regions_unexplored/palm_drawer_counter,,storage/logistics,wooden storage,,
everycomp,everycomp:mcfur/regions_unexplored/palm_end_table,,decoration/building block,wood variant,,
everycomp,everycomp:mcfur/regions_unexplored/palm_glass_kitchen_cabinet,,storage/logistics,wooden storage,,
everycomp,everycomp:mcfur/regions_unexplored/palm_glass_table,,decoration/building block,wood variant,,
everycomp,everycomp:mcfur/regions_unexplored/palm_kitchen_cabinet,,storage/logistics,wooden storage,,
everycomp,everycomp:mcfur/regions_unexplored/palm_kitchen_sink,,decoration/building block,wood variant,,
everycomp,everycomp:mcfur/regions_unexplored/palm_large_drawer,,storage/logistics,wooden storage,,
everycomp,everycomp:mcfur/regions_unexplored/palm_lower_bookshelf_drawer,,storage/logistics,wooden storage,,
everycomp,everycomp:mcfur/regions_unexplored/palm_lower_triple_drawer,,storage/logistics,wooden storage,,
everycomp,everycomp:mcfur/regions_unexplored/palm_modern_chair,,decoration/building block,wood variant,,
everycomp,everycomp:mcfur/regions_unexplored/palm_modern_desk,,storage/logistics,wooden storage,,
everycomp,everycomp:mcfur/regions_unexplored/palm_modern_wardrobe,,storage/logistics,wooden storage,,
everycomp,everycomp:mcfur/regions_unexplored/palm_stool_chair,,decoration/building block,wood variant,,
everycomp,everycomp:mcfur/regions_unexplored/palm_striped_chair,,decoration/building block,wood variant,,
everycomp,everycomp:mcfur/regions_unexplored/palm_table,,decoration/building block,wood variant,,
everycomp,everycomp:mcfur/regions_unexplored/palm_triple_drawer,,storage/logistics,wooden storage,,
everycomp,everycomp:mcfur/regions_unexplored/palm_wardrobe,,storage/logistics,wooden storage,,
everycomp,everycomp:mcfur/regions_unexplored/pine_bookshelf,,decoration/building block,wood variant,,
everycomp,everycomp:mcfur/regions_unexplored/pine_bookshelf_cupboard,,storage/logistics,wooden storage,,
everycomp,everycomp:mcfur/regions_unexplored/pine_bookshelf_drawer,,storage/logistics,wooden storage,,
everycomp,everycomp:mcfur/regions_unexplored/pine_chair,,decoration/building block,wood variant,,
everycomp,everycomp:mcfur/regions_unexplored/pine_coffee_table,,decoration/building block,wood variant,,
everycomp,everycomp:mcfur/regions_unexplored/pine_counter,,storage/logistics,wooden storage,,
everycomp,everycomp:mcfur/regions_unexplored/pine_covered_desk,,storage/logistics,wooden storage,,
everycomp,everycomp:mcfur/regions_unexplored/pine_cupboard_counter,,storage/logistics,wooden storage,,
everycomp,everycomp:mcfur/regions_unexplored/pine_desk,,storage/logistics,wooden storage,,
everycomp,everycomp:mcfur/regions_unexplored/pine_double_drawer,,storage/logistics,wooden storage,,
everycomp,everycomp:mcfur/regions_unexplored/pine_double_drawer_counter,,storage/logistics,wooden storage,,
everycomp,everycomp:mcfur/regions_unexplored/pine_double_kitchen_cabinet,,storage/logistics,wooden storage,,
everycomp,everycomp:mcfur/regions_unexplored/pine_double_wardrobe,,storage/logistics,wooden storage,,
everycomp,everycomp:mcfur/regions_unexplored/pine_drawer,,storage/logistics,wooden storage,,
everycomp,everycomp:mcfur/regions_unexplored/pine_drawer_counter,,storage/logistics,wooden storage,,
everycomp,everycomp:mcfur/regions_unexplored/pine_end_table,,decoration/building block,wood variant,,
everycomp,everycomp:mcfur/regions_unexplored/pine_glass_kitchen_cabinet,,storage/logistics,wooden storage,,
everycomp,everycomp:mcfur/regions_unexplored/pine_glass_table,,decoration/building block,wood variant,,
everycomp,everycomp:mcfur/regions_unexplored/pine_kitchen_cabinet,,storage/logistics,wooden storage,,
everycomp,everycomp:mcfur/regions_unexplored/pine_kitchen_sink,,decoration/building block,wood variant,,
everycomp,everycomp:mcfur/regions_unexplored/pine_large_drawer,,storage/logistics,wooden storage,,
everycomp,everycomp:mcfur/regions_unexplored/pine_lower_bookshelf_drawer,,storage/logistics,wooden storage,,
everycomp,everycomp:mcfur/regions_unexplored/pine_lower_triple_drawer,,storage/logistics,wooden storage,,
everycomp,everycomp:mcfur/regions_unexplored/pine_modern_chair,,decoration/building block,wood variant,,
everycomp,everycomp:mcfur/regions_unexplored/pine_modern_desk,,storage/logistics,wooden storage,,
everycomp,everycomp:mcfur/regions_unexplored/pine_modern_wardrobe,,storage/logistics,wooden storage,,
everycomp,everycomp:mcfur/regions_unexplored/pine_stool_chair,,decoration/building block,wood variant,,
everycomp,everycomp:mcfur/regions_unexplored/pine_striped_chair,,decoration/building block,wood variant,,
everycomp,everycomp:mcfur/regions_unexplored/pine_table,,decoration/building block,wood variant,,
everycomp,everycomp:mcfur/regions_unexplored/pine_triple_drawer,,storage/logistics,wooden storage,,
everycomp,everycomp:mcfur/regions_unexplored/pine_wardrobe,,storage/logistics,wooden storage,,
everycomp,everycomp:mcfur/regions_unexplored/pink_bioshroom_bookshelf,,decoration/building block,wood variant,,
everycomp,everycomp:mcfur/regions_unexplored/pink_bioshroom_bookshelf_cupboard,,storage/logistics,wooden storage,,
everycomp,everycomp:mcfur/regions_unexplored/pink_bioshroom_bookshelf_drawer,,storage/logistics,wooden storage,,
everycomp,everycomp:mcfur/regions_unexplored/pink_bioshroom_chair,,decoration/building block,wood variant,,
everycomp,everycomp:mcfur/regions_unexplored/pink_bioshroom_coffee_table,,decoration/building block,wood variant,,
everycomp,everycomp:mcfur/regions_unexplored/pink_bioshroom_counter,,storage/logistics,wooden storage,,
everycomp,everycomp:mcfur/regions_unexplored/pink_bioshroom_covered_desk,,storage/logistics,wooden storage,,
everycomp,everycomp:mcfur/regions_unexplored/pink_bioshroom_cupboard_counter,,storage/logistics,wooden storage,,
everycomp,everycomp:mcfur/regions_unexplored/pink_bioshroom_desk,,storage/logistics,wooden storage,,
everycomp,everycomp:mcfur/regions_unexplored/pink_bioshroom_double_drawer,,storage/logistics,wooden storage,,
everycomp,everycomp:mcfur/regions_unexplored/pink_bioshroom_double_drawer_counter,,storage/logistics,wooden storage,,
everycomp,everycomp:mcfur/regions_unexplored/pink_bioshroom_double_kitchen_cabinet,,storage/logistics,wooden storage,,
everycomp,everycomp:mcfur/regions_unexplored/pink_bioshroom_double_wardrobe,,storage/logistics,wooden storage,,
everycomp,everycomp:mcfur/regions_unexplored/pink_bioshroom_drawer,,storage/logistics,wooden storage,,
everycomp,everycomp:mcfur/regions_unexplored/pink_bioshroom_drawer_counter,,storage/logistics,wooden storage,,
everycomp,everycomp:mcfur/regions_unexplored/pink_bioshroom_end_table,,decoration/building block,wood variant,,
everycomp,everycomp:mcfur/regions_unexplored/pink_bioshroom_glass_kitchen_cabinet,,storage/logistics,wooden storage,,
everycomp,everycomp:mcfur/regions_unexplored/pink_bioshroom_glass_table,,decoration/building block,wood variant,,
everycomp,everycomp:mcfur/regions_unexplored/pink_bioshroom_kitchen_cabinet,,storage/logistics,wooden storage,,
everycomp,everycomp:mcfur/regions_unexplored/pink_bioshroom_kitchen_sink,,decoration/building block,wood variant,,
everycomp,everycomp:mcfur/regions_unexplored/pink_bioshroom_large_drawer,,storage/logistics,wooden storage,,
everycomp,everycomp:mcfur/regions_unexplored/pink_bioshroom_lower_bookshelf_drawer,,storage/logistics,wooden storage,,
everycomp,everycomp:mcfur/regions_unexplored/pink_bioshroom_lower_triple_drawer,,storage/logistics,wooden storage,,
everycomp,everycomp:mcfur/regions_unexplored/pink_bioshroom_modern_chair,,decoration/building block,wood variant,,
everycomp,everycomp:mcfur/regions_unexplored/pink_bioshroom_modern_desk,,storage/logistics,wooden storage,,
everycomp,everycomp:mcfur/regions_unexplored/pink_bioshroom_modern_wardrobe,,storage/logistics,wooden storage,,
everycomp,everycomp:mcfur/regions_unexplored/pink_bioshroom_stool_chair,,decoration/building block,wood variant,,
everycomp,everycomp:mcfur/regions_unexplored/pink_bioshroom_striped_chair,,decoration/building block,wood variant,,
everycomp,everycomp:mcfur/regions_unexplored/pink_bioshroom_table,,decoration/building block,wood variant,,
everycomp,everycomp:mcfur/regions_unexplored/pink_bioshroom_triple_drawer,,storage/logistics,wooden storage,,
everycomp,everycomp:mcfur/regions_unexplored/pink_bioshroom_wardrobe,,storage/logistics,wooden storage,,
everycomp,everycomp:mcfur/regions_unexplored/redwood_bookshelf,,decoration/building block,wood variant,,
everycomp,everycomp:mcfur/regions_unexplored/redwood_bookshelf_cupboard,,storage/logistics,wooden storage,,
everycomp,everycomp:mcfur/regions_unexplored/redwood_bookshelf_drawer,,storage/logistics,wooden storage,,
everycomp,everycomp:mcfur/regions_unexplored/redwood_chair,,decoration/building block,wood variant,,
everycomp,everycomp:mcfur/regions_unexplored/redwood_coffee_table,,decoration/building block,wood variant,,
everycomp,everycomp:mcfur/regions_unexplored/redwood_counter,,storage/logistics,wooden storage,,
everycomp,everycomp:mcfur/regions_unexplored/redwood_covered_desk,,storage/logistics,wooden storage,,
everycomp,everycomp:mcfur/regions_unexplored/redwood_cupboard_counter,,storage/logistics,wooden storage,,
everycomp,everycomp:mcfur/regions_unexplored/redwood_desk,,storage/logistics,wooden storage,,
everycomp,everycomp:mcfur/regions_unexplored/redwood_double_drawer,,storage/logistics,wooden storage,,
everycomp,everycomp:mcfur/regions_unexplored/redwood_double_drawer_counter,,storage/logistics,wooden storage,,
everycomp,everycomp:mcfur/regions_unexplored/redwood_double_kitchen_cabinet,,storage/logistics,wooden storage,,
everycomp,everycomp:mcfur/regions_unexplored/redwood_double_wardrobe,,storage/logistics,wooden storage,,
everycomp,everycomp:mcfur/regions_unexplored/redwood_drawer,,storage/logistics,wooden storage,,
everycomp,everycomp:mcfur/regions_unexplored/redwood_drawer_counter,,storage/logistics,wooden storage,,
everycomp,everycomp:mcfur/regions_unexplored/redwood_end_table,,decoration/building block,wood variant,,
everycomp,everycomp:mcfur/regions_unexplored/redwood_glass_kitchen_cabinet,,storage/logistics,wooden storage,,
everycomp,everycomp:mcfur/regions_unexplored/redwood_glass_table,,decoration/building block,wood variant,,
everycomp,everycomp:mcfur/regions_unexplored/redwood_kitchen_cabinet,,storage/logistics,wooden storage,,
everycomp,everycomp:mcfur/regions_unexplored/redwood_kitchen_sink,,decoration/building block,wood variant,,
everycomp,everycomp:mcfur/regions_unexplored/redwood_large_drawer,,storage/logistics,wooden storage,,
everycomp,everycomp:mcfur/regions_unexplored/redwood_lower_bookshelf_drawer,,storage/logistics,wooden storage,,
everycomp,everycomp:mcfur/regions_unexplored/redwood_lower_triple_drawer,,storage/logistics,wooden storage,,
everycomp,everycomp:mcfur/regions_unexplored/redwood_modern_chair,,decoration/building block,wood variant,,
everycomp,everycomp:mcfur/regions_unexplored/redwood_modern_desk,,storage/logistics,wooden storage,,
everycomp,everycomp:mcfur/regions_unexplored/redwood_modern_wardrobe,,storage/logistics,wooden storage,,
everycomp,everycomp:mcfur/regions_unexplored/redwood_stool_chair,,decoration/building block,wood variant,,
everycomp,everycomp:mcfur/regions_unexplored/redwood_striped_chair,,decoration/building block,wood variant,,
everycomp,everycomp:mcfur/regions_unexplored/redwood_table,,decoration/building block,wood variant,,
everycomp,everycomp:mcfur/regions_unexplored/redwood_triple_drawer,,storage/logistics,wooden storage,,
everycomp,everycomp:mcfur/regions_unexplored/redwood_wardrobe,,storage/logistics,wooden storage,,
everycomp,everycomp:mcfur/regions_unexplored/socotra_bookshelf,,decoration/building block,wood variant,,
everycomp,everycomp:mcfur/regions_unexplored/socotra_bookshelf_cupboard,,storage/logistics,wooden storage,,
everycomp,everycomp:mcfur/regions_unexplored/socotra_bookshelf_drawer,,storage/logistics,wooden storage,,
everycomp,everycomp:mcfur/regions_unexplored/socotra_chair,,decoration/building block,wood variant,,
everycomp,everycomp:mcfur/regions_unexplored/socotra_coffee_table,,decoration/building block,wood variant,,
everycomp,everycomp:mcfur/regions_unexplored/socotra_counter,,storage/logistics,wooden storage,,
everycomp,everycomp:mcfur/regions_unexplored/socotra_covered_desk,,storage/logistics,wooden storage,,
everycomp,everycomp:mcfur/regions_unexplored/socotra_cupboard_counter,,storage/logistics,wooden storage,,
everycomp,everycomp:mcfur/regions_unexplored/socotra_desk,,storage/logistics,wooden storage,,
everycomp,everycomp:mcfur/regions_unexplored/socotra_double_drawer,,storage/logistics,wooden storage,,
everycomp,everycomp:mcfur/regions_unexplored/socotra_double_drawer_counter,,storage/logistics,wooden storage,,
everycomp,everycomp:mcfur/regions_unexplored/socotra_double_kitchen_cabinet,,storage/logistics,wooden storage,,
everycomp,everycomp:mcfur/regions_unexplored/socotra_double_wardrobe,,storage/logistics,wooden storage,,
everycomp,everycomp:mcfur/regions_unexplored/socotra_drawer,,storage/logistics,wooden storage,,
everycomp,everycomp:mcfur/regions_unexplored/socotra_drawer_counter,,storage/logistics,wooden storage,,
everycomp,everycomp:mcfur/regions_unexplored/socotra_end_table,,decoration/building block,wood variant,,
everycomp,everycomp:mcfur/regions_unexplored/socotra_glass_kitchen_cabinet,,storage/logistics,wooden storage,,
everycomp,everycomp:mcfur/regions_unexplored/socotra_glass_table,,decoration/building block,wood variant,,
everycomp,everycomp:mcfur/regions_unexplored/socotra_kitchen_cabinet,,storage/logistics,wooden storage,,
everycomp,everycomp:mcfur/regions_unexplored/socotra_kitchen_sink,,decoration/building block,wood variant,,
everycomp,everycomp:mcfur/regions_unexplored/socotra_large_drawer,,storage/logistics,wooden storage,,
everycomp,everycomp:mcfur/regions_unexplored/socotra_lower_bookshelf_drawer,,storage/logistics,wooden storage,,
everycomp,everycomp:mcfur/regions_unexplored/socotra_lower_triple_drawer,,storage/logistics,wooden storage,,
everycomp,everycomp:mcfur/regions_unexplored/socotra_modern_chair,,decoration/building block,wood variant,,
everycomp,everycomp:mcfur/regions_unexplored/socotra_modern_desk,,storage/logistics,wooden storage,,
everycomp,everycomp:mcfur/regions_unexplored/socotra_modern_wardrobe,,storage/logistics,wooden storage,,
everycomp,everycomp:mcfur/regions_unexplored/socotra_stool_chair,,decoration/building block,wood variant,,
everycomp,everycomp:mcfur/regions_unexplored/socotra_striped_chair,,decoration/building block,wood variant,,
everycomp,everycomp:mcfur/regions_unexplored/socotra_table,,decoration/building block,wood variant,,
everycomp,everycomp:mcfur/regions_unexplored/socotra_triple_drawer,,storage/logistics,wooden storage,,
everycomp,everycomp:mcfur/regions_unexplored/socotra_wardrobe,,storage/logistics,wooden storage,,
everycomp,everycomp:mcfur/regions_unexplored/stripped_baobab_bookshelf,,decoration/building block,wood variant,,
everycomp,everycomp:mcfur/regions_unexplored/stripped_baobab_bookshelf_cupboard,,storage/logistics,wooden storage,,
everycomp,everycomp:mcfur/regions_unexplored/stripped_baobab_bookshelf_drawer,,storage/logistics,wooden storage,,
everycomp,everycomp:mcfur/regions_unexplored/stripped_baobab_chair,,decoration/building block,wood variant,,
everycomp,everycomp:mcfur/regions_unexplored/stripped_baobab_coffee_table,,decoration/building block,wood variant,,
everycomp,everycomp:mcfur/regions_unexplored/stripped_baobab_counter,,storage/logistics,wooden storage,,
everycomp,everycomp:mcfur/regions_unexplored/stripped_baobab_covered_desk,,storage/logistics,wooden storage,,
everycomp,everycomp:mcfur/regions_unexplored/stripped_baobab_cupboard_counter,,storage/logistics,wooden storage,,
everycomp,everycomp:mcfur/regions_unexplored/stripped_baobab_desk,,storage/logistics,wooden storage,,
everycomp,everycomp:mcfur/regions_unexplored/stripped_baobab_double_drawer,,storage/logistics,wooden storage,,
everycomp,everycomp:mcfur/regions_unexplored/stripped_baobab_double_drawer_counter,,storage/logistics,wooden storage,,
everycomp,everycomp:mcfur/regions_unexplored/stripped_baobab_double_kitchen_cabinet,,storage/logistics,wooden storage,,
everycomp,everycomp:mcfur/regions_unexplored/stripped_baobab_double_wardrobe,,storage/logistics,wooden storage,,
everycomp,everycomp:mcfur/regions_unexplored/stripped_baobab_drawer,,storage/logistics,wooden storage,,
everycomp,everycomp:mcfur/regions_unexplored/stripped_baobab_drawer_counter,,storage/logistics,wooden storage,,
everycomp,everycomp:mcfur/regions_unexplored/stripped_baobab_end_table,,decoration/building block,wood variant,,
everycomp,everycomp:mcfur/regions_unexplored/stripped_baobab_glass_kitchen_cabinet,,storage/logistics,wooden storage,,
everycomp,everycomp:mcfur/regions_unexplored/stripped_baobab_glass_table,,decoration/building block,wood variant,,
everycomp,everycomp:mcfur/regions_unexplored/stripped_baobab_kitchen_cabinet,,storage/logistics,wooden storage,,
everycomp,everycomp:mcfur/regions_unexplored/stripped_baobab_kitchen_sink,,decoration/building block,wood variant,,
everycomp,everycomp:mcfur/regions_unexplored/stripped_baobab_large_drawer,,storage/logistics,wooden storage,,
everycomp,everycomp:mcfur/regions_unexplored/stripped_baobab_lower_bookshelf_drawer,,storage/logistics,wooden storage,,
everycomp,everycomp:mcfur/regions_unexplored/stripped_baobab_lower_triple_drawer,,storage/logistics,wooden storage,,
everycomp,everycomp:mcfur/regions_unexplored/stripped_baobab_modern_chair,,decoration/building block,wood variant,,
everycomp,everycomp:mcfur/regions_unexplored/stripped_baobab_modern_desk,,storage/logistics,wooden storage,,
everycomp,everycomp:mcfur/regions_unexplored/stripped_baobab_modern_wardrobe,,storage/logistics,wooden storage,,
everycomp,everycomp:mcfur/regions_unexplored/stripped_baobab_stool_chair,,decoration/building block,wood variant,,
everycomp,everycomp:mcfur/regions_unexplored/stripped_baobab_striped_chair,,decoration/building block,wood variant,,
everycomp,everycomp:mcfur/regions_unexplored/stripped_baobab_table,,decoration/building block,wood variant,,
everycomp,everycomp:mcfur/regions_unexplored/stripped_baobab_triple_drawer,,storage/logistics,wooden storage,,
everycomp,everycomp:mcfur/regions_unexplored/stripped_baobab_wardrobe,,storage/logistics,wooden storage,,
everycomp,everycomp:mcfur/regions_unexplored/stripped_blackwood_bookshelf,,decoration/building block,wood variant,,
everycomp,everycomp:mcfur/regions_unexplored/stripped_blackwood_bookshelf_cupboard,,storage/logistics,wooden storage,,
everycomp,everycomp:mcfur/regions_unexplored/stripped_blackwood_bookshelf_drawer,,storage/logistics,wooden storage,,
everycomp,everycomp:mcfur/regions_unexplored/stripped_blackwood_chair,,decoration/building block,wood variant,,
everycomp,everycomp:mcfur/regions_unexplored/stripped_blackwood_coffee_table,,decoration/building block,wood variant,,
everycomp,everycomp:mcfur/regions_unexplored/stripped_blackwood_counter,,storage/logistics,wooden storage,,
everycomp,everycomp:mcfur/regions_unexplored/stripped_blackwood_covered_desk,,storage/logistics,wooden storage,,
everycomp,everycomp:mcfur/regions_unexplored/stripped_blackwood_cupboard_counter,,storage/logistics,wooden storage,,
everycomp,everycomp:mcfur/regions_unexplored/stripped_blackwood_desk,,storage/logistics,wooden storage,,
everycomp,everycomp:mcfur/regions_unexplored/stripped_blackwood_double_drawer,,storage/logistics,wooden storage,,
everycomp,everycomp:mcfur/regions_unexplored/stripped_blackwood_double_drawer_counter,,storage/logistics,wooden storage,,
everycomp,everycomp:mcfur/regions_unexplored/stripped_blackwood_double_kitchen_cabinet,,storage/logistics,wooden storage,,
everycomp,everycomp:mcfur/regions_unexplored/stripped_blackwood_double_wardrobe,,storage/logistics,wooden storage,,
everycomp,everycomp:mcfur/regions_unexplored/stripped_blackwood_drawer,,storage/logistics,wooden storage,,
everycomp,everycomp:mcfur/regions_unexplored/stripped_blackwood_drawer_counter,,storage/logistics,wooden storage,,
everycomp,everycomp:mcfur/regions_unexplored/stripped_blackwood_end_table,,decoration/building block,wood variant,,
everycomp,everycomp:mcfur/regions_unexplored/stripped_blackwood_glass_kitchen_cabinet,,storage/logistics,wooden storage,,
everycomp,everycomp:mcfur/regions_unexplored/stripped_blackwood_glass_table,,decoration/building block,wood variant,,
everycomp,everycomp:mcfur/regions_unexplored/stripped_blackwood_kitchen_cabinet,,storage/logistics,wooden storage,,
everycomp,everycomp:mcfur/regions_unexplored/stripped_blackwood_kitchen_sink,,decoration/building block,wood variant,,
everycomp,everycomp:mcfur/regions_unexplored/stripped_blackwood_large_drawer,,storage/logistics,wooden storage,,
everycomp,everycomp:mcfur/regions_unexplored/stripped_blackwood_lower_bookshelf_drawer,,storage/logistics,wooden storage,,
everycomp,everycomp:mcfur/regions_unexplored/stripped_blackwood_lower_triple_drawer,,storage/logistics,wooden storage,,
everycomp,everycomp:mcfur/regions_unexplored/stripped_blackwood_modern_chair,,decoration/building block,wood variant,,
everycomp,everycomp:mcfur/regions_unexplored/stripped_blackwood_modern_desk,,storage/logistics,wooden storage,,
everycomp,everycomp:mcfur/regions_unexplored/stripped_blackwood_modern_wardrobe,,storage/logistics,wooden storage,,
everycomp,everycomp:mcfur/regions_unexplored/stripped_blackwood_stool_chair,,decoration/building block,wood variant,,
everycomp,everycomp:mcfur/regions_unexplored/stripped_blackwood_striped_chair,,decoration/building block,wood variant,,
everycomp,everycomp:mcfur/regions_unexplored/stripped_blackwood_table,,decoration/building block,wood variant,,
everycomp,everycomp:mcfur/regions_unexplored/stripped_blackwood_triple_drawer,,storage/logistics,wooden storage,,
everycomp,everycomp:mcfur/regions_unexplored/stripped_blackwood_wardrobe,,storage/logistics,wooden storage,,
everycomp,everycomp:mcfur/regions_unexplored/stripped_blue_bioshroom_bookshelf,,decoration/building block,wood variant,,
everycomp,everycomp:mcfur/regions_unexplored/stripped_blue_bioshroom_bookshelf_cupboard,,storage/logistics,wooden storage,,
everycomp,everycomp:mcfur/regions_unexplored/stripped_blue_bioshroom_bookshelf_drawer,,storage/logistics,wooden storage,,
everycomp,everycomp:mcfur/regions_unexplored/stripped_blue_bioshroom_chair,,decoration/building block,wood variant,,
everycomp,everycomp:mcfur/regions_unexplored/stripped_blue_bioshroom_coffee_table,,decoration/building block,wood variant,,
everycomp,everycomp:mcfur/regions_unexplored/stripped_blue_bioshroom_counter,,storage/logistics,wooden storage,,
everycomp,everycomp:mcfur/regions_unexplored/stripped_blue_bioshroom_covered_desk,,storage/logistics,wooden storage,,
everycomp,everycomp:mcfur/regions_unexplored/stripped_blue_bioshroom_cupboard_counter,,storage/logistics,wooden storage,,
everycomp,everycomp:mcfur/regions_unexplored/stripped_blue_bioshroom_desk,,storage/logistics,wooden storage,,
everycomp,everycomp:mcfur/regions_unexplored/stripped_blue_bioshroom_double_drawer,,storage/logistics,wooden storage,,
everycomp,everycomp:mcfur/regions_unexplored/stripped_blue_bioshroom_double_drawer_counter,,storage/logistics,wooden storage,,
everycomp,everycomp:mcfur/regions_unexplored/stripped_blue_bioshroom_double_kitchen_cabinet,,storage/logistics,wooden storage,,
everycomp,everycomp:mcfur/regions_unexplored/stripped_blue_bioshroom_double_wardrobe,,storage/logistics,wooden storage,,
everycomp,everycomp:mcfur/regions_unexplored/stripped_blue_bioshroom_drawer,,storage/logistics,wooden storage,,
everycomp,everycomp:mcfur/regions_unexplored/stripped_blue_bioshroom_drawer_counter,,storage/logistics,wooden storage,,
everycomp,everycomp:mcfur/regions_unexplored/stripped_blue_bioshroom_end_table,,decoration/building block,wood variant,,
everycomp,everycomp:mcfur/regions_unexplored/stripped_blue_bioshroom_glass_kitchen_cabinet,,storage/logistics,wooden storage,,
everycomp,everycomp:mcfur/regions_unexplored/stripped_blue_bioshroom_glass_table,,decoration/building block,wood variant,,
everycomp,everycomp:mcfur/regions_unexplored/stripped_blue_bioshroom_kitchen_cabinet,,storage/logistics,wooden storage,,
everycomp,everycomp:mcfur/regions_unexplored/stripped_blue_bioshroom_kitchen_sink,,decoration/building block,wood variant,,
everycomp,everycomp:mcfur/regions_unexplored/stripped_blue_bioshroom_large_drawer,,storage/logistics,wooden storage,,
everycomp,everycomp:mcfur/regions_unexplored/stripped_blue_bioshroom_lower_bookshelf_drawer,,storage/logistics,wooden storage,,
everycomp,everycomp:mcfur/regions_unexplored/stripped_blue_bioshroom_lower_triple_drawer,,storage/logistics,wooden storage,,
everycomp,everycomp:mcfur/regions_unexplored/stripped_blue_bioshroom_modern_chair,,decoration/building block,wood variant,,
everycomp,everycomp:mcfur/regions_unexplored/stripped_blue_bioshroom_modern_desk,,storage/logistics,wooden storage,,
everycomp,everycomp:mcfur/regions_unexplored/stripped_blue_bioshroom_modern_wardrobe,,storage/logistics,wooden storage,,
everycomp,everycomp:mcfur/regions_unexplored/stripped_blue_bioshroom_stool_chair,,decoration/building block,wood variant,,
everycomp,everycomp:mcfur/regions_unexplored/stripped_blue_bioshroom_striped_chair,,decoration/building block,wood variant,,
everycomp,everycomp:mcfur/regions_unexplored/stripped_blue_bioshroom_table,,decoration/building block,wood variant,,
everycomp,everycomp:mcfur/regions_unexplored/stripped_blue_bioshroom_triple_drawer,,storage/logistics,wooden storage,,
everycomp,everycomp:mcfur/regions_unexplored/stripped_blue_bioshroom_wardrobe,,storage/logistics,wooden storage,,
everycomp,everycomp:mcfur/regions_unexplored/stripped_brimwood_bookshelf,,decoration/building block,wood variant,,
everycomp,everycomp:mcfur/regions_unexplored/stripped_brimwood_bookshelf_cupboard,,storage/logistics,wooden storage,,
everycomp,everycomp:mcfur/regions_unexplored/stripped_brimwood_bookshelf_drawer,,storage/logistics,wooden storage,,
everycomp,everycomp:mcfur/regions_unexplored/stripped_brimwood_chair,,decoration/building block,wood variant,,
everycomp,everycomp:mcfur/regions_unexplored/stripped_brimwood_coffee_table,,decoration/building block,wood variant,,
everycomp,everycomp:mcfur/regions_unexplored/stripped_brimwood_counter,,storage/logistics,wooden storage,,
everycomp,everycomp:mcfur/regions_unexplored/stripped_brimwood_covered_desk,,storage/logistics,wooden storage,,
everycomp,everycomp:mcfur/regions_unexplored/stripped_brimwood_cupboard_counter,,storage/logistics,wooden storage,,
everycomp,everycomp:mcfur/regions_unexplored/stripped_brimwood_desk,,storage/logistics,wooden storage,,
everycomp,everycomp:mcfur/regions_unexplored/stripped_brimwood_double_drawer,,storage/logistics,wooden storage,,
everycomp,everycomp:mcfur/regions_unexplored/stripped_brimwood_double_drawer_counter,,storage/logistics,wooden storage,,
everycomp,everycomp:mcfur/regions_unexplored/stripped_brimwood_double_kitchen_cabinet,,storage/logistics,wooden storage,,
everycomp,everycomp:mcfur/regions_unexplored/stripped_brimwood_double_wardrobe,,storage/logistics,wooden storage,,
everycomp,everycomp:mcfur/regions_unexplored/stripped_brimwood_drawer,,storage/logistics,wooden storage,,
everycomp,everycomp:mcfur/regions_unexplored/stripped_brimwood_drawer_counter,,storage/logistics,wooden storage,,
everycomp,everycomp:mcfur/regions_unexplored/stripped_brimwood_end_table,,decoration/building block,wood variant,,
everycomp,everycomp:mcfur/regions_unexplored/stripped_brimwood_glass_kitchen_cabinet,,storage/logistics,wooden storage,,
everycomp,everycomp:mcfur/regions_unexplored/stripped_brimwood_glass_table,,decoration/building block,wood variant,,
everycomp,everycomp:mcfur/regions_unexplored/stripped_brimwood_kitchen_cabinet,,storage/logistics,wooden storage,,
everycomp,everycomp:mcfur/regions_unexplored/stripped_brimwood_kitchen_sink,,decoration/building block,wood variant,,
everycomp,everycomp:mcfur/regions_unexplored/stripped_brimwood_large_drawer,,storage/logistics,wooden storage,,
everycomp,everycomp:mcfur/regions_unexplored/stripped_brimwood_lower_bookshelf_drawer,,storage/logistics,wooden storage,,
everycomp,everycomp:mcfur/regions_unexplored/stripped_brimwood_lower_triple_drawer,,storage/logistics,wooden storage,,
everycomp,everycomp:mcfur/regions_unexplored/stripped_brimwood_modern_chair,,decoration/building block,wood variant,,
everycomp,everycomp:mcfur/regions_unexplored/stripped_brimwood_modern_desk,,storage/logistics,wooden storage,,
everycomp,everycomp:mcfur/regions_unexplored/stripped_brimwood_modern_wardrobe,,storage/logistics,wooden storage,,
everycomp,everycomp:mcfur/regions_unexplored/stripped_brimwood_stool_chair,,decoration/building block,wood variant,,
everycomp,everycomp:mcfur/regions_unexplored/stripped_brimwood_striped_chair,,decoration/building block,wood variant,,
everycomp,everycomp:mcfur/regions_unexplored/stripped_brimwood_table,,decoration/building block,wood variant,,
everycomp,everycomp:mcfur/regions_unexplored/stripped_brimwood_triple_drawer,,storage/logistics,wooden storage,,
everycomp,everycomp:mcfur/regions_unexplored/stripped_brimwood_wardrobe,,storage/logistics,wooden storage,,
everycomp,everycomp:mcfur/regions_unexplored/stripped_cobalt_bookshelf,,decoration/building block,wood variant,,
everycomp,everycomp:mcfur/regions_unexplored/stripped_cobalt_bookshelf_cupboard,,storage/logistics,wooden storage,,
everycomp,everycomp:mcfur/regions_unexplored/stripped_cobalt_bookshelf_drawer,,storage/logistics,wooden storage,,
everycomp,everycomp:mcfur/regions_unexplored/stripped_cobalt_chair,,decoration/building block,wood variant,,
everycomp,everycomp:mcfur/regions_unexplored/stripped_cobalt_coffee_table,,decoration/building block,wood variant,,
everycomp,everycomp:mcfur/regions_unexplored/stripped_cobalt_counter,,storage/logistics,wooden storage,,
everycomp,everycomp:mcfur/regions_unexplored/stripped_cobalt_covered_desk,,storage/logistics,wooden storage,,
everycomp,everycomp:mcfur/regions_unexplored/stripped_cobalt_cupboard_counter,,storage/logistics,wooden storage,,
everycomp,everycomp:mcfur/regions_unexplored/stripped_cobalt_desk,,storage/logistics,wooden storage,,
everycomp,everycomp:mcfur/regions_unexplored/stripped_cobalt_double_drawer,,storage/logistics,wooden storage,,
everycomp,everycomp:mcfur/regions_unexplored/stripped_cobalt_double_drawer_counter,,storage/logistics,wooden storage,,
everycomp,everycomp:mcfur/regions_unexplored/stripped_cobalt_double_kitchen_cabinet,,storage/logistics,wooden storage,,
everycomp,everycomp:mcfur/regions_unexplored/stripped_cobalt_double_wardrobe,,storage/logistics,wooden storage,,
everycomp,everycomp:mcfur/regions_unexplored/stripped_cobalt_drawer,,storage/logistics,wooden storage,,
everycomp,everycomp:mcfur/regions_unexplored/stripped_cobalt_drawer_counter,,storage/logistics,wooden storage,,
everycomp,everycomp:mcfur/regions_unexplored/stripped_cobalt_end_table,,decoration/building block,wood variant,,
everycomp,everycomp:mcfur/regions_unexplored/stripped_cobalt_glass_kitchen_cabinet,,storage/logistics,wooden storage,,
everycomp,everycomp:mcfur/regions_unexplored/stripped_cobalt_glass_table,,decoration/building block,wood variant,,
everycomp,everycomp:mcfur/regions_unexplored/stripped_cobalt_kitchen_cabinet,,storage/logistics,wooden storage,,
everycomp,everycomp:mcfur/regions_unexplored/stripped_cobalt_kitchen_sink,,decoration/building block,wood variant,,
everycomp,everycomp:mcfur/regions_unexplored/stripped_cobalt_large_drawer,,storage/logistics,wooden storage,,
everycomp,everycomp:mcfur/regions_unexplored/stripped_cobalt_lower_bookshelf_drawer,,storage/logistics,wooden storage,,
everycomp,everycomp:mcfur/regions_unexplored/stripped_cobalt_lower_triple_drawer,,storage/logistics,wooden storage,,
everycomp,everycomp:mcfur/regions_unexplored/stripped_cobalt_modern_chair,,decoration/building block,wood variant,,
everycomp,everycomp:mcfur/regions_unexplored/stripped_cobalt_modern_desk,,storage/logistics,wooden storage,,
everycomp,everycomp:mcfur/regions_unexplored/stripped_cobalt_modern_wardrobe,,storage/logistics,wooden storage,,
everycomp,everycomp:mcfur/regions_unexplored/stripped_cobalt_stool_chair,,decoration/building block,wood variant,,
everycomp,everycomp:mcfur/regions_unexplored/stripped_cobalt_striped_chair,,decoration/building block,wood variant,,
everycomp,everycomp:mcfur/regions_unexplored/stripped_cobalt_table,,decoration/building block,wood variant,,
everycomp,everycomp:mcfur/regions_unexplored/stripped_cobalt_triple_drawer,,storage/logistics,wooden storage,,
everycomp,everycomp:mcfur/regions_unexplored/stripped_cobalt_wardrobe,,storage/logistics,wooden storage,,
everycomp,everycomp:mcfur/regions_unexplored/stripped_cypress_bookshelf,,decoration/building block,wood variant,,
everycomp,everycomp:mcfur/regions_unexplored/stripped_cypress_bookshelf_cupboard,,storage/logistics,wooden storage,,
everycomp,everycomp:mcfur/regions_unexplored/stripped_cypress_bookshelf_drawer,,storage/logistics,wooden storage,,
everycomp,everycomp:mcfur/regions_unexplored/stripped_cypress_chair,,decoration/building block,wood variant,,
everycomp,everycomp:mcfur/regions_unexplored/stripped_cypress_coffee_table,,decoration/building block,wood variant,,
everycomp,everycomp:mcfur/regions_unexplored/stripped_cypress_counter,,storage/logistics,wooden storage,,
everycomp,everycomp:mcfur/regions_unexplored/stripped_cypress_covered_desk,,storage/logistics,wooden storage,,
everycomp,everycomp:mcfur/regions_unexplored/stripped_cypress_cupboard_counter,,storage/logistics,wooden storage,,
everycomp,everycomp:mcfur/regions_unexplored/stripped_cypress_desk,,storage/logistics,wooden storage,,
everycomp,everycomp:mcfur/regions_unexplored/stripped_cypress_double_drawer,,storage/logistics,wooden storage,,
everycomp,everycomp:mcfur/regions_unexplored/stripped_cypress_double_drawer_counter,,storage/logistics,wooden storage,,
everycomp,everycomp:mcfur/regions_unexplored/stripped_cypress_double_kitchen_cabinet,,storage/logistics,wooden storage,,
everycomp,everycomp:mcfur/regions_unexplored/stripped_cypress_double_wardrobe,,storage/logistics,wooden storage,,
everycomp,everycomp:mcfur/regions_unexplored/stripped_cypress_drawer,,storage/logistics,wooden storage,,
everycomp,everycomp:mcfur/regions_unexplored/stripped_cypress_drawer_counter,,storage/logistics,wooden storage,,
everycomp,everycomp:mcfur/regions_unexplored/stripped_cypress_end_table,,decoration/building block,wood variant,,
everycomp,everycomp:mcfur/regions_unexplored/stripped_cypress_glass_kitchen_cabinet,,storage/logistics,wooden storage,,
everycomp,everycomp:mcfur/regions_unexplored/stripped_cypress_glass_table,,decoration/building block,wood variant,,
everycomp,everycomp:mcfur/regions_unexplored/stripped_cypress_kitchen_cabinet,,storage/logistics,wooden storage,,
everycomp,everycomp:mcfur/regions_unexplored/stripped_cypress_kitchen_sink,,decoration/building block,wood variant,,
everycomp,everycomp:mcfur/regions_unexplored/stripped_cypress_large_drawer,,storage/logistics,wooden storage,,
everycomp,everycomp:mcfur/regions_unexplored/stripped_cypress_lower_bookshelf_drawer,,storage/logistics,wooden storage,,
everycomp,everycomp:mcfur/regions_unexplored/stripped_cypress_lower_triple_drawer,,storage/logistics,wooden storage,,
everycomp,everycomp:mcfur/regions_unexplored/stripped_cypress_modern_chair,,decoration/building block,wood variant,,
everycomp,everycomp:mcfur/regions_unexplored/stripped_cypress_modern_desk,,storage/logistics,wooden storage,,
everycomp,everycomp:mcfur/regions_unexplored/stripped_cypress_modern_wardrobe,,storage/logistics,wooden storage,,
everycomp,everycomp:mcfur/regions_unexplored/stripped_cypress_stool_chair,,decoration/building block,wood variant,,
everycomp,everycomp:mcfur/regions_unexplored/stripped_cypress_striped_chair,,decoration/building block,wood variant,,
everycomp,everycomp:mcfur/regions_unexplored/stripped_cypress_table,,decoration/building block,wood variant,,
everycomp,everycomp:mcfur/regions_unexplored/stripped_cypress_triple_drawer,,storage/logistics,wooden storage,,
everycomp,everycomp:mcfur/regions_unexplored/stripped_cypress_wardrobe,,storage/logistics,wooden storage,,
everycomp,everycomp:mcfur/regions_unexplored/stripped_dead_bookshelf,,decoration/building block,wood variant,,
everycomp,everycomp:mcfur/regions_unexplored/stripped_dead_bookshelf_cupboard,,storage/logistics,wooden storage,,
everycomp,everycomp:mcfur/regions_unexplored/stripped_dead_bookshelf_drawer,,storage/logistics,wooden storage,,
everycomp,everycomp:mcfur/regions_unexplored/stripped_dead_chair,,decoration/building block,wood variant,,
everycomp,everycomp:mcfur/regions_unexplored/stripped_dead_coffee_table,,decoration/building block,wood variant,,
everycomp,everycomp:mcfur/regions_unexplored/stripped_dead_counter,,storage/logistics,wooden storage,,
everycomp,everycomp:mcfur/regions_unexplored/stripped_dead_covered_desk,,storage/logistics,wooden storage,,
everycomp,everycomp:mcfur/regions_unexplored/stripped_dead_cupboard_counter,,storage/logistics,wooden storage,,
everycomp,everycomp:mcfur/regions_unexplored/stripped_dead_desk,,storage/logistics,wooden storage,,
everycomp,everycomp:mcfur/regions_unexplored/stripped_dead_double_drawer,,storage/logistics,wooden storage,,
everycomp,everycomp:mcfur/regions_unexplored/stripped_dead_double_drawer_counter,,storage/logistics,wooden storage,,
everycomp,everycomp:mcfur/regions_unexplored/stripped_dead_double_kitchen_cabinet,,storage/logistics,wooden storage,,
everycomp,everycomp:mcfur/regions_unexplored/stripped_dead_double_wardrobe,,storage/logistics,wooden storage,,
everycomp,everycomp:mcfur/regions_unexplored/stripped_dead_drawer,,storage/logistics,wooden storage,,
everycomp,everycomp:mcfur/regions_unexplored/stripped_dead_drawer_counter,,storage/logistics,wooden storage,,
everycomp,everycomp:mcfur/regions_unexplored/stripped_dead_end_table,,decoration/building block,wood variant,,
everycomp,everycomp:mcfur/regions_unexplored/stripped_dead_glass_kitchen_cabinet,,storage/logistics,wooden storage,,
everycomp,everycomp:mcfur/regions_unexplored/stripped_dead_glass_table,,decoration/building block,wood variant,,
everycomp,everycomp:mcfur/regions_unexplored/stripped_dead_kitchen_cabinet,,storage/logistics,wooden storage,,
everycomp,everycomp:mcfur/regions_unexplored/stripped_dead_kitchen_sink,,decoration/building block,wood variant,,
everycomp,everycomp:mcfur/regions_unexplored/stripped_dead_large_drawer,,storage/logistics,wooden storage,,
everycomp,everycomp:mcfur/regions_unexplored/stripped_dead_lower_bookshelf_drawer,,storage/logistics,wooden storage,,
everycomp,everycomp:mcfur/regions_unexplored/stripped_dead_lower_triple_drawer,,storage/logistics,wooden storage,,
everycomp,everycomp:mcfur/regions_unexplored/stripped_dead_modern_chair,,decoration/building block,wood variant,,
everycomp,everycomp:mcfur/regions_unexplored/stripped_dead_modern_desk,,storage/logistics,wooden storage,,
everycomp,everycomp:mcfur/regions_unexplored/stripped_dead_modern_wardrobe,,storage/logistics,wooden storage,,
everycomp,everycomp:mcfur/regions_unexplored/stripped_dead_stool_chair,,decoration/building block,wood variant,,
everycomp,everycomp:mcfur/regions_unexplored/stripped_dead_striped_chair,,decoration/building block,wood variant,,
everycomp,everycomp:mcfur/regions_unexplored/stripped_dead_table,,decoration/building block,wood variant,,
everycomp,everycomp:mcfur/regions_unexplored/stripped_dead_triple_drawer,,storage/logistics,wooden storage,,
everycomp,everycomp:mcfur/regions_unexplored/stripped_dead_wardrobe,,storage/logistics,wooden storage,,
everycomp,everycomp:mcfur/regions_unexplored/stripped_eucalyptus_bookshelf,,decoration/building block,wood variant,,
everycomp,everycomp:mcfur/regions_unexplored/stripped_eucalyptus_bookshelf_cupboard,,storage/logistics,wooden storage,,
everycomp,everycomp:mcfur/regions_unexplored/stripped_eucalyptus_bookshelf_drawer,,storage/logistics,wooden storage,,
everycomp,everycomp:mcfur/regions_unexplored/stripped_eucalyptus_chair,,decoration/building block,wood variant,,
everycomp,everycomp:mcfur/regions_unexplored/stripped_eucalyptus_coffee_table,,decoration/building block,wood variant,,
everycomp,everycomp:mcfur/regions_unexplored/stripped_eucalyptus_counter,,storage/logistics,wooden storage,,
everycomp,everycomp:mcfur/regions_unexplored/stripped_eucalyptus_covered_desk,,storage/logistics,wooden storage,,
everycomp,everycomp:mcfur/regions_unexplored/stripped_eucalyptus_cupboard_counter,,storage/logistics,wooden storage,,
everycomp,everycomp:mcfur/regions_unexplored/stripped_eucalyptus_desk,,storage/logistics,wooden storage,,
everycomp,everycomp:mcfur/regions_unexplored/stripped_eucalyptus_double_drawer,,storage/logistics,wooden storage,,
everycomp,everycomp:mcfur/regions_unexplored/stripped_eucalyptus_double_drawer_counter,,storage/logistics,wooden storage,,
everycomp,everycomp:mcfur/regions_unexplored/stripped_eucalyptus_double_kitchen_cabinet,,storage/logistics,wooden storage,,
everycomp,everycomp:mcfur/regions_unexplored/stripped_eucalyptus_double_wardrobe,,storage/logistics,wooden storage,,
everycomp,everycomp:mcfur/regions_unexplored/stripped_eucalyptus_drawer,,storage/logistics,wooden storage,,
everycomp,everycomp:mcfur/regions_unexplored/stripped_eucalyptus_drawer_counter,,storage/logistics,wooden storage,,
everycomp,everycomp:mcfur/regions_unexplored/stripped_eucalyptus_end_table,,decoration/building block,wood variant,,
everycomp,everycomp:mcfur/regions_unexplored/stripped_eucalyptus_glass_kitchen_cabinet,,storage/logistics,wooden storage,,
everycomp,everycomp:mcfur/regions_unexplored/stripped_eucalyptus_glass_table,,decoration/building block,wood variant,,
everycomp,everycomp:mcfur/regions_unexplored/stripped_eucalyptus_kitchen_cabinet,,storage/logistics,wooden storage,,
everycomp,everycomp:mcfur/regions_unexplored/stripped_eucalyptus_kitchen_sink,,decoration/building block,wood variant,,
everycomp,everycomp:mcfur/regions_unexplored/stripped_eucalyptus_large_drawer,,storage/logistics,wooden storage,,
everycomp,everycomp:mcfur/regions_unexplored/stripped_eucalyptus_lower_bookshelf_drawer,,storage/logistics,wooden storage,,
everycomp,everycomp:mcfur/regions_unexplored/stripped_eucalyptus_lower_triple_drawer,,storage/logistics,wooden storage,,
everycomp,everycomp:mcfur/regions_unexplored/stripped_eucalyptus_modern_chair,,decoration/building block,wood variant,,
everycomp,everycomp:mcfur/regions_unexplored/stripped_eucalyptus_modern_desk,,storage/logistics,wooden storage,,
everycomp,everycomp:mcfur/regions_unexplored/stripped_eucalyptus_modern_wardrobe,,storage/logistics,wooden storage,,
everycomp,everycomp:mcfur/regions_unexplored/stripped_eucalyptus_stool_chair,,decoration/building block,wood variant,,
everycomp,everycomp:mcfur/regions_unexplored/stripped_eucalyptus_striped_chair,,decoration/building block,wood variant,,
everycomp,everycomp:mcfur/regions_unexplored/stripped_eucalyptus_table,,decoration/building block,wood variant,,
everycomp,everycomp:mcfur/regions_unexplored/stripped_eucalyptus_triple_drawer,,storage/logistics,wooden storage,,
everycomp,everycomp:mcfur/regions_unexplored/stripped_eucalyptus_wardrobe,,storage/logistics,wooden storage,,
everycomp,everycomp:mcfur/regions_unexplored/stripped_green_bioshroom_bookshelf,,decoration/building block,wood variant,,
everycomp,everycomp:mcfur/regions_unexplored/stripped_green_bioshroom_bookshelf_cupboard,,storage/logistics,wooden storage,,
everycomp,everycomp:mcfur/regions_unexplored/stripped_green_bioshroom_bookshelf_drawer,,storage/logistics,wooden storage,,
everycomp,everycomp:mcfur/regions_unexplored/stripped_green_bioshroom_chair,,decoration/building block,wood variant,,
everycomp,everycomp:mcfur/regions_unexplored/stripped_green_bioshroom_coffee_table,,decoration/building block,wood variant,,
everycomp,everycomp:mcfur/regions_unexplored/stripped_green_bioshroom_counter,,storage/logistics,wooden storage,,
everycomp,everycomp:mcfur/regions_unexplored/stripped_green_bioshroom_covered_desk,,storage/logistics,wooden storage,,
everycomp,everycomp:mcfur/regions_unexplored/stripped_green_bioshroom_cupboard_counter,,storage/logistics,wooden storage,,
everycomp,everycomp:mcfur/regions_unexplored/stripped_green_bioshroom_desk,,storage/logistics,wooden storage,,
everycomp,everycomp:mcfur/regions_unexplored/stripped_green_bioshroom_double_drawer,,storage/logistics,wooden storage,,
everycomp,everycomp:mcfur/regions_unexplored/stripped_green_bioshroom_double_drawer_counter,,storage/logistics,wooden storage,,
everycomp,everycomp:mcfur/regions_unexplored/stripped_green_bioshroom_double_kitchen_cabinet,,storage/logistics,wooden storage,,
everycomp,everycomp:mcfur/regions_unexplored/stripped_green_bioshroom_double_wardrobe,,storage/logistics,wooden storage,,
everycomp,everycomp:mcfur/regions_unexplored/stripped_green_bioshroom_drawer,,storage/logistics,wooden storage,,
everycomp,everycomp:mcfur/regions_unexplored/stripped_green_bioshroom_drawer_counter,,storage/logistics,wooden storage,,
everycomp,everycomp:mcfur/regions_unexplored/stripped_green_bioshroom_end_table,,decoration/building block,wood variant,,
everycomp,everycomp:mcfur/regions_unexplored/stripped_green_bioshroom_glass_kitchen_cabinet,,storage/logistics,wooden storage,,
everycomp,everycomp:mcfur/regions_unexplored/stripped_green_bioshroom_glass_table,,decoration/building block,wood variant,,
everycomp,everycomp:mcfur/regions_unexplored/stripped_green_bioshroom_kitchen_cabinet,,storage/logistics,wooden storage,,
everycomp,everycomp:mcfur/regions_unexplored/stripped_green_bioshroom_kitchen_sink,,decoration/building block,wood variant,,
everycomp,everycomp:mcfur/regions_unexplored/stripped_green_bioshroom_large_drawer,,storage/logistics,wooden storage,,
everycomp,everycomp:mcfur/regions_unexplored/stripped_green_bioshroom_lower_bookshelf_drawer,,storage/logistics,wooden storage,,
everycomp,everycomp:mcfur/regions_unexplored/stripped_green_bioshroom_lower_triple_drawer,,storage/logistics,wooden storage,,
everycomp,everycomp:mcfur/regions_unexplored/stripped_green_bioshroom_modern_chair,,decoration/building block,wood variant,,
everycomp,everycomp:mcfur/regions_unexplored/stripped_green_bioshroom_modern_desk,,storage/logistics,wooden storage,,
everycomp,everycomp:mcfur/regions_unexplored/stripped_green_bioshroom_modern_wardrobe,,storage/logistics,wooden storage,,
everycomp,everycomp:mcfur/regions_unexplored/stripped_green_bioshroom_stool_chair,,decoration/building block,wood variant,,
everycomp,everycomp:mcfur/regions_unexplored/stripped_green_bioshroom_striped_chair,,decoration/building block,wood variant,,
everycomp,everycomp:mcfur/regions_unexplored/stripped_green_bioshroom_table,,decoration/building block,wood variant,,
everycomp,everycomp:mcfur/regions_unexplored/stripped_green_bioshroom_triple_drawer,,storage/logistics,wooden storage,,
everycomp,everycomp:mcfur/regions_unexplored/stripped_green_bioshroom_wardrobe,,storage/logistics,wooden storage,,
everycomp,everycomp:mcfur/regions_unexplored/stripped_joshua_bookshelf,,decoration/building block,wood variant,,
everycomp,everycomp:mcfur/regions_unexplored/stripped_joshua_bookshelf_cupboard,,storage/logistics,wooden storage,,
everycomp,everycomp:mcfur/regions_unexplored/stripped_joshua_bookshelf_drawer,,storage/logistics,wooden storage,,
everycomp,everycomp:mcfur/regions_unexplored/stripped_joshua_chair,,decoration/building block,wood variant,,
everycomp,everycomp:mcfur/regions_unexplored/stripped_joshua_coffee_table,,decoration/building block,wood variant,,
everycomp,everycomp:mcfur/regions_unexplored/stripped_joshua_counter,,storage/logistics,wooden storage,,
everycomp,everycomp:mcfur/regions_unexplored/stripped_joshua_covered_desk,,storage/logistics,wooden storage,,
everycomp,everycomp:mcfur/regions_unexplored/stripped_joshua_cupboard_counter,,storage/logistics,wooden storage,,
everycomp,everycomp:mcfur/regions_unexplored/stripped_joshua_desk,,storage/logistics,wooden storage,,
everycomp,everycomp:mcfur/regions_unexplored/stripped_joshua_double_drawer,,storage/logistics,wooden storage,,
everycomp,everycomp:mcfur/regions_unexplored/stripped_joshua_double_drawer_counter,,storage/logistics,wooden storage,,
everycomp,everycomp:mcfur/regions_unexplored/stripped_joshua_double_kitchen_cabinet,,storage/logistics,wooden storage,,
everycomp,everycomp:mcfur/regions_unexplored/stripped_joshua_double_wardrobe,,storage/logistics,wooden storage,,
everycomp,everycomp:mcfur/regions_unexplored/stripped_joshua_drawer,,storage/logistics,wooden storage,,
everycomp,everycomp:mcfur/regions_unexplored/stripped_joshua_drawer_counter,,storage/logistics,wooden storage,,
everycomp,everycomp:mcfur/regions_unexplored/stripped_joshua_end_table,,decoration/building block,wood variant,,
everycomp,everycomp:mcfur/regions_unexplored/stripped_joshua_glass_kitchen_cabinet,,storage/logistics,wooden storage,,
everycomp,everycomp:mcfur/regions_unexplored/stripped_joshua_glass_table,,decoration/building block,wood variant,,
everycomp,everycomp:mcfur/regions_unexplored/stripped_joshua_kitchen_cabinet,,storage/logistics,wooden storage,,
everycomp,everycomp:mcfur/regions_unexplored/stripped_joshua_kitchen_sink,,decoration/building block,wood variant,,
everycomp,everycomp:mcfur/regions_unexplored/stripped_joshua_large_drawer,,storage/logistics,wooden storage,,
everycomp,everycomp:mcfur/regions_unexplored/stripped_joshua_lower_bookshelf_drawer,,storage/logistics,wooden storage,,
everycomp,everycomp:mcfur/regions_unexplored/stripped_joshua_lower_triple_drawer,,storage/logistics,wooden storage,,
everycomp,everycomp:mcfur/regions_unexplored/stripped_joshua_modern_chair,,decoration/building block,wood variant,,
everycomp,everycomp:mcfur/regions_unexplored/stripped_joshua_modern_desk,,storage/logistics,wooden storage,,
everycomp,everycomp:mcfur/regions_unexplored/stripped_joshua_modern_wardrobe,,storage/logistics,wooden storage,,
everycomp,everycomp:mcfur/regions_unexplored/stripped_joshua_stool_chair,,decoration/building block,wood variant,,
everycomp,everycomp:mcfur/regions_unexplored/stripped_joshua_striped_chair,,decoration/building block,wood variant,,
everycomp,everycomp:mcfur/regions_unexplored/stripped_joshua_table,,decoration/building block,wood variant,,
everycomp,everycomp:mcfur/regions_unexplored/stripped_joshua_triple_drawer,,storage/logistics,wooden storage,,
everycomp,everycomp:mcfur/regions_unexplored/stripped_joshua_wardrobe,,storage/logistics,wooden storage,,
everycomp,everycomp:mcfur/regions_unexplored/stripped_kapok_bookshelf,,decoration/building block,wood variant,,
everycomp,everycomp:mcfur/regions_unexplored/stripped_kapok_bookshelf_cupboard,,storage/logistics,wooden storage,,
everycomp,everycomp:mcfur/regions_unexplored/stripped_kapok_bookshelf_drawer,,storage/logistics,wooden storage,,
everycomp,everycomp:mcfur/regions_unexplored/stripped_kapok_chair,,decoration/building block,wood variant,,
everycomp,everycomp:mcfur/regions_unexplored/stripped_kapok_coffee_table,,decoration/building block,wood variant,,
everycomp,everycomp:mcfur/regions_unexplored/stripped_kapok_counter,,storage/logistics,wooden storage,,
everycomp,everycomp:mcfur/regions_unexplored/stripped_kapok_covered_desk,,storage/logistics,wooden storage,,
everycomp,everycomp:mcfur/regions_unexplored/stripped_kapok_cupboard_counter,,storage/logistics,wooden storage,,
everycomp,everycomp:mcfur/regions_unexplored/stripped_kapok_desk,,storage/logistics,wooden storage,,
everycomp,everycomp:mcfur/regions_unexplored/stripped_kapok_double_drawer,,storage/logistics,wooden storage,,
everycomp,everycomp:mcfur/regions_unexplored/stripped_kapok_double_drawer_counter,,storage/logistics,wooden storage,,
everycomp,everycomp:mcfur/regions_unexplored/stripped_kapok_double_kitchen_cabinet,,storage/logistics,wooden storage,,
everycomp,everycomp:mcfur/regions_unexplored/stripped_kapok_double_wardrobe,,storage/logistics,wooden storage,,
everycomp,everycomp:mcfur/regions_unexplored/stripped_kapok_drawer,,storage/logistics,wooden storage,,
everycomp,everycomp:mcfur/regions_unexplored/stripped_kapok_drawer_counter,,storage/logistics,wooden storage,,
everycomp,everycomp:mcfur/regions_unexplored/stripped_kapok_end_table,,decoration/building block,wood variant,,
everycomp,everycomp:mcfur/regions_unexplored/stripped_kapok_glass_kitchen_cabinet,,storage/logistics,wooden storage,,
everycomp,everycomp:mcfur/regions_unexplored/stripped_kapok_glass_table,,decoration/building block,wood variant,,
everycomp,everycomp:mcfur/regions_unexplored/stripped_kapok_kitchen_cabinet,,storage/logistics,wooden storage,,
everycomp,everycomp:mcfur/regions_unexplored/stripped_kapok_kitchen_sink,,decoration/building block,wood variant,,
everycomp,everycomp:mcfur/regions_unexplored/stripped_kapok_large_drawer,,storage/logistics,wooden storage,,
everycomp,everycomp:mcfur/regions_unexplored/stripped_kapok_lower_bookshelf_drawer,,storage/logistics,wooden storage,,
everycomp,everycomp:mcfur/regions_unexplored/stripped_kapok_lower_triple_drawer,,storage/logistics,wooden storage,,
everycomp,everycomp:mcfur/regions_unexplored/stripped_kapok_modern_chair,,decoration/building block,wood variant,,
everycomp,everycomp:mcfur/regions_unexplored/stripped_kapok_modern_desk,,storage/logistics,wooden storage,,
everycomp,everycomp:mcfur/regions_unexplored/stripped_kapok_modern_wardrobe,,storage/logistics,wooden storage,,
everycomp,everycomp:mcfur/regions_unexplored/stripped_kapok_stool_chair,,decoration/building block,wood variant,,
everycomp,everycomp:mcfur/regions_unexplored/stripped_kapok_striped_chair,,decoration/building block,wood variant,,
everycomp,everycomp:mcfur/regions_unexplored/stripped_kapok_table,,decoration/building block,wood variant,,
everycomp,everycomp:mcfur/regions_unexplored/stripped_kapok_triple_drawer,,storage/logistics,wooden storage,,
everycomp,everycomp:mcfur/regions_unexplored/stripped_kapok_wardrobe,,storage/logistics,wooden storage,,
everycomp,everycomp:mcfur/regions_unexplored/stripped_larch_bookshelf,,decoration/building block,wood variant,,
everycomp,everycomp:mcfur/regions_unexplored/stripped_larch_bookshelf_cupboard,,storage/logistics,wooden storage,,
everycomp,everycomp:mcfur/regions_unexplored/stripped_larch_bookshelf_drawer,,storage/logistics,wooden storage,,
everycomp,everycomp:mcfur/regions_unexplored/stripped_larch_chair,,decoration/building block,wood variant,,
everycomp,everycomp:mcfur/regions_unexplored/stripped_larch_coffee_table,,decoration/building block,wood variant,,
everycomp,everycomp:mcfur/regions_unexplored/stripped_larch_counter,,storage/logistics,wooden storage,,
everycomp,everycomp:mcfur/regions_unexplored/stripped_larch_covered_desk,,storage/logistics,wooden storage,,
everycomp,everycomp:mcfur/regions_unexplored/stripped_larch_cupboard_counter,,storage/logistics,wooden storage,,
everycomp,everycomp:mcfur/regions_unexplored/stripped_larch_desk,,storage/logistics,wooden storage,,
everycomp,everycomp:mcfur/regions_unexplored/stripped_larch_double_drawer,,storage/logistics,wooden storage,,
everycomp,everycomp:mcfur/regions_unexplored/stripped_larch_double_drawer_counter,,storage/logistics,wooden storage,,
everycomp,everycomp:mcfur/regions_unexplored/stripped_larch_double_kitchen_cabinet,,storage/logistics,wooden storage,,
everycomp,everycomp:mcfur/regions_unexplored/stripped_larch_double_wardrobe,,storage/logistics,wooden storage,,
everycomp,everycomp:mcfur/regions_unexplored/stripped_larch_drawer,,storage/logistics,wooden storage,,
everycomp,everycomp:mcfur/regions_unexplored/stripped_larch_drawer_counter,,storage/logistics,wooden storage,,
everycomp,everycomp:mcfur/regions_unexplored/stripped_larch_end_table,,decoration/building block,wood variant,,
everycomp,everycomp:mcfur/regions_unexplored/stripped_larch_glass_kitchen_cabinet,,storage/logistics,wooden storage,,
everycomp,everycomp:mcfur/regions_unexplored/stripped_larch_glass_table,,decoration/building block,wood variant,,
everycomp,everycomp:mcfur/regions_unexplored/stripped_larch_kitchen_cabinet,,storage/logistics,wooden storage,,
everycomp,everycomp:mcfur/regions_unexplored/stripped_larch_kitchen_sink,,decoration/building block,wood variant,,
everycomp,everycomp:mcfur/regions_unexplored/stripped_larch_large_drawer,,storage/logistics,wooden storage,,
everycomp,everycomp:mcfur/regions_unexplored/stripped_larch_lower_bookshelf_drawer,,storage/logistics,wooden storage,,
everycomp,everycomp:mcfur/regions_unexplored/stripped_larch_lower_triple_drawer,,storage/logistics,wooden storage,,
everycomp,everycomp:mcfur/regions_unexplored/stripped_larch_modern_chair,,decoration/building block,wood variant,,
everycomp,everycomp:mcfur/regions_unexplored/stripped_larch_modern_desk,,storage/logistics,wooden storage,,
everycomp,everycomp:mcfur/regions_unexplored/stripped_larch_modern_wardrobe,,storage/logistics,wooden storage,,
everycomp,everycomp:mcfur/regions_unexplored/stripped_larch_stool_chair,,decoration/building block,wood variant,,
everycomp,everycomp:mcfur/regions_unexplored/stripped_larch_striped_chair,,decoration/building block,wood variant,,
everycomp,everycomp:mcfur/regions_unexplored/stripped_larch_table,,decoration/building block,wood variant,,
everycomp,everycomp:mcfur/regions_unexplored/stripped_larch_triple_drawer,,storage/logistics,wooden storage,,
everycomp,everycomp:mcfur/regions_unexplored/stripped_larch_wardrobe,,storage/logistics,wooden storage,,
everycomp,everycomp:mcfur/regions_unexplored/stripped_magnolia_bookshelf,,decoration/building block,wood variant,,
everycomp,everycomp:mcfur/regions_unexplored/stripped_magnolia_bookshelf_cupboard,,storage/logistics,wooden storage,,
everycomp,everycomp:mcfur/regions_unexplored/stripped_magnolia_bookshelf_drawer,,storage/logistics,wooden storage,,
everycomp,everycomp:mcfur/regions_unexplored/stripped_magnolia_chair,,decoration/building block,wood variant,,
everycomp,everycomp:mcfur/regions_unexplored/stripped_magnolia_coffee_table,,decoration/building block,wood variant,,
everycomp,everycomp:mcfur/regions_unexplored/stripped_magnolia_counter,,storage/logistics,wooden storage,,
everycomp,everycomp:mcfur/regions_unexplored/stripped_magnolia_covered_desk,,storage/logistics,wooden storage,,
everycomp,everycomp:mcfur/regions_unexplored/stripped_magnolia_cupboard_counter,,storage/logistics,wooden storage,,
everycomp,everycomp:mcfur/regions_unexplored/stripped_magnolia_desk,,storage/logistics,wooden storage,,
everycomp,everycomp:mcfur/regions_unexplored/stripped_magnolia_double_drawer,,storage/logistics,wooden storage,,
everycomp,everycomp:mcfur/regions_unexplored/stripped_magnolia_double_drawer_counter,,storage/logistics,wooden storage,,
everycomp,everycomp:mcfur/regions_unexplored/stripped_magnolia_double_kitchen_cabinet,,storage/logistics,wooden storage,,
everycomp,everycomp:mcfur/regions_unexplored/stripped_magnolia_double_wardrobe,,storage/logistics,wooden storage,,
everycomp,everycomp:mcfur/regions_unexplored/stripped_magnolia_drawer,,storage/logistics,wooden storage,,
everycomp,everycomp:mcfur/regions_unexplored/stripped_magnolia_drawer_counter,,storage/logistics,wooden storage,,
everycomp,everycomp:mcfur/regions_unexplored/stripped_magnolia_end_table,,decoration/building block,wood variant,,
everycomp,everycomp:mcfur/regions_unexplored/stripped_magnolia_glass_kitchen_cabinet,,storage/logistics,wooden storage,,
everycomp,everycomp:mcfur/regions_unexplored/stripped_magnolia_glass_table,,decoration/building block,wood variant,,
everycomp,everycomp:mcfur/regions_unexplored/stripped_magnolia_kitchen_cabinet,,storage/logistics,wooden storage,,
everycomp,everycomp:mcfur/regions_unexplored/stripped_magnolia_kitchen_sink,,decoration/building block,wood variant,,
everycomp,everycomp:mcfur/regions_unexplored/stripped_magnolia_large_drawer,,storage/logistics,wooden storage,,
everycomp,everycomp:mcfur/regions_unexplored/stripped_magnolia_lower_bookshelf_drawer,,storage/logistics,wooden storage,,
everycomp,everycomp:mcfur/regions_unexplored/stripped_magnolia_lower_triple_drawer,,storage/logistics,wooden storage,,
everycomp,everycomp:mcfur/regions_unexplored/stripped_magnolia_modern_chair,,decoration/building block,wood variant,,
everycomp,everycomp:mcfur/regions_unexplored/stripped_magnolia_modern_desk,,storage/logistics,wooden storage,,
everycomp,everycomp:mcfur/regions_unexplored/stripped_magnolia_modern_wardrobe,,storage/logistics,wooden storage,,
everycomp,everycomp:mcfur/regions_unexplored/stripped_magnolia_stool_chair,,decoration/building block,wood variant,,
everycomp,everycomp:mcfur/regions_unexplored/stripped_magnolia_striped_chair,,decoration/building block,wood variant,,
everycomp,everycomp:mcfur/regions_unexplored/stripped_magnolia_table,,decoration/building block,wood variant,,
everycomp,everycomp:mcfur/regions_unexplored/stripped_magnolia_triple_drawer,,storage/logistics,wooden storage,,
everycomp,everycomp:mcfur/regions_unexplored/stripped_magnolia_wardrobe,,storage/logistics,wooden storage,,
everycomp,everycomp:mcfur/regions_unexplored/stripped_maple_bookshelf,,decoration/building block,wood variant,,
everycomp,everycomp:mcfur/regions_unexplored/stripped_maple_bookshelf_cupboard,,storage/logistics,wooden storage,,
everycomp,everycomp:mcfur/regions_unexplored/stripped_maple_bookshelf_drawer,,storage/logistics,wooden storage,,
everycomp,everycomp:mcfur/regions_unexplored/stripped_maple_chair,,decoration/building block,wood variant,,
everycomp,everycomp:mcfur/regions_unexplored/stripped_maple_coffee_table,,decoration/building block,wood variant,,
everycomp,everycomp:mcfur/regions_unexplored/stripped_maple_counter,,storage/logistics,wooden storage,,
everycomp,everycomp:mcfur/regions_unexplored/stripped_maple_covered_desk,,storage/logistics,wooden storage,,
everycomp,everycomp:mcfur/regions_unexplored/stripped_maple_cupboard_counter,,storage/logistics,wooden storage,,
everycomp,everycomp:mcfur/regions_unexplored/stripped_maple_desk,,storage/logistics,wooden storage,,
everycomp,everycomp:mcfur/regions_unexplored/stripped_maple_double_drawer,,storage/logistics,wooden storage,,
everycomp,everycomp:mcfur/regions_unexplored/stripped_maple_double_drawer_counter,,storage/logistics,wooden storage,,
everycomp,everycomp:mcfur/regions_unexplored/stripped_maple_double_kitchen_cabinet,,storage/logistics,wooden storage,,
everycomp,everycomp:mcfur/regions_unexplored/stripped_maple_double_wardrobe,,storage/logistics,wooden storage,,
everycomp,everycomp:mcfur/regions_unexplored/stripped_maple_drawer,,storage/logistics,wooden storage,,
everycomp,everycomp:mcfur/regions_unexplored/stripped_maple_drawer_counter,,storage/logistics,wooden storage,,
everycomp,everycomp:mcfur/regions_unexplored/stripped_maple_end_table,,decoration/building block,wood variant,,
everycomp,everycomp:mcfur/regions_unexplored/stripped_maple_glass_kitchen_cabinet,,storage/logistics,wooden storage,,
everycomp,everycomp:mcfur/regions_unexplored/stripped_maple_glass_table,,decoration/building block,wood variant,,
everycomp,everycomp:mcfur/regions_unexplored/stripped_maple_kitchen_cabinet,,storage/logistics,wooden storage,,
everycomp,everycomp:mcfur/regions_unexplored/stripped_maple_kitchen_sink,,decoration/building block,wood variant,,
everycomp,everycomp:mcfur/regions_unexplored/stripped_maple_large_drawer,,storage/logistics,wooden storage,,
everycomp,everycomp:mcfur/regions_unexplored/stripped_maple_lower_bookshelf_drawer,,storage/logistics,wooden storage,,
everycomp,everycomp:mcfur/regions_unexplored/stripped_maple_lower_triple_drawer,,storage/logistics,wooden storage,,
everycomp,everycomp:mcfur/regions_unexplored/stripped_maple_modern_chair,,decoration/building block,wood variant,,
everycomp,everycomp:mcfur/regions_unexplored/stripped_maple_modern_desk,,storage/logistics,wooden storage,,
everycomp,everycomp:mcfur/regions_unexplored/stripped_maple_modern_wardrobe,,storage/logistics,wooden storage,,
everycomp,everycomp:mcfur/regions_unexplored/stripped_maple_stool_chair,,decoration/building block,wood variant,,
everycomp,everycomp:mcfur/regions_unexplored/stripped_maple_striped_chair,,decoration/building block,wood variant,,
everycomp,everycomp:mcfur/regions_unexplored/stripped_maple_table,,decoration/building block,wood variant,,
everycomp,everycomp:mcfur/regions_unexplored/stripped_maple_triple_drawer,,storage/logistics,wooden storage,,
everycomp,everycomp:mcfur/regions_unexplored/stripped_maple_wardrobe,,storage/logistics,wooden storage,,
everycomp,everycomp:mcfur/regions_unexplored/stripped_palm_bookshelf,,decoration/building block,wood variant,,
everycomp,everycomp:mcfur/regions_unexplored/stripped_palm_bookshelf_cupboard,,storage/logistics,wooden storage,,
everycomp,everycomp:mcfur/regions_unexplored/stripped_palm_bookshelf_drawer,,storage/logistics,wooden storage,,
everycomp,everycomp:mcfur/regions_unexplored/stripped_palm_chair,,decoration/building block,wood variant,,
everycomp,everycomp:mcfur/regions_unexplored/stripped_palm_coffee_table,,decoration/building block,wood variant,,
everycomp,everycomp:mcfur/regions_unexplored/stripped_palm_counter,,storage/logistics,wooden storage,,
everycomp,everycomp:mcfur/regions_unexplored/stripped_palm_covered_desk,,storage/logistics,wooden storage,,
everycomp,everycomp:mcfur/regions_unexplored/stripped_palm_cupboard_counter,,storage/logistics,wooden storage,,
everycomp,everycomp:mcfur/regions_unexplored/stripped_palm_desk,,storage/logistics,wooden storage,,
everycomp,everycomp:mcfur/regions_unexplored/stripped_palm_double_drawer,,storage/logistics,wooden storage,,
everycomp,everycomp:mcfur/regions_unexplored/stripped_palm_double_drawer_counter,,storage/logistics,wooden storage,,
everycomp,everycomp:mcfur/regions_unexplored/stripped_palm_double_kitchen_cabinet,,storage/logistics,wooden storage,,
everycomp,everycomp:mcfur/regions_unexplored/stripped_palm_double_wardrobe,,storage/logistics,wooden storage,,
everycomp,everycomp:mcfur/regions_unexplored/stripped_palm_drawer,,storage/logistics,wooden storage,,
everycomp,everycomp:mcfur/regions_unexplored/stripped_palm_drawer_counter,,storage/logistics,wooden storage,,
everycomp,everycomp:mcfur/regions_unexplored/stripped_palm_end_table,,decoration/building block,wood variant,,
everycomp,everycomp:mcfur/regions_unexplored/stripped_palm_glass_kitchen_cabinet,,storage/logistics,wooden storage,,
everycomp,everycomp:mcfur/regions_unexplored/stripped_palm_glass_table,,decoration/building block,wood variant,,
everycomp,everycomp:mcfur/regions_unexplored/stripped_palm_kitchen_cabinet,,storage/logistics,wooden storage,,
everycomp,everycomp:mcfur/regions_unexplored/stripped_palm_kitchen_sink,,decoration/building block,wood variant,,
everycomp,everycomp:mcfur/regions_unexplored/stripped_palm_large_drawer,,storage/logistics,wooden storage,,
everycomp,everycomp:mcfur/regions_unexplored/stripped_palm_lower_bookshelf_drawer,,storage/logistics,wooden storage,,
everycomp,everycomp:mcfur/regions_unexplored/stripped_palm_lower_triple_drawer,,storage/logistics,wooden storage,,
everycomp,everycomp:mcfur/regions_unexplored/stripped_palm_modern_chair,,decoration/building block,wood variant,,
everycomp,everycomp:mcfur/regions_unexplored/stripped_palm_modern_desk,,storage/logistics,wooden storage,,
everycomp,everycomp:mcfur/regions_unexplored/stripped_palm_modern_wardrobe,,storage/logistics,wooden storage,,
everycomp,everycomp:mcfur/regions_unexplored/stripped_palm_stool_chair,,decoration/building block,wood variant,,
everycomp,everycomp:mcfur/regions_unexplored/stripped_palm_striped_chair,,decoration/building block,wood variant,,
everycomp,everycomp:mcfur/regions_unexplored/stripped_palm_table,,decoration/building block,wood variant,,
everycomp,everycomp:mcfur/regions_unexplored/stripped_palm_triple_drawer,,storage/logistics,wooden storage,,
everycomp,everycomp:mcfur/regions_unexplored/stripped_palm_wardrobe,,storage/logistics,wooden storage,,
everycomp,everycomp:mcfur/regions_unexplored/stripped_pine_bookshelf,,decoration/building block,wood variant,,
everycomp,everycomp:mcfur/regions_unexplored/stripped_pine_bookshelf_cupboard,,storage/logistics,wooden storage,,
everycomp,everycomp:mcfur/regions_unexplored/stripped_pine_bookshelf_drawer,,storage/logistics,wooden storage,,
everycomp,everycomp:mcfur/regions_unexplored/stripped_pine_chair,,decoration/building block,wood variant,,
everycomp,everycomp:mcfur/regions_unexplored/stripped_pine_coffee_table,,decoration/building block,wood variant,,
everycomp,everycomp:mcfur/regions_unexplored/stripped_pine_counter,,storage/logistics,wooden storage,,
everycomp,everycomp:mcfur/regions_unexplored/stripped_pine_covered_desk,,storage/logistics,wooden storage,,
everycomp,everycomp:mcfur/regions_unexplored/stripped_pine_cupboard_counter,,storage/logistics,wooden storage,,
everycomp,everycomp:mcfur/regions_unexplored/stripped_pine_desk,,storage/logistics,wooden storage,,
everycomp,everycomp:mcfur/regions_unexplored/stripped_pine_double_drawer,,storage/logistics,wooden storage,,
everycomp,everycomp:mcfur/regions_unexplored/stripped_pine_double_drawer_counter,,storage/logistics,wooden storage,,
everycomp,everycomp:mcfur/regions_unexplored/stripped_pine_double_kitchen_cabinet,,storage/logistics,wooden storage,,
everycomp,everycomp:mcfur/regions_unexplored/stripped_pine_double_wardrobe,,storage/logistics,wooden storage,,
everycomp,everycomp:mcfur/regions_unexplored/stripped_pine_drawer,,storage/logistics,wooden storage,,
everycomp,everycomp:mcfur/regions_unexplored/stripped_pine_drawer_counter,,storage/logistics,wooden storage,,
everycomp,everycomp:mcfur/regions_unexplored/stripped_pine_end_table,,decoration/building block,wood variant,,
everycomp,everycomp:mcfur/regions_unexplored/stripped_pine_glass_kitchen_cabinet,,storage/logistics,wooden storage,,
everycomp,everycomp:mcfur/regions_unexplored/stripped_pine_glass_table,,decoration/building block,wood variant,,
everycomp,everycomp:mcfur/regions_unexplored/stripped_pine_kitchen_cabinet,,storage/logistics,wooden storage,,
everycomp,everycomp:mcfur/regions_unexplored/stripped_pine_kitchen_sink,,decoration/building block,wood variant,,
everycomp,everycomp:mcfur/regions_unexplored/stripped_pine_large_drawer,,storage/logistics,wooden storage,,
everycomp,everycomp:mcfur/regions_unexplored/stripped_pine_lower_bookshelf_drawer,,storage/logistics,wooden storage,,
everycomp,everycomp:mcfur/regions_unexplored/stripped_pine_lower_triple_drawer,,storage/logistics,wooden storage,,
everycomp,everycomp:mcfur/regions_unexplored/stripped_pine_modern_chair,,decoration/building block,wood variant,,
everycomp,everycomp:mcfur/regions_unexplored/stripped_pine_modern_desk,,storage/logistics,wooden storage,,
everycomp,everycomp:mcfur/regions_unexplored/stripped_pine_modern_wardrobe,,storage/logistics,wooden storage,,
everycomp,everycomp:mcfur/regions_unexplored/stripped_pine_stool_chair,,decoration/building block,wood variant,,
everycomp,everycomp:mcfur/regions_unexplored/stripped_pine_striped_chair,,decoration/building block,wood variant,,
everycomp,everycomp:mcfur/regions_unexplored/stripped_pine_table,,decoration/building block,wood variant,,
everycomp,everycomp:mcfur/regions_unexplored/stripped_pine_triple_drawer,,storage/logistics,wooden storage,,
everycomp,everycomp:mcfur/regions_unexplored/stripped_pine_wardrobe,,storage/logistics,wooden storage,,
everycomp,everycomp:mcfur/regions_unexplored/stripped_pink_bioshroom_bookshelf,,decoration/building block,wood variant,,
everycomp,everycomp:mcfur/regions_unexplored/stripped_pink_bioshroom_bookshelf_cupboard,,storage/logistics,wooden storage,,
everycomp,everycomp:mcfur/regions_unexplored/stripped_pink_bioshroom_bookshelf_drawer,,storage/logistics,wooden storage,,
everycomp,everycomp:mcfur/regions_unexplored/stripped_pink_bioshroom_chair,,decoration/building block,wood variant,,
everycomp,everycomp:mcfur/regions_unexplored/stripped_pink_bioshroom_coffee_table,,decoration/building block,wood variant,,
everycomp,everycomp:mcfur/regions_unexplored/stripped_pink_bioshroom_counter,,storage/logistics,wooden storage,,
everycomp,everycomp:mcfur/regions_unexplored/stripped_pink_bioshroom_covered_desk,,storage/logistics,wooden storage,,
everycomp,everycomp:mcfur/regions_unexplored/stripped_pink_bioshroom_cupboard_counter,,storage/logistics,wooden storage,,
everycomp,everycomp:mcfur/regions_unexplored/stripped_pink_bioshroom_desk,,storage/logistics,wooden storage,,
everycomp,everycomp:mcfur/regions_unexplored/stripped_pink_bioshroom_double_drawer,,storage/logistics,wooden storage,,
everycomp,everycomp:mcfur/regions_unexplored/stripped_pink_bioshroom_double_drawer_counter,,storage/logistics,wooden storage,,
everycomp,everycomp:mcfur/regions_unexplored/stripped_pink_bioshroom_double_kitchen_cabinet,,storage/logistics,wooden storage,,
everycomp,everycomp:mcfur/regions_unexplored/stripped_pink_bioshroom_double_wardrobe,,storage/logistics,wooden storage,,
everycomp,everycomp:mcfur/regions_unexplored/stripped_pink_bioshroom_drawer,,storage/logistics,wooden storage,,
everycomp,everycomp:mcfur/regions_unexplored/stripped_pink_bioshroom_drawer_counter,,storage/logistics,wooden storage,,
everycomp,everycomp:mcfur/regions_unexplored/stripped_pink_bioshroom_end_table,,decoration/building block,wood variant,,
everycomp,everycomp:mcfur/regions_unexplored/stripped_pink_bioshroom_glass_kitchen_cabinet,,storage/logistics,wooden storage,,
everycomp,everycomp:mcfur/regions_unexplored/stripped_pink_bioshroom_glass_table,,decoration/building block,wood variant,,
everycomp,everycomp:mcfur/regions_unexplored/stripped_pink_bioshroom_kitchen_cabinet,,storage/logistics,wooden storage,,
everycomp,everycomp:mcfur/regions_unexplored/stripped_pink_bioshroom_kitchen_sink,,decoration/building block,wood variant,,
everycomp,everycomp:mcfur/regions_unexplored/stripped_pink_bioshroom_large_drawer,,storage/logistics,wooden storage,,
everycomp,everycomp:mcfur/regions_unexplored/stripped_pink_bioshroom_lower_bookshelf_drawer,,storage/logistics,wooden storage,,
everycomp,everycomp:mcfur/regions_unexplored/stripped_pink_bioshroom_lower_triple_drawer,,storage/logistics,wooden storage,,
everycomp,everycomp:mcfur/regions_unexplored/stripped_pink_bioshroom_modern_chair,,decoration/building block,wood variant,,
everycomp,everycomp:mcfur/regions_unexplored/stripped_pink_bioshroom_modern_desk,,storage/logistics,wooden storage,,
everycomp,everycomp:mcfur/regions_unexplored/stripped_pink_bioshroom_modern_wardrobe,,storage/logistics,wooden storage,,
everycomp,everycomp:mcfur/regions_unexplored/stripped_pink_bioshroom_stool_chair,,decoration/building block,wood variant,,
everycomp,everycomp:mcfur/regions_unexplored/stripped_pink_bioshroom_striped_chair,,decoration/building block,wood variant,,
everycomp,everycomp:mcfur/regions_unexplored/stripped_pink_bioshroom_table,,decoration/building block,wood variant,,
everycomp,everycomp:mcfur/regions_unexplored/stripped_pink_bioshroom_triple_drawer,,storage/logistics,wooden storage,,
everycomp,everycomp:mcfur/regions_unexplored/stripped_pink_bioshroom_wardrobe,,storage/logistics,wooden storage,,
everycomp,everycomp:mcfur/regions_unexplored/stripped_redwood_bookshelf,,decoration/building block,wood variant,,
everycomp,everycomp:mcfur/regions_unexplored/stripped_redwood_bookshelf_cupboard,,storage/logistics,wooden storage,,
everycomp,everycomp:mcfur/regions_unexplored/stripped_redwood_bookshelf_drawer,,storage/logistics,wooden storage,,
everycomp,everycomp:mcfur/regions_unexplored/stripped_redwood_chair,,decoration/building block,wood variant,,
everycomp,everycomp:mcfur/regions_unexplored/stripped_redwood_coffee_table,,decoration/building block,wood variant,,
everycomp,everycomp:mcfur/regions_unexplored/stripped_redwood_counter,,storage/logistics,wooden storage,,
everycomp,everycomp:mcfur/regions_unexplored/stripped_redwood_covered_desk,,storage/logistics,wooden storage,,
everycomp,everycomp:mcfur/regions_unexplored/stripped_redwood_cupboard_counter,,storage/logistics,wooden storage,,
everycomp,everycomp:mcfur/regions_unexplored/stripped_redwood_desk,,storage/logistics,wooden storage,,
everycomp,everycomp:mcfur/regions_unexplored/stripped_redwood_double_drawer,,storage/logistics,wooden storage,,
everycomp,everycomp:mcfur/regions_unexplored/stripped_redwood_double_drawer_counter,,storage/logistics,wooden storage,,
everycomp,everycomp:mcfur/regions_unexplored/stripped_redwood_double_kitchen_cabinet,,storage/logistics,wooden storage,,
everycomp,everycomp:mcfur/regions_unexplored/stripped_redwood_double_wardrobe,,storage/logistics,wooden storage,,
everycomp,everycomp:mcfur/regions_unexplored/stripped_redwood_drawer,,storage/logistics,wooden storage,,
everycomp,everycomp:mcfur/regions_unexplored/stripped_redwood_drawer_counter,,storage/logistics,wooden storage,,
everycomp,everycomp:mcfur/regions_unexplored/stripped_redwood_end_table,,decoration/building block,wood variant,,
everycomp,everycomp:mcfur/regions_unexplored/stripped_redwood_glass_kitchen_cabinet,,storage/logistics,wooden storage,,
everycomp,everycomp:mcfur/regions_unexplored/stripped_redwood_glass_table,,decoration/building block,wood variant,,
everycomp,everycomp:mcfur/regions_unexplored/stripped_redwood_kitchen_cabinet,,storage/logistics,wooden storage,,
everycomp,everycomp:mcfur/regions_unexplored/stripped_redwood_kitchen_sink,,decoration/building block,wood variant,,
everycomp,everycomp:mcfur/regions_unexplored/stripped_redwood_large_drawer,,storage/logistics,wooden storage,,
everycomp,everycomp:mcfur/regions_unexplored/stripped_redwood_lower_bookshelf_drawer,,storage/logistics,wooden storage,,
everycomp,everycomp:mcfur/regions_unexplored/stripped_redwood_lower_triple_drawer,,storage/logistics,wooden storage,,
everycomp,everycomp:mcfur/regions_unexplored/stripped_redwood_modern_chair,,decoration/building block,wood variant,,
everycomp,everycomp:mcfur/regions_unexplored/stripped_redwood_modern_desk,,storage/logistics,wooden storage,,
everycomp,everycomp:mcfur/regions_unexplored/stripped_redwood_modern_wardrobe,,storage/logistics,wooden storage,,
everycomp,everycomp:mcfur/regions_unexplored/stripped_redwood_stool_chair,,decoration/building block,wood variant,,
everycomp,everycomp:mcfur/regions_unexplored/stripped_redwood_striped_chair,,decoration/building block,wood variant,,
everycomp,everycomp:mcfur/regions_unexplored/stripped_redwood_table,,decoration/building block,wood variant,,
everycomp,everycomp:mcfur/regions_unexplored/stripped_redwood_triple_drawer,,storage/logistics,wooden storage,,
everycomp,everycomp:mcfur/regions_unexplored/stripped_redwood_wardrobe,,storage/logistics,wooden storage,,
everycomp,everycomp:mcfur/regions_unexplored/stripped_socotra_bookshelf,,decoration/building block,wood variant,,
everycomp,everycomp:mcfur/regions_unexplored/stripped_socotra_bookshelf_cupboard,,storage/logistics,wooden storage,,
everycomp,everycomp:mcfur/regions_unexplored/stripped_socotra_bookshelf_drawer,,storage/logistics,wooden storage,,
everycomp,everycomp:mcfur/regions_unexplored/stripped_socotra_chair,,decoration/building block,wood variant,,
everycomp,everycomp:mcfur/regions_unexplored/stripped_socotra_coffee_table,,decoration/building block,wood variant,,
everycomp,everycomp:mcfur/regions_unexplored/stripped_socotra_counter,,storage/logistics,wooden storage,,
everycomp,everycomp:mcfur/regions_unexplored/stripped_socotra_covered_desk,,storage/logistics,wooden storage,,
everycomp,everycomp:mcfur/regions_unexplored/stripped_socotra_cupboard_counter,,storage/logistics,wooden storage,,
everycomp,everycomp:mcfur/regions_unexplored/stripped_socotra_desk,,storage/logistics,wooden storage,,
everycomp,everycomp:mcfur/regions_unexplored/stripped_socotra_double_drawer,,storage/logistics,wooden storage,,
everycomp,everycomp:mcfur/regions_unexplored/stripped_socotra_double_drawer_counter,,storage/logistics,wooden storage,,
everycomp,everycomp:mcfur/regions_unexplored/stripped_socotra_double_kitchen_cabinet,,storage/logistics,wooden storage,,
everycomp,everycomp:mcfur/regions_unexplored/stripped_socotra_double_wardrobe,,storage/logistics,wooden storage,,
everycomp,everycomp:mcfur/regions_unexplored/stripped_socotra_drawer,,storage/logistics,wooden storage,,
everycomp,everycomp:mcfur/regions_unexplored/stripped_socotra_drawer_counter,,storage/logistics,wooden storage,,
everycomp,everycomp:mcfur/regions_unexplored/stripped_socotra_end_table,,decoration/building block,wood variant,,
everycomp,everycomp:mcfur/regions_unexplored/stripped_socotra_glass_kitchen_cabinet,,storage/logistics,wooden storage,,
everycomp,everycomp:mcfur/regions_unexplored/stripped_socotra_glass_table,,decoration/building block,wood variant,,
everycomp,everycomp:mcfur/regions_unexplored/stripped_socotra_kitchen_cabinet,,storage/logistics,wooden storage,,
everycomp,everycomp:mcfur/regions_unexplored/stripped_socotra_kitchen_sink,,decoration/building block,wood variant,,
everycomp,everycomp:mcfur/regions_unexplored/stripped_socotra_large_drawer,,storage/logistics,wooden storage,,
everycomp,everycomp:mcfur/regions_unexplored/stripped_socotra_lower_bookshelf_drawer,,storage/logistics,wooden storage,,
everycomp,everycomp:mcfur/regions_unexplored/stripped_socotra_lower_triple_drawer,,storage/logistics,wooden storage,,
everycomp,everycomp:mcfur/regions_unexplored/stripped_socotra_modern_chair,,decoration/building block,wood variant,,
everycomp,everycomp:mcfur/regions_unexplored/stripped_socotra_modern_desk,,storage/logistics,wooden storage,,
everycomp,everycomp:mcfur/regions_unexplored/stripped_socotra_modern_wardrobe,,storage/logistics,wooden storage,,
everycomp,everycomp:mcfur/regions_unexplored/stripped_socotra_stool_chair,,decoration/building block,wood variant,,
everycomp,everycomp:mcfur/regions_unexplored/stripped_socotra_striped_chair,,decoration/building block,wood variant,,
everycomp,everycomp:mcfur/regions_unexplored/stripped_socotra_table,,decoration/building block,wood variant,,
everycomp,everycomp:mcfur/regions_unexplored/stripped_socotra_triple_drawer,,storage/logistics,wooden storage,,
everycomp,everycomp:mcfur/regions_unexplored/stripped_socotra_wardrobe,,storage/logistics,wooden storage,,
everycomp,everycomp:mcfur/regions_unexplored/stripped_willow_bookshelf,,decoration/building block,wood variant,,
everycomp,everycomp:mcfur/regions_unexplored/stripped_willow_bookshelf_cupboard,,storage/logistics,wooden storage,,
everycomp,everycomp:mcfur/regions_unexplored/stripped_willow_bookshelf_drawer,,storage/logistics,wooden storage,,
everycomp,everycomp:mcfur/regions_unexplored/stripped_willow_chair,,decoration/building block,wood variant,,
everycomp,everycomp:mcfur/regions_unexplored/stripped_willow_coffee_table,,decoration/building block,wood variant,,
everycomp,everycomp:mcfur/regions_unexplored/stripped_willow_counter,,storage/logistics,wooden storage,,
everycomp,everycomp:mcfur/regions_unexplored/stripped_willow_covered_desk,,storage/logistics,wooden storage,,
everycomp,everycomp:mcfur/regions_unexplored/stripped_willow_cupboard_counter,,storage/logistics,wooden storage,,
everycomp,everycomp:mcfur/regions_unexplored/stripped_willow_desk,,storage/logistics,wooden storage,,
everycomp,everycomp:mcfur/regions_unexplored/stripped_willow_double_drawer,,storage/logistics,wooden storage,,
everycomp,everycomp:mcfur/regions_unexplored/stripped_willow_double_drawer_counter,,storage/logistics,wooden storage,,
everycomp,everycomp:mcfur/regions_unexplored/stripped_willow_double_kitchen_cabinet,,storage/logistics,wooden storage,,
everycomp,everycomp:mcfur/regions_unexplored/stripped_willow_double_wardrobe,,storage/logistics,wooden storage,,
everycomp,everycomp:mcfur/regions_unexplored/stripped_willow_drawer,,storage/logistics,wooden storage,,
everycomp,everycomp:mcfur/regions_unexplored/stripped_willow_drawer_counter,,storage/logistics,wooden storage,,
everycomp,everycomp:mcfur/regions_unexplored/stripped_willow_end_table,,decoration/building block,wood variant,,
everycomp,everycomp:mcfur/regions_unexplored/stripped_willow_glass_kitchen_cabinet,,storage/logistics,wooden storage,,
everycomp,everycomp:mcfur/regions_unexplored/stripped_willow_glass_table,,decoration/building block,wood variant,,
everycomp,everycomp:mcfur/regions_unexplored/stripped_willow_kitchen_cabinet,,storage/logistics,wooden storage,,
everycomp,everycomp:mcfur/regions_unexplored/stripped_willow_kitchen_sink,,decoration/building block,wood variant,,
everycomp,everycomp:mcfur/regions_unexplored/stripped_willow_large_drawer,,storage/logistics,wooden storage,,
everycomp,everycomp:mcfur/regions_unexplored/stripped_willow_lower_bookshelf_drawer,,storage/logistics,wooden storage,,
everycomp,everycomp:mcfur/regions_unexplored/stripped_willow_lower_triple_drawer,,storage/logistics,wooden storage,,
everycomp,everycomp:mcfur/regions_unexplored/stripped_willow_modern_chair,,decoration/building block,wood variant,,
everycomp,everycomp:mcfur/regions_unexplored/stripped_willow_modern_desk,,storage/logistics,wooden storage,,
everycomp,everycomp:mcfur/regions_unexplored/stripped_willow_modern_wardrobe,,storage/logistics,wooden storage,,
everycomp,everycomp:mcfur/regions_unexplored/stripped_willow_stool_chair,,decoration/building block,wood variant,,
everycomp,everycomp:mcfur/regions_unexplored/stripped_willow_striped_chair,,decoration/building block,wood variant,,
everycomp,everycomp:mcfur/regions_unexplored/stripped_willow_table,,decoration/building block,wood variant,,
everycomp,everycomp:mcfur/regions_unexplored/stripped_willow_triple_drawer,,storage/logistics,wooden storage,,
everycomp,everycomp:mcfur/regions_unexplored/stripped_willow_wardrobe,,storage/logistics,wooden storage,,
everycomp,everycomp:mcfur/regions_unexplored/stripped_wisteria_bookshelf,,decoration/building block,wood variant,,
everycomp,everycomp:mcfur/regions_unexplored/stripped_wisteria_bookshelf_cupboard,,storage/logistics,wooden storage,,
everycomp,everycomp:mcfur/regions_unexplored/stripped_wisteria_bookshelf_drawer,,storage/logistics,wooden storage,,
everycomp,everycomp:mcfur/regions_unexplored/stripped_wisteria_chair,,decoration/building block,wood variant,,
everycomp,everycomp:mcfur/regions_unexplored/stripped_wisteria_coffee_table,,decoration/building block,wood variant,,
everycomp,everycomp:mcfur/regions_unexplored/stripped_wisteria_counter,,storage/logistics,wooden storage,,
everycomp,everycomp:mcfur/regions_unexplored/stripped_wisteria_covered_desk,,storage/logistics,wooden storage,,
everycomp,everycomp:mcfur/regions_unexplored/stripped_wisteria_cupboard_counter,,storage/logistics,wooden storage,,
everycomp,everycomp:mcfur/regions_unexplored/stripped_wisteria_desk,,storage/logistics,wooden storage,,
everycomp,everycomp:mcfur/regions_unexplored/stripped_wisteria_double_drawer,,storage/logistics,wooden storage,,
everycomp,everycomp:mcfur/regions_unexplored/stripped_wisteria_double_drawer_counter,,storage/logistics,wooden storage,,
everycomp,everycomp:mcfur/regions_unexplored/stripped_wisteria_double_kitchen_cabinet,,storage/logistics,wooden storage,,
everycomp,everycomp:mcfur/regions_unexplored/stripped_wisteria_double_wardrobe,,storage/logistics,wooden storage,,
everycomp,everycomp:mcfur/regions_unexplored/stripped_wisteria_drawer,,storage/logistics,wooden storage,,
everycomp,everycomp:mcfur/regions_unexplored/stripped_wisteria_drawer_counter,,storage/logistics,wooden storage,,
everycomp,everycomp:mcfur/regions_unexplored/stripped_wisteria_end_table,,decoration/building block,wood variant,,
everycomp,everycomp:mcfur/regions_unexplored/stripped_wisteria_glass_kitchen_cabinet,,storage/logistics,wooden storage,,
everycomp,everycomp:mcfur/regions_unexplored/stripped_wisteria_glass_table,,decoration/building block,wood variant,,
everycomp,everycomp:mcfur/regions_unexplored/stripped_wisteria_kitchen_cabinet,,storage/logistics,wooden storage,,
everycomp,everycomp:mcfur/regions_unexplored/stripped_wisteria_kitchen_sink,,decoration/building block,wood variant,,
everycomp,everycomp:mcfur/regions_unexplored/stripped_wisteria_large_drawer,,storage/logistics,wooden storage,,
everycomp,everycomp:mcfur/regions_unexplored/stripped_wisteria_lower_bookshelf_drawer,,storage/logistics,wooden storage,,
everycomp,everycomp:mcfur/regions_unexplored/stripped_wisteria_lower_triple_drawer,,storage/logistics,wooden storage,,
everycomp,everycomp:mcfur/regions_unexplored/stripped_wisteria_modern_chair,,decoration/building block,wood variant,,
everycomp,everycomp:mcfur/regions_unexplored/stripped_wisteria_modern_desk,,storage/logistics,wooden storage,,
everycomp,everycomp:mcfur/regions_unexplored/stripped_wisteria_modern_wardrobe,,storage/logistics,wooden storage,,
everycomp,everycomp:mcfur/regions_unexplored/stripped_wisteria_stool_chair,,decoration/building block,wood variant,,
everycomp,everycomp:mcfur/regions_unexplored/stripped_wisteria_striped_chair,,decoration/building block,wood variant,,
everycomp,everycomp:mcfur/regions_unexplored/stripped_wisteria_table,,decoration/building block,wood variant,,
everycomp,everycomp:mcfur/regions_unexplored/stripped_wisteria_triple_drawer,,storage/logistics,wooden storage,,
everycomp,everycomp:mcfur/regions_unexplored/stripped_wisteria_wardrobe,,storage/logistics,wooden storage,,
everycomp,everycomp:mcfur/regions_unexplored/stripped_yellow_bioshroom_bookshelf,,decoration/building block,wood variant,,
everycomp,everycomp:mcfur/regions_unexplored/stripped_yellow_bioshroom_bookshelf_cupboard,,storage/logistics,wooden storage,,
everycomp,everycomp:mcfur/regions_unexplored/stripped_yellow_bioshroom_bookshelf_drawer,,storage/logistics,wooden storage,,
everycomp,everycomp:mcfur/regions_unexplored/stripped_yellow_bioshroom_chair,,decoration/building block,wood variant,,
everycomp,everycomp:mcfur/regions_unexplored/stripped_yellow_bioshroom_coffee_table,,decoration/building block,wood variant,,
everycomp,everycomp:mcfur/regions_unexplored/stripped_yellow_bioshroom_counter,,storage/logistics,wooden storage,,
everycomp,everycomp:mcfur/regions_unexplored/stripped_yellow_bioshroom_covered_desk,,storage/logistics,wooden storage,,
everycomp,everycomp:mcfur/regions_unexplored/stripped_yellow_bioshroom_cupboard_counter,,storage/logistics,wooden storage,,
everycomp,everycomp:mcfur/regions_unexplored/stripped_yellow_bioshroom_desk,,storage/logistics,wooden storage,,
everycomp,everycomp:mcfur/regions_unexplored/stripped_yellow_bioshroom_double_drawer,,storage/logistics,wooden storage,,
everycomp,everycomp:mcfur/regions_unexplored/stripped_yellow_bioshroom_double_drawer_counter,,storage/logistics,wooden storage,,
everycomp,everycomp:mcfur/regions_unexplored/stripped_yellow_bioshroom_double_kitchen_cabinet,,storage/logistics,wooden storage,,
everycomp,everycomp:mcfur/regions_unexplored/stripped_yellow_bioshroom_double_wardrobe,,storage/logistics,wooden storage,,
everycomp,everycomp:mcfur/regions_unexplored/stripped_yellow_bioshroom_drawer,,storage/logistics,wooden storage,,
everycomp,everycomp:mcfur/regions_unexplored/stripped_yellow_bioshroom_drawer_counter,,storage/logistics,wooden storage,,
everycomp,everycomp:mcfur/regions_unexplored/stripped_yellow_bioshroom_end_table,,decoration/building block,wood variant,,
everycomp,everycomp:mcfur/regions_unexplored/stripped_yellow_bioshroom_glass_kitchen_cabinet,,storage/logistics,wooden storage,,
everycomp,everycomp:mcfur/regions_unexplored/stripped_yellow_bioshroom_glass_table,,decoration/building block,wood variant,,
everycomp,everycomp:mcfur/regions_unexplored/stripped_yellow_bioshroom_kitchen_cabinet,,storage/logistics,wooden storage,,
everycomp,everycomp:mcfur/regions_unexplored/stripped_yellow_bioshroom_kitchen_sink,,decoration/building block,wood variant,,
everycomp,everycomp:mcfur/regions_unexplored/stripped_yellow_bioshroom_large_drawer,,storage/logistics,wooden storage,,
everycomp,everycomp:mcfur/regions_unexplored/stripped_yellow_bioshroom_lower_bookshelf_drawer,,storage/logistics,wooden storage,,
everycomp,everycomp:mcfur/regions_unexplored/stripped_yellow_bioshroom_lower_triple_drawer,,storage/logistics,wooden storage,,
everycomp,everycomp:mcfur/regions_unexplored/stripped_yellow_bioshroom_modern_chair,,decoration/building block,wood variant,,
everycomp,everycomp:mcfur/regions_unexplored/stripped_yellow_bioshroom_modern_desk,,storage/logistics,wooden storage,,
everycomp,everycomp:mcfur/regions_unexplored/stripped_yellow_bioshroom_modern_wardrobe,,storage/logistics,wooden storage,,
everycomp,everycomp:mcfur/regions_unexplored/stripped_yellow_bioshroom_stool_chair,,decoration/building block,wood variant,,
everycomp,everycomp:mcfur/regions_unexplored/stripped_yellow_bioshroom_striped_chair,,decoration/building block,wood variant,,
everycomp,everycomp:mcfur/regions_unexplored/stripped_yellow_bioshroom_table,,decoration/building block,wood variant,,
everycomp,everycomp:mcfur/regions_unexplored/stripped_yellow_bioshroom_triple_drawer,,storage/logistics,wooden storage,,
everycomp,everycomp:mcfur/regions_unexplored/stripped_yellow_bioshroom_wardrobe,,storage/logistics,wooden storage,,
everycomp,everycomp:mcfur/regions_unexplored/willow_bookshelf,,decoration/building block,wood variant,,
everycomp,everycomp:mcfur/regions_unexplored/willow_bookshelf_cupboard,,storage/logistics,wooden storage,,
everycomp,everycomp:mcfur/regions_unexplored/willow_bookshelf_drawer,,storage/logistics,wooden storage,,
everycomp,everycomp:mcfur/regions_unexplored/willow_chair,,decoration/building block,wood variant,,
everycomp,everycomp:mcfur/regions_unexplored/willow_coffee_table,,decoration/building block,wood variant,,
everycomp,everycomp:mcfur/regions_unexplored/willow_counter,,storage/logistics,wooden storage,,
everycomp,everycomp:mcfur/regions_unexplored/willow_covered_desk,,storage/logistics,wooden storage,,
everycomp,everycomp:mcfur/regions_unexplored/willow_cupboard_counter,,storage/logistics,wooden storage,,
everycomp,everycomp:mcfur/regions_unexplored/willow_desk,,storage/logistics,wooden storage,,
everycomp,everycomp:mcfur/regions_unexplored/willow_double_drawer,,storage/logistics,wooden storage,,
everycomp,everycomp:mcfur/regions_unexplored/willow_double_drawer_counter,,storage/logistics,wooden storage,,
everycomp,everycomp:mcfur/regions_unexplored/willow_double_kitchen_cabinet,,storage/logistics,wooden storage,,
everycomp,everycomp:mcfur/regions_unexplored/willow_double_wardrobe,,storage/logistics,wooden storage,,
everycomp,everycomp:mcfur/regions_unexplored/willow_drawer,,storage/logistics,wooden storage,,
everycomp,everycomp:mcfur/regions_unexplored/willow_drawer_counter,,storage/logistics,wooden storage,,
everycomp,everycomp:mcfur/regions_unexplored/willow_end_table,,decoration/building block,wood variant,,
everycomp,everycomp:mcfur/regions_unexplored/willow_glass_kitchen_cabinet,,storage/logistics,wooden storage,,
everycomp,everycomp:mcfur/regions_unexplored/willow_glass_table,,decoration/building block,wood variant,,
everycomp,everycomp:mcfur/regions_unexplored/willow_kitchen_cabinet,,storage/logistics,wooden storage,,
everycomp,everycomp:mcfur/regions_unexplored/willow_kitchen_sink,,decoration/building block,wood variant,,
everycomp,everycomp:mcfur/regions_unexplored/willow_large_drawer,,storage/logistics,wooden storage,,
everycomp,everycomp:mcfur/regions_unexplored/willow_lower_bookshelf_drawer,,storage/logistics,wooden storage,,
everycomp,everycomp:mcfur/regions_unexplored/willow_lower_triple_drawer,,storage/logistics,wooden storage,,
everycomp,everycomp:mcfur/regions_unexplored/willow_modern_chair,,decoration/building block,wood variant,,
everycomp,everycomp:mcfur/regions_unexplored/willow_modern_desk,,storage/logistics,wooden storage,,
everycomp,everycomp:mcfur/regions_unexplored/willow_modern_wardrobe,,storage/logistics,wooden storage,,
everycomp,everycomp:mcfur/regions_unexplored/willow_stool_chair,,decoration/building block,wood variant,,
everycomp,everycomp:mcfur/regions_unexplored/willow_striped_chair,,decoration/building block,wood variant,,
everycomp,everycomp:mcfur/regions_unexplored/willow_table,,decoration/building block,wood variant,,
everycomp,everycomp:mcfur/regions_unexplored/willow_triple_drawer,,storage/logistics,wooden storage,,
everycomp,everycomp:mcfur/regions_unexplored/willow_wardrobe,,storage/logistics,wooden storage,,
everycomp,everycomp:mcfur/regions_unexplored/wisteria_bookshelf,,decoration/building block,wood variant,,
everycomp,everycomp:mcfur/regions_unexplored/wisteria_bookshelf_cupboard,,storage/logistics,wooden storage,,
everycomp,everycomp:mcfur/regions_unexplored/wisteria_bookshelf_drawer,,storage/logistics,wooden storage,,
everycomp,everycomp:mcfur/regions_unexplored/wisteria_chair,,decoration/building block,wood variant,,
everycomp,everycomp:mcfur/regions_unexplored/wisteria_coffee_table,,decoration/building block,wood variant,,
everycomp,everycomp:mcfur/regions_unexplored/wisteria_counter,,storage/logistics,wooden storage,,
everycomp,everycomp:mcfur/regions_unexplored/wisteria_covered_desk,,storage/logistics,wooden storage,,
everycomp,everycomp:mcfur/regions_unexplored/wisteria_cupboard_counter,,storage/logistics,wooden storage,,
everycomp,everycomp:mcfur/regions_unexplored/wisteria_desk,,storage/logistics,wooden storage,,
everycomp,everycomp:mcfur/regions_unexplored/wisteria_double_drawer,,storage/logistics,wooden storage,,
everycomp,everycomp:mcfur/regions_unexplored/wisteria_double_drawer_counter,,storage/logistics,wooden storage,,
everycomp,everycomp:mcfur/regions_unexplored/wisteria_double_kitchen_cabinet,,storage/logistics,wooden storage,,
everycomp,everycomp:mcfur/regions_unexplored/wisteria_double_wardrobe,,storage/logistics,wooden storage,,
everycomp,everycomp:mcfur/regions_unexplored/wisteria_drawer,,storage/logistics,wooden storage,,
everycomp,everycomp:mcfur/regions_unexplored/wisteria_drawer_counter,,storage/logistics,wooden storage,,
everycomp,everycomp:mcfur/regions_unexplored/wisteria_end_table,,decoration/building block,wood variant,,
everycomp,everycomp:mcfur/regions_unexplored/wisteria_glass_kitchen_cabinet,,storage/logistics,wooden storage,,
everycomp,everycomp:mcfur/regions_unexplored/wisteria_glass_table,,decoration/building block,wood variant,,
everycomp,everycomp:mcfur/regions_unexplored/wisteria_kitchen_cabinet,,storage/logistics,wooden storage,,
everycomp,everycomp:mcfur/regions_unexplored/wisteria_kitchen_sink,,decoration/building block,wood variant,,
everycomp,everycomp:mcfur/regions_unexplored/wisteria_large_drawer,,storage/logistics,wooden storage,,
everycomp,everycomp:mcfur/regions_unexplored/wisteria_lower_bookshelf_drawer,,storage/logistics,wooden storage,,
everycomp,everycomp:mcfur/regions_unexplored/wisteria_lower_triple_drawer,,storage/logistics,wooden storage,,
everycomp,everycomp:mcfur/regions_unexplored/wisteria_modern_chair,,decoration/building block,wood variant,,
everycomp,everycomp:mcfur/regions_unexplored/wisteria_modern_desk,,storage/logistics,wooden storage,,
everycomp,everycomp:mcfur/regions_unexplored/wisteria_modern_wardrobe,,storage/logistics,wooden storage,,
everycomp,everycomp:mcfur/regions_unexplored/wisteria_stool_chair,,decoration/building block,wood variant,,
everycomp,everycomp:mcfur/regions_unexplored/wisteria_striped_chair,,decoration/building block,wood variant,,
everycomp,everycomp:mcfur/regions_unexplored/wisteria_table,,decoration/building block,wood variant,,
everycomp,everycomp:mcfur/regions_unexplored/wisteria_triple_drawer,,storage/logistics,wooden storage,,
everycomp,everycomp:mcfur/regions_unexplored/wisteria_wardrobe,,storage/logistics,wooden storage,,
everycomp,everycomp:mcfur/regions_unexplored/yellow_bioshroom_bookshelf,,decoration/building block,wood variant,,
everycomp,everycomp:mcfur/regions_unexplored/yellow_bioshroom_bookshelf_cupboard,,storage/logistics,wooden storage,,
everycomp,everycomp:mcfur/regions_unexplored/yellow_bioshroom_bookshelf_drawer,,storage/logistics,wooden storage,,
everycomp,everycomp:mcfur/regions_unexplored/yellow_bioshroom_chair,,decoration/building block,wood variant,,
everycomp,everycomp:mcfur/regions_unexplored/yellow_bioshroom_coffee_table,,decoration/building block,wood variant,,
everycomp,everycomp:mcfur/regions_unexplored/yellow_bioshroom_counter,,storage/logistics,wooden storage,,
everycomp,everycomp:mcfur/regions_unexplored/yellow_bioshroom_covered_desk,,storage/logistics,wooden storage,,
everycomp,everycomp:mcfur/regions_unexplored/yellow_bioshroom_cupboard_counter,,storage/logistics,wooden storage,,
everycomp,everycomp:mcfur/regions_unexplored/yellow_bioshroom_desk,,storage/logistics,wooden storage,,
everycomp,everycomp:mcfur/regions_unexplored/yellow_bioshroom_double_drawer,,storage/logistics,wooden storage,,
everycomp,everycomp:mcfur/regions_unexplored/yellow_bioshroom_double_drawer_counter,,storage/logistics,wooden storage,,
everycomp,everycomp:mcfur/regions_unexplored/yellow_bioshroom_double_kitchen_cabinet,,storage/logistics,wooden storage,,
everycomp,everycomp:mcfur/regions_unexplored/yellow_bioshroom_double_wardrobe,,storage/logistics,wooden storage,,
everycomp,everycomp:mcfur/regions_unexplored/yellow_bioshroom_drawer,,storage/logistics,wooden storage,,
everycomp,everycomp:mcfur/regions_unexplored/yellow_bioshroom_drawer_counter,,storage/logistics,wooden storage,,
everycomp,everycomp:mcfur/regions_unexplored/yellow_bioshroom_end_table,,decoration/building block,wood variant,,
everycomp,everycomp:mcfur/regions_unexplored/yellow_bioshroom_glass_kitchen_cabinet,,storage/logistics,wooden storage,,
everycomp,everycomp:mcfur/regions_unexplored/yellow_bioshroom_glass_table,,decoration/building block,wood variant,,
everycomp,everycomp:mcfur/regions_unexplored/yellow_bioshroom_kitchen_cabinet,,storage/logistics,wooden storage,,
everycomp,everycomp:mcfur/regions_unexplored/yellow_bioshroom_kitchen_sink,,decoration/building block,wood variant,,
everycomp,everycomp:mcfur/regions_unexplored/yellow_bioshroom_large_drawer,,storage/logistics,wooden storage,,
everycomp,everycomp:mcfur/regions_unexplored/yellow_bioshroom_lower_bookshelf_drawer,,storage/logistics,wooden storage,,
everycomp,everycomp:mcfur/regions_unexplored/yellow_bioshroom_lower_triple_drawer,,storage/logistics,wooden storage,,
everycomp,everycomp:mcfur/regions_unexplored/yellow_bioshroom_modern_chair,,decoration/building block,wood variant,,
everycomp,everycomp:mcfur/regions_unexplored/yellow_bioshroom_modern_desk,,storage/logistics,wooden storage,,
everycomp,everycomp:mcfur/regions_unexplored/yellow_bioshroom_modern_wardrobe,,storage/logistics,wooden storage,,
everycomp,everycomp:mcfur/regions_unexplored/yellow_bioshroom_stool_chair,,decoration/building block,wood variant,,
everycomp,everycomp:mcfur/regions_unexplored/yellow_bioshroom_striped_chair,,decoration/building block,wood variant,,
everycomp,everycomp:mcfur/regions_unexplored/yellow_bioshroom_table,,decoration/building block,wood variant,,
everycomp,everycomp:mcfur/regions_unexplored/yellow_bioshroom_triple_drawer,,storage/logistics,wooden storage,,
everycomp,everycomp:mcfur/regions_unexplored/yellow_bioshroom_wardrobe,,storage/logistics,wooden storage,,
everycomp,everycomp:ru/minecraft/pale_oak_branch,,decoration/building block,wood variant,,
everycomp,everycomp:ru/minecraft/pale_oak_shrub,,decoration/building block,wood variant,,
mcwfurnitures,mcwfurnitures:acacia_bookshelf,Acacia Bookshelf,decoration/building block,Macaw's building block,,
mcwfurnitures,mcwfurnitures:acacia_bookshelf_cupboard,Acacia Cupboard Bookshelf,storage/logistics,furniture with storage,,
mcwfurnitures,mcwfurnitures:acacia_bookshelf_drawer,Acacia Bookshelf Drawer,storage/logistics,furniture with storage,,
mcwfurnitures,mcwfurnitures:acacia_chair,Acacia Chair,decoration/building block,Macaw's building block,,
mcwfurnitures,mcwfurnitures:acacia_coffee_table,Acacia Coffee Table,decoration/building block,Macaw's building block,,
mcwfurnitures,mcwfurnitures:acacia_counter,Acacia Counter,storage/logistics,furniture with storage,,
mcwfurnitures,mcwfurnitures:acacia_covered_desk,Acacia Covered Desk,storage/logistics,furniture with storage,,
mcwfurnitures,mcwfurnitures:acacia_cupboard_counter,Acacia Cupboard Counter,storage/logistics,furniture with storage,,
mcwfurnitures,mcwfurnitures:acacia_desk,Acacia Desk,storage/logistics,furniture with storage,,
mcwfurnitures,mcwfurnitures:acacia_double_drawer,Acacia Double Drawer,storage/logistics,furniture with storage,,
mcwfurnitures,mcwfurnitures:acacia_double_drawer_counter,Acacia Double Drawer Counter,storage/logistics,furniture with storage,,
mcwfurnitures,mcwfurnitures:acacia_double_kitchen_cabinet,Acacia Double Kitchen Cabinet,storage/logistics,furniture with storage,,
mcwfurnitures,mcwfurnitures:acacia_double_wardrobe,Acacia Double Wardrobe,storage/logistics,furniture with storage,,
mcwfurnitures,mcwfurnitures:acacia_drawer,Acacia Drawer,storage/logistics,furniture with storage,,
mcwfurnitures,mcwfurnitures:acacia_drawer_counter,Acacia Drawer Counter,storage/logistics,furniture with storage,,
mcwfurnitures,mcwfurnitures:acacia_end_table,Acacia End Table,decoration/building block,Macaw's building block,,
mcwfurnitures,mcwfurnitures:acacia_glass_kitchen_cabinet,Acacia Glass Kitchen Cabinet,storage/logistics,furniture with storage,,
mcwfurnitures,mcwfurnitures:acacia_glass_table,Acacia Glass Table,decoration/building block,Macaw's building block,,
mcwfurnitures,mcwfurnitures:acacia_kitchen_cabinet,Acacia Kitchen Cabinet,storage/logistics,furniture with storage,,
mcwfurnitures,mcwfurnitures:acacia_kitchen_sink,Acacia Kitchen Sink,storage/logistics,furniture with storage,,
mcwfurnitures,mcwfurnitures:acacia_large_drawer,Acacia Large Drawer,storage/logistics,furniture with storage,,
mcwfurnitures,mcwfurnitures:acacia_lower_bookshelf_drawer,Acacia Lower Bookshelf Drawer,storage/logistics,furniture with storage,,
mcwfurnitures,mcwfurnitures:acacia_lower_triple_drawer,Acacia Lower Triple Drawer,storage/logistics,furniture with storage,,
mcwfurnitures,mcwfurnitures:acacia_modern_chair,Acacia Modern Chair,decoration/building block,Macaw's building block,,
mcwfurnitures,mcwfurnitures:acacia_modern_desk,Acacia Modern Desk,storage/logistics,furniture with storage,,
mcwfurnitures,mcwfurnitures:acacia_modern_wardrobe,Acacia Modern Wardrobe,storage/logistics,furniture with storage,,
mcwfurnitures,mcwfurnitures:acacia_stool_chair,Acacia Stool,decoration/building block,Macaw's building block,,
mcwfurnitures,mcwfurnitures:acacia_striped_chair,Acacia Striped Chair,decoration/building block,Macaw's building block,,
mcwfurnitures,mcwfurnitures:acacia_table,Acacia Table,decoration/building block,Macaw's building block,,
mcwfurnitures,mcwfurnitures:acacia_triple_drawer,Acacia Triple Drawer,storage/logistics,furniture with storage,,
mcwfurnitures,mcwfurnitures:acacia_wardrobe,Acacia Wardrobe,storage/logistics,furniture with storage,,
mcwfurnitures,mcwfurnitures:birch_bookshelf,Birch Bookshelf,decoration/building block,Macaw's building block,,
mcwfurnitures,mcwfurnitures:birch_bookshelf_cupboard,Birch Cupboard Bookshelf,storage/logistics,furniture with storage,,
mcwfurnitures,mcwfurnitures:birch_bookshelf_drawer,Birch Bookshelf Drawer,storage/logistics,furniture with storage,,
mcwfurnitures,mcwfurnitures:birch_chair,Birch Chair,decoration/building block,Macaw's building block,,
mcwfurnitures,mcwfurnitures:birch_coffee_table,Birch Coffee Table,decoration/building block,Macaw's building block,,
mcwfurnitures,mcwfurnitures:birch_counter,Birch Counter,storage/logistics,furniture with storage,,
mcwfurnitures,mcwfurnitures:birch_covered_desk,Birch Covered Desk,storage/logistics,furniture with storage,,
mcwfurnitures,mcwfurnitures:birch_cupboard_counter,Birch Cupboard Counter,storage/logistics,furniture with storage,,
mcwfurnitures,mcwfurnitures:birch_desk,Birch Desk,storage/logistics,furniture with storage,,
mcwfurnitures,mcwfurnitures:birch_double_drawer,Birch Double Drawer,storage/logistics,furniture with storage,,
mcwfurnitures,mcwfurnitures:birch_double_drawer_counter,Birch Double Drawer Counter,storage/logistics,furniture with storage,,
mcwfurnitures,mcwfurnitures:birch_double_kitchen_cabinet,Birch Double Kitchen Cabinet,storage/logistics,furniture with storage,,
mcwfurnitures,mcwfurnitures:birch_double_wardrobe,Birch Double Wardrobe,storage/logistics,furniture with storage,,
mcwfurnitures,mcwfurnitures:birch_drawer,Birch Drawer,storage/logistics,furniture with storage,,
mcwfurnitures,mcwfurnitures:birch_drawer_counter,Birch Drawer Counter,storage/logistics,furniture with storage,,
mcwfurnitures,mcwfurnitures:birch_end_table,Birch End Table,decoration/building block,Macaw's building block,,
mcwfurnitures,mcwfurnitures:birch_glass_kitchen_cabinet,Birch Glass Kitchen Cabinet,storage/logistics,furniture with storage,,
mcwfurnitures,mcwfurnitures:birch_glass_table,Birch Glass Table,decoration/building block,Macaw's building block,,
mcwfurnitures,mcwfurnitures:birch_kitchen_cabinet,Birch Kitchen Cabinet,storage/logistics,furniture with storage,,
mcwfurnitures,mcwfurnitures:birch_kitchen_sink,Birch Kitchen Sink,storage/logistics,furniture with storage,,
mcwfurnitures,mcwfurnitures:birch_large_drawer,Birch Large Drawer,storage/logistics,furniture with storage,,
mcwfurnitures,mcwfurnitures:birch_lower_bookshelf_drawer,Birch Lower Bookshelf Drawer,storage/logistics,furniture with storage,,
mcwfurnitures,mcwfurnitures:birch_lower_triple_drawer,Birch Lower Triple Drawer,storage/logistics,furniture with storage,,
mcwfurnitures,mcwfurnitures:birch_modern_chair,Birch Modern Chair,decoration/building block,Macaw's building block,,
mcwfurnitures,mcwfurnitures:birch_modern_desk,Birch Modern Desk,storage/logistics,furniture with storage,,
mcwfurnitures,mcwfurnitures:birch_modern_wardrobe,Birch Modern Wardrobe,storage/logistics,furniture with storage,,
mcwfurnitures,mcwfurnitures:birch_stool_chair,Birch Stool,decoration/building block,Macaw's building block,,
mcwfurnitures,mcwfurnitures:birch_striped_chair,Birch Striped Chair,decoration/building block,Macaw's building block,,
mcwfurnitures,mcwfurnitures:birch_table,Birch Table,decoration/building block,Macaw's building block,,
mcwfurnitures,mcwfurnitures:birch_triple_drawer,Birch Triple Drawer,storage/logistics,furniture with storage,,
mcwfurnitures,mcwfurnitures:birch_wardrobe,Birch Wardrobe,storage/logistics,furniture with storage,,
mcwfurnitures,mcwfurnitures:black_chaise,Black Chaise,decoration/building block,Macaw's building block,,
mcwfurnitures,mcwfurnitures:black_couch,Black Couch,decoration/building block,Macaw's building block,,
mcwfurnitures,mcwfurnitures:blue_chaise,Blue Chaise,decoration/building block,Macaw's building block,,
mcwfurnitures,mcwfurnitures:blue_couch,Blue Couch,decoration/building block,Macaw's building block,,
mcwfurnitures,mcwfurnitures:brown_chaise,Brown Chaise,decoration/building block,Macaw's building block,,
mcwfurnitures,mcwfurnitures:brown_couch,Brown Couch,decoration/building block,Macaw's building block,,
mcwfurnitures,mcwfurnitures:cabinet_door,Cabinet Door,storage/logistics,furniture with storage,,
mcwfurnitures,mcwfurnitures:cabinet_drawer,Cabinet Drawer,storage/logistics,furniture with storage,,
mcwfurnitures,mcwfurnitures:cherry_bookshelf,Cherry Bookshelf,decoration/building block,Macaw's building block,,
mcwfurnitures,mcwfurnitures:cherry_bookshelf_cupboard,Cherry Cupboard Bookshelf,storage/logistics,furniture with storage,,
mcwfurnitures,mcwfurnitures:cherry_bookshelf_drawer,Cherry Bookshelf Drawer,storage/logistics,furniture with storage,,
mcwfurnitures,mcwfurnitures:cherry_chair,Cherry Chair,decoration/building block,Macaw's building block,,
mcwfurnitures,mcwfurnitures:cherry_coffee_table,Cherry Coffee Table,decoration/building block,Macaw's building block,,
mcwfurnitures,mcwfurnitures:cherry_counter,Cherry Counter,storage/logistics,furniture with storage,,
mcwfurnitures,mcwfurnitures:cherry_covered_desk,Cherry Covered Desk,storage/logistics,furniture with storage,,
mcwfurnitures,mcwfurnitures:cherry_cupboard_counter,Cherry Cupboard Counter,storage/logistics,furniture with storage,,
mcwfurnitures,mcwfurnitures:cherry_desk,Cherry Desk,storage/logistics,furniture with storage,,
mcwfurnitures,mcwfurnitures:cherry_double_drawer,Cherry Double Drawer,storage/logistics,furniture with storage,,
mcwfurnitures,mcwfurnitures:cherry_double_drawer_counter,Cherry Double Drawer Counter,storage/logistics,furniture with storage,,
mcwfurnitures,mcwfurnitures:cherry_double_kitchen_cabinet,Cherry Double Kitchen Cabinet,storage/logistics,furniture with storage,,
mcwfurnitures,mcwfurnitures:cherry_double_wardrobe,Cherry Double Wardrobe,storage/logistics,furniture with storage,,
mcwfurnitures,mcwfurnitures:cherry_drawer,Cherry Drawer,storage/logistics,furniture with storage,,
mcwfurnitures,mcwfurnitures:cherry_drawer_counter,Cherry Drawer Counter,storage/logistics,furniture with storage,,
mcwfurnitures,mcwfurnitures:cherry_end_table,Cherry End Table,decoration/building block,Macaw's building block,,
mcwfurnitures,mcwfurnitures:cherry_glass_kitchen_cabinet,Cherry Glass Kitchen Cabinet,storage/logistics,furniture with storage,,
mcwfurnitures,mcwfurnitures:cherry_glass_table,Cherry Glass Table,decoration/building block,Macaw's building block,,
mcwfurnitures,mcwfurnitures:cherry_kitchen_cabinet,Cherry Kitchen Cabinet,storage/logistics,furniture with storage,,
mcwfurnitures,mcwfurnitures:cherry_kitchen_sink,Cherry Kitchen Sink,storage/logistics,furniture with storage,,
mcwfurnitures,mcwfurnitures:cherry_large_drawer,Cherry Large Drawer,storage/logistics,furniture with storage,,
mcwfurnitures,mcwfurnitures:cherry_lower_bookshelf_drawer,Cherry Lower Bookshelf Drawer,storage/logistics,furniture with storage,,
mcwfurnitures,mcwfurnitures:cherry_lower_triple_drawer,Cherry Lower Triple Drawer,storage/logistics,furniture with storage,,
mcwfurnitures,mcwfurnitures:cherry_modern_chair,Cherry Modern Chair,decoration/building block,Macaw's building block,,
mcwfurnitures,mcwfurnitures:cherry_modern_desk,Cherry Modern Desk,storage/logistics,furniture with storage,,
mcwfurnitures,mcwfurnitures:cherry_modern_wardrobe,Cherry Modern Wardrobe,storage/logistics,furniture with storage,,
mcwfurnitures,mcwfurnitures:cherry_stool_chair,Cherry Stool,decoration/building block,Macaw's building block,,
mcwfurnitures,mcwfurnitures:cherry_striped_chair,Cherry Striped Chair,decoration/building block,Macaw's building block,,
mcwfurnitures,mcwfurnitures:cherry_table,Cherry Table,decoration/building block,Macaw's building block,,
mcwfurnitures,mcwfurnitures:cherry_triple_drawer,Cherry Triple Drawer,storage/logistics,furniture with storage,,
mcwfurnitures,mcwfurnitures:cherry_wardrobe,Cherry Wardrobe,storage/logistics,furniture with storage,,
mcwfurnitures,mcwfurnitures:crimson_bookshelf,Crimson Bookshelf,decoration/building block,Macaw's building block,,
mcwfurnitures,mcwfurnitures:crimson_bookshelf_cupboard,Crimson Cupboard Bookshelf,storage/logistics,furniture with storage,,
mcwfurnitures,mcwfurnitures:crimson_bookshelf_drawer,Crimson Bookshelf Drawer,storage/logistics,furniture with storage,,
mcwfurnitures,mcwfurnitures:crimson_chair,Crimson Chair,decoration/building block,Macaw's building block,,
mcwfurnitures,mcwfurnitures:crimson_coffee_table,Crimson Coffee Table,decoration/building block,Macaw's building block,,
mcwfurnitures,mcwfurnitures:crimson_counter,Crimson Counter,storage/logistics,furniture with storage,,
mcwfurnitures,mcwfurnitures:crimson_covered_desk,Crimson Covered Desk,storage/logistics,furniture with storage,,
mcwfurnitures,mcwfurnitures:crimson_cupboard_counter,Crimson Cupboard Counter,storage/logistics,furniture with storage,,
mcwfurnitures,mcwfurnitures:crimson_desk,Crimson Desk,storage/logistics,furniture with storage,,
mcwfurnitures,mcwfurnitures:crimson_double_drawer,Crimson Double Drawer,storage/logistics,furniture with storage,,
mcwfurnitures,mcwfurnitures:crimson_double_drawer_counter,Crimson Double Drawer Counter,storage/logistics,furniture with storage,,
mcwfurnitures,mcwfurnitures:crimson_double_kitchen_cabinet,Crimson Double Kitchen Cabinet,storage/logistics,furniture with storage,,
mcwfurnitures,mcwfurnitures:crimson_double_wardrobe,Crimson Double Wardrobe,storage/logistics,furniture with storage,,
mcwfurnitures,mcwfurnitures:crimson_drawer,Crimson Drawer,storage/logistics,furniture with storage,,
mcwfurnitures,mcwfurnitures:crimson_drawer_counter,Crimson Drawer Counter,storage/logistics,furniture with storage,,
mcwfurnitures,mcwfurnitures:crimson_end_table,Crimson End Table,decoration/building block,Macaw's building block,,
mcwfurnitures,mcwfurnitures:crimson_glass_kitchen_cabinet,Crimson Glass Kitchen Cabinet,storage/logistics,furniture with storage,,
mcwfurnitures,mcwfurnitures:crimson_glass_table,Crimson Glass Table,decoration/building block,Macaw's building block,,
mcwfurnitures,mcwfurnitures:crimson_kitchen_cabinet,Crimson Kitchen Cabinet,storage/logistics,furniture with storage,,
mcwfurnitures,mcwfurnitures:crimson_kitchen_sink,Crimson Kitchen Sink,storage/logistics,furniture with storage,,
mcwfurnitures,mcwfurnitures:crimson_large_drawer,Crimson Large Drawer,storage/logistics,furniture with storage,,
mcwfurnitures,mcwfurnitures:crimson_lower_bookshelf_drawer,Crimson Lower Bookshelf Drawer,storage/logistics,furniture with storage,,
mcwfurnitures,mcwfurnitures:crimson_lower_triple_drawer,Crimson Lower Triple Drawer,storage/logistics,furniture with storage,,
mcwfurnitures,mcwfurnitures:crimson_modern_chair,Crimson Modern Chair,decoration/building block,Macaw's building block,,
mcwfurnitures,mcwfurnitures:crimson_modern_desk,Crimson Modern Desk,storage/logistics,furniture with storage,,
mcwfurnitures,mcwfurnitures:crimson_modern_wardrobe,Crimson Modern Wardrobe,storage/logistics,furniture with storage,,
mcwfurnitures,mcwfurnitures:crimson_stool_chair,Crimson Stool,decoration/building block,Macaw's building block,,
mcwfurnitures,mcwfurnitures:crimson_striped_chair,Crimson Striped Chair,decoration/building block,Macaw's building block,,
mcwfurnitures,mcwfurnitures:crimson_table,Crimson Table,decoration/building block,Macaw's building block,,
mcwfurnitures,mcwfurnitures:crimson_triple_drawer,Crimson Triple Drawer,storage/logistics,furniture with storage,,
mcwfurnitures,mcwfurnitures:crimson_wardrobe,Crimson Wardrobe,storage/logistics,furniture with storage,,
mcwfurnitures,mcwfurnitures:cyan_chaise,Cyan Chaise,decoration/building block,Macaw's building block,,
mcwfurnitures,mcwfurnitures:cyan_couch,Cyan Couch,decoration/building block,Macaw's building block,,
mcwfurnitures,mcwfurnitures:dark_oak_bookshelf,Dark Oak Bookshelf,decoration/building block,Macaw's building block,,
mcwfurnitures,mcwfurnitures:dark_oak_bookshelf_cupboard,Dark Oak Cupboard Bookshelf,storage/logistics,furniture with storage,,
mcwfurnitures,mcwfurnitures:dark_oak_bookshelf_drawer,Dark Oak Bookshelf Drawer,storage/logistics,furniture with storage,,
mcwfurnitures,mcwfurnitures:dark_oak_chair,Dark Oak Chair,decoration/building block,Macaw's building block,,
mcwfurnitures,mcwfurnitures:dark_oak_coffee_table,Dark Oak Coffee Table,decoration/building block,Macaw's building block,,
mcwfurnitures,mcwfurnitures:dark_oak_counter,Dark Oak Counter,storage/logistics,furniture with storage,,
mcwfurnitures,mcwfurnitures:dark_oak_covered_desk,Dark Oak Covered Desk,storage/logistics,furniture with storage,,
mcwfurnitures,mcwfurnitures:dark_oak_cupboard_counter,Dark Oak Cupboard Counter,storage/logistics,furniture with storage,,
mcwfurnitures,mcwfurnitures:dark_oak_desk,Dark Oak Desk,storage/logistics,furniture with storage,,
mcwfurnitures,mcwfurnitures:dark_oak_double_drawer,Dark Oak Double Drawer,storage/logistics,furniture with storage,,
mcwfurnitures,mcwfurnitures:dark_oak_double_drawer_counter,Dark Oak Double Drawer Counter,storage/logistics,furniture with storage,,
mcwfurnitures,mcwfurnitures:dark_oak_double_kitchen_cabinet,Dark Oak Double Kitchen Cabinet,storage/logistics,furniture with storage,,
mcwfurnitures,mcwfurnitures:dark_oak_double_wardrobe,Dark Oak Double Wardrobe,storage/logistics,furniture with storage,,
mcwfurnitures,mcwfurnitures:dark_oak_drawer,Dark Oak Drawer,storage/logistics,furniture with storage,,
mcwfurnitures,mcwfurnitures:dark_oak_drawer_counter,Dark Oak Drawer Counter,storage/logistics,furniture with storage,,
mcwfurnitures,mcwfurnitures:dark_oak_end_table,Dark Oak End Table,decoration/building block,Macaw's building block,,
mcwfurnitures,mcwfurnitures:dark_oak_glass_kitchen_cabinet,Dark Oak Glass Kitchen Cabinet,storage/logistics,furniture with storage,,
mcwfurnitures,mcwfurnitures:dark_oak_glass_table,Dark Oak Glass Table,decoration/building block,Macaw's building block,,
mcwfurnitures,mcwfurnitures:dark_oak_kitchen_cabinet,Dark Oak Kitchen Cabinet,storage/logistics,furniture with storage,,
mcwfurnitures,mcwfurnitures:dark_oak_kitchen_sink,Dark Oak Kitchen Sink,storage/logistics,furniture with storage,,
mcwfurnitures,mcwfurnitures:dark_oak_large_drawer,Dark Oak Large Drawer,storage/logistics,furniture with storage,,
mcwfurnitures,mcwfurnitures:dark_oak_lower_bookshelf_drawer,Dark Oak Lower Bookshelf Drawer,storage/logistics,furniture with storage,,
mcwfurnitures,mcwfurnitures:dark_oak_lower_triple_drawer,Dark Oak Lower Triple Drawer,storage/logistics,furniture with storage,,
mcwfurnitures,mcwfurnitures:dark_oak_modern_chair,Dark Oak Modern Chair,decoration/building block,Macaw's building block,,
mcwfurnitures,mcwfurnitures:dark_oak_modern_desk,Dark Oak Modern Desk,storage/logistics,furniture with storage,,
mcwfurnitures,mcwfurnitures:dark_oak_modern_wardrobe,Dark Oak Modern Wardrobe,storage/logistics,furniture with storage,,
mcwfurnitures,mcwfurnitures:dark_oak_stool_chair,Dark Oak Stool,decoration/building block,Macaw's building block,,
mcwfurnitures,mcwfurnitures:dark_oak_striped_chair,Dark Oak Striped Chair,decoration/building block,Macaw's building block,,
mcwfurnitures,mcwfurnitures:dark_oak_table,Dark Oak Table,decoration/building block,Macaw's building block,,
mcwfurnitures,mcwfurnitures:dark_oak_triple_drawer,Dark Oak Triple Drawer,storage/logistics,furniture with storage,,
mcwfurnitures,mcwfurnitures:dark_oak_wardrobe,Dark Oak Wardrobe,storage/logistics,furniture with storage,,
mcwfurnitures,mcwfurnitures:gray_chaise,Gray Chaise,decoration/building block,Macaw's building block,,
mcwfurnitures,mcwfurnitures:gray_couch,Gray Couch,decoration/building block,Macaw's building block,,
mcwfurnitures,mcwfurnitures:green_chaise,Green Chaise,decoration/building block,Macaw's building block,,
mcwfurnitures,mcwfurnitures:green_couch,Green Couch,decoration/building block,Macaw's building block,,
mcwfurnitures,mcwfurnitures:jungle_bookshelf,Jungle Bookshelf,decoration/building block,Macaw's building block,,
mcwfurnitures,mcwfurnitures:jungle_bookshelf_cupboard,Jungle Cupboard Bookshelf,storage/logistics,furniture with storage,,
mcwfurnitures,mcwfurnitures:jungle_bookshelf_drawer,Jungle Bookshelf Drawer,storage/logistics,furniture with storage,,
mcwfurnitures,mcwfurnitures:jungle_chair,Jungle Chair,decoration/building block,Macaw's building block,,
mcwfurnitures,mcwfurnitures:jungle_coffee_table,Jungle Coffee Table,decoration/building block,Macaw's building block,,
mcwfurnitures,mcwfurnitures:jungle_counter,Jungle Counter,storage/logistics,furniture with storage,,
mcwfurnitures,mcwfurnitures:jungle_covered_desk,Jungle Covered Desk,storage/logistics,furniture with storage,,
mcwfurnitures,mcwfurnitures:jungle_cupboard_counter,Jungle Cupboard Counter,storage/logistics,furniture with storage,,
mcwfurnitures,mcwfurnitures:jungle_desk,Jungle Desk,storage/logistics,furniture with storage,,
mcwfurnitures,mcwfurnitures:jungle_double_drawer,Jungle Double Drawer,storage/logistics,furniture with storage,,
mcwfurnitures,mcwfurnitures:jungle_double_drawer_counter,Jungle Double Drawer Counter,storage/logistics,furniture with storage,,
mcwfurnitures,mcwfurnitures:jungle_double_kitchen_cabinet,Jungle Double Kitchen Cabinet,storage/logistics,furniture with storage,,
mcwfurnitures,mcwfurnitures:jungle_double_wardrobe,Jungle Double Wardrobe,storage/logistics,furniture with storage,,
mcwfurnitures,mcwfurnitures:jungle_drawer,Jungle Drawer,storage/logistics,furniture with storage,,
mcwfurnitures,mcwfurnitures:jungle_drawer_counter,Jungle Drawer Counter,storage/logistics,furniture with storage,,
mcwfurnitures,mcwfurnitures:jungle_end_table,Jungle End Table,decoration/building block,Macaw's building block,,
mcwfurnitures,mcwfurnitures:jungle_glass_kitchen_cabinet,Jungle Glass Kitchen Cabinet,storage/logistics,furniture with storage,,
mcwfurnitures,mcwfurnitures:jungle_glass_table,Jungle Glass Table,decoration/building block,Macaw's building block,,
mcwfurnitures,mcwfurnitures:jungle_kitchen_cabinet,Jungle Kitchen Cabinet,storage/logistics,furniture with storage,,
mcwfurnitures,mcwfurnitures:jungle_kitchen_sink,Jungle Kitchen Sink,storage/logistics,furniture with storage,,
mcwfurnitures,mcwfurnitures:jungle_large_drawer,Jungle Large Drawer,storage/logistics,furniture with storage,,
mcwfurnitures,mcwfurnitures:jungle_lower_bookshelf_drawer,Jungle Lower Bookshelf Drawer,storage/logistics,furniture with storage,,
mcwfurnitures,mcwfurnitures:jungle_lower_triple_drawer,Jungle Lower Triple Drawer,storage/logistics,furniture with storage,,
mcwfurnitures,mcwfurnitures:jungle_modern_chair,Jungle Modern Chair,decoration/building block,Macaw's building block,,
mcwfurnitures,mcwfurnitures:jungle_modern_desk,Jungle Modern Desk,storage/logistics,furniture with storage,,
mcwfurnitures,mcwfurnitures:jungle_modern_wardrobe,Jungle Modern Wardrobe,storage/logistics,furniture with storage,,
mcwfurnitures,mcwfurnitures:jungle_stool_chair,Jungle Stool,decoration/building block,Macaw's building block,,
mcwfurnitures,mcwfurnitures:jungle_striped_chair,Jungle Striped Chair,decoration/building block,Macaw's building block,,
mcwfurnitures,mcwfurnitures:jungle_table,Jungle Table,decoration/building block,Macaw's building block,,
mcwfurnitures,mcwfurnitures:jungle_triple_drawer,Jungle Triple Drawer,storage/logistics,furniture with storage,,
mcwfurnitures,mcwfurnitures:jungle_wardrobe,Jungle Wardrobe,storage/logistics,furniture with storage,,
mcwfurnitures,mcwfurnitures:light_blue_chaise,Light Blue Chaise,decoration/building block,Macaw's building block,,
mcwfurnitures,mcwfurnitures:light_blue_couch,Light Blue Couch,decoration/building block,Macaw's building block,,
mcwfurnitures,mcwfurnitures:light_gray_chaise,Light Gray Chaise,decoration/building block,Macaw's building block,,
mcwfurnitures,mcwfurnitures:light_gray_couch,Light Gray Couch,decoration/building block,Macaw's building block,,
mcwfurnitures,mcwfurnitures:lime_chaise,Lime Chaise,decoration/building block,Macaw's building block,,
mcwfurnitures,mcwfurnitures:lime_couch,Lime Couch,decoration/building block,Macaw's building block,,
mcwfurnitures,mcwfurnitures:magenta_chaise,Magenta Chaise,decoration/building block,Macaw's building block,,
mcwfurnitures,mcwfurnitures:magenta_couch,Magenta Couch,decoration/building block,Macaw's building block,,
mcwfurnitures,mcwfurnitures:mangrove_bookshelf,Mangrove Bookshelf,decoration/building block,Macaw's building block,,
mcwfurnitures,mcwfurnitures:mangrove_bookshelf_cupboard,Mangrove Cupboard Bookshelf,storage/logistics,furniture with storage,,
mcwfurnitures,mcwfurnitures:mangrove_bookshelf_drawer,Mangrove Bookshelf Drawer,storage/logistics,furniture with storage,,
mcwfurnitures,mcwfurnitures:mangrove_chair,Mangrove Chair,decoration/building block,Macaw's building block,,
mcwfurnitures,mcwfurnitures:mangrove_coffee_table,Mangrove Coffee Table,decoration/building block,Macaw's building block,,
mcwfurnitures,mcwfurnitures:mangrove_counter,Mangrove Counter,storage/logistics,furniture with storage,,
mcwfurnitures,mcwfurnitures:mangrove_covered_desk,Mangrove Covered Desk,storage/logistics,furniture with storage,,
mcwfurnitures,mcwfurnitures:mangrove_cupboard_counter,Mangrove Cupboard Counter,storage/logistics,furniture with storage,,
mcwfurnitures,mcwfurnitures:mangrove_desk,Mangrove Desk,storage/logistics,furniture with storage,,
mcwfurnitures,mcwfurnitures:mangrove_double_drawer,Mangrove Double Drawer,storage/logistics,furniture with storage,,
mcwfurnitures,mcwfurnitures:mangrove_double_drawer_counter,Mangrove Double Drawer Counter,storage/logistics,furniture with storage,,
mcwfurnitures,mcwfurnitures:mangrove_double_kitchen_cabinet,Mangrove Double Kitchen Cabinet,storage/logistics,furniture with storage,,
mcwfurnitures,mcwfurnitures:mangrove_double_wardrobe,Mangrove Double Wardrobe,storage/logistics,furniture with storage,,
mcwfurnitures,mcwfurnitures:mangrove_drawer,Mangrove Drawer,storage/logistics,furniture with storage,,
mcwfurnitures,mcwfurnitures:mangrove_drawer_counter,Mangrove Drawer Counter,storage/logistics,furniture with storage,,
mcwfurnitures,mcwfurnitures:mangrove_end_table,Mangrove End Table,decoration/building block,Macaw's building block,,
mcwfurnitures,mcwfurnitures:mangrove_glass_kitchen_cabinet,Mangrove Glass Kitchen Cabinet,storage/logistics,furniture with storage,,
mcwfurnitures,mcwfurnitures:mangrove_glass_table,Mangrove Glass Table,decoration/building block,Macaw's building block,,
mcwfurnitures,mcwfurnitures:mangrove_kitchen_cabinet,Mangrove Kitchen Cabinet,storage/logistics,furniture with storage,,
mcwfurnitures,mcwfurnitures:mangrove_kitchen_sink,Mangrove Kitchen Sink,storage/logistics,furniture with storage,,
mcwfurnitures,mcwfurnitures:mangrove_large_drawer,Mangrove Large Drawer,storage/logistics,furniture with storage,,
mcwfurnitures,mcwfurnitures:mangrove_lower_bookshelf_drawer,Mangrove Lower Bookshelf Drawer,storage/logistics,furniture with storage,,
mcwfurnitures,mcwfurnitures:mangrove_lower_triple_drawer,Mangrove Lower Triple Drawer,storage/logistics,furniture with storage,,
mcwfurnitures,mcwfurnitures:mangrove_modern_chair,Mangrove Modern Chair,decoration/building block,Macaw's building block,,
mcwfurnitures,mcwfurnitures:mangrove_modern_desk,Mangrove Modern Desk,storage/logistics,furniture with storage,,
mcwfurnitures,mcwfurnitures:mangrove_modern_wardrobe,Mangrove Modern Wardrobe,storage/logistics,furniture with storage,,
mcwfurnitures,mcwfurnitures:mangrove_stool_chair,Mangrove Stool,decoration/building block,Macaw's building block,,
mcwfurnitures,mcwfurnitures:mangrove_striped_chair,Mangrove Striped Chair,decoration/building block,Macaw's building block,,
mcwfurnitures,mcwfurnitures:mangrove_table,Mangrove Table,decoration/building block,Macaw's building block,,
mcwfurnitures,mcwfurnitures:mangrove_triple_drawer,Mangrove Triple Drawer,storage/logistics,furniture with storage,,
mcwfurnitures,mcwfurnitures:mangrove_wardrobe,Mangrove Wardrobe,storage/logistics,furniture with storage,,
mcwfurnitures,mcwfurnitures:oak_bookshelf,Oak Bookshelf,decoration/building block,Macaw's building block,,
mcwfurnitures,mcwfurnitures:oak_bookshelf_cupboard,Oak Cupboard Bookshelf,storage/logistics,furniture with storage,,
mcwfurnitures,mcwfurnitures:oak_bookshelf_drawer,Oak Bookshelf Drawer,storage/logistics,furniture with storage,,
mcwfurnitures,mcwfurnitures:oak_chair,Oak Chair,decoration/building block,Macaw's building block,,
mcwfurnitures,mcwfurnitures:oak_coffee_table,Oak Coffee Table,decoration/building block,Macaw's building block,,
mcwfurnitures,mcwfurnitures:oak_counter,Oak Counter,storage/logistics,furniture with storage,,
mcwfurnitures,mcwfurnitures:oak_covered_desk,Oak Covered Desk,storage/logistics,furniture with storage,,
mcwfurnitures,mcwfurnitures:oak_cupboard_counter,Oak Cupboard Counter,storage/logistics,furniture with storage,,
mcwfurnitures,mcwfurnitures:oak_desk,Oak Desk,storage/logistics,furniture with storage,,
mcwfurnitures,mcwfurnitures:oak_double_drawer,Oak Double Drawer,storage/logistics,furniture with storage,,
mcwfurnitures,mcwfurnitures:oak_double_drawer_counter,Oak Double Drawer Counter,storage/logistics,furniture with storage,,
mcwfurnitures,mcwfurnitures:oak_double_kitchen_cabinet,Oak Double Kitchen Cabinet,storage/logistics,furniture with storage,,
mcwfurnitures,mcwfurnitures:oak_double_wardrobe,Oak Double Wardrobe,storage/logistics,furniture with storage,,
mcwfurnitures,mcwfurnitures:oak_drawer,Oak Drawer,storage/logistics,furniture with storage,,
mcwfurnitures,mcwfurnitures:oak_drawer_counter,Oak Drawer Counter,storage/logistics,furniture with storage,,
mcwfurnitures,mcwfurnitures:oak_end_table,Oak End Table,decoration/building block,Macaw's building block,,
mcwfurnitures,mcwfurnitures:oak_glass_kitchen_cabinet,Oak Glass Kitchen Cabinet,storage/logistics,furniture with storage,,
mcwfurnitures,mcwfurnitures:oak_glass_table,Oak Glass Table,decoration/building block,Macaw's building block,,
mcwfurnitures,mcwfurnitures:oak_kitchen_cabinet,Oak Kitchen Cabinet,storage/logistics,furniture with storage,,
mcwfurnitures,mcwfurnitures:oak_kitchen_sink,Oak Kitchen Sink,storage/logistics,furniture with storage,,
mcwfurnitures,mcwfurnitures:oak_large_drawer,Oak Large Drawer,storage/logistics,furniture with storage,,
mcwfurnitures,mcwfurnitures:oak_lower_bookshelf_drawer,Oak Lower Bookshelf Drawer,storage/logistics,furniture with storage,,
mcwfurnitures,mcwfurnitures:oak_lower_triple_drawer,Oak Lower Triple Drawer,storage/logistics,furniture with storage,,
mcwfurnitures,mcwfurnitures:oak_modern_chair,Oak Modern Chair,decoration/building block,Macaw's building block,,
mcwfurnitures,mcwfurnitures:oak_modern_desk,Oak Modern Desk,storage/logistics,furniture with storage,,
mcwfurnitures,mcwfurnitures:oak_modern_wardrobe,Oak Modern Wardrobe,storage/logistics,furniture with storage,,
mcwfurnitures,mcwfurnitures:oak_stool_chair,Oak Stool,decoration/building block,Macaw's building block,,
mcwfurnitures,mcwfurnitures:oak_striped_chair,Oak Striped Chair,decoration/building block,Macaw's building block,,
mcwfurnitures,mcwfurnitures:oak_table,Oak Table,decoration/building block,Macaw's building block,,
mcwfurnitures,mcwfurnitures:oak_triple_drawer,Oak Triple Drawer,storage/logistics,furniture with storage,,
mcwfurnitures,mcwfurnitures:oak_wardrobe,Oak Wardrobe,storage/logistics,furniture with storage,,
mcwfurnitures,mcwfurnitures:orange_chaise,Orange Chaise,decoration/building block,Macaw's building block,,
mcwfurnitures,mcwfurnitures:orange_couch,Orange Couch,decoration/building block,Macaw's building block,,
mcwfurnitures,mcwfurnitures:pink_chaise,Pink Chaise,decoration/building block,Macaw's building block,,
mcwfurnitures,mcwfurnitures:pink_couch,Pink Couch,decoration/building block,Macaw's building block,,
mcwfurnitures,mcwfurnitures:purple_chaise,Purple Chaise,decoration/building block,Macaw's building block,,
mcwfurnitures,mcwfurnitures:purple_couch,Purple Couch,decoration/building block,Macaw's building block,,
mcwfurnitures,mcwfurnitures:red_chaise,Red Chaise,decoration/building block,Macaw's building block,,
mcwfurnitures,mcwfurnitures:red_couch,Red Couch,decoration/building block,Macaw's building block,,
mcwfurnitures,mcwfurnitures:spruce_bookshelf,Spruce Bookshelf,decoration/building block,Macaw's building block,,
mcwfurnitures,mcwfurnitures:spruce_bookshelf_cupboard,Spruce Cupboard Bookshelf,storage/logistics,furniture with storage,,
mcwfurnitures,mcwfurnitures:spruce_bookshelf_drawer,Spruce Bookshelf Drawer,storage/logistics,furniture with storage,,
mcwfurnitures,mcwfurnitures:spruce_chair,Spruce Chair,decoration/building block,Macaw's building block,,
mcwfurnitures,mcwfurnitures:spruce_coffee_table,Spruce Coffee Table,decoration/building block,Macaw's building block,,
mcwfurnitures,mcwfurnitures:spruce_counter,Spruce Counter,storage/logistics,furniture with storage,,
mcwfurnitures,mcwfurnitures:spruce_covered_desk,Spruce Covered Desk,storage/logistics,furniture with storage,,
mcwfurnitures,mcwfurnitures:spruce_cupboard_counter,Spruce Cupboard Counter,storage/logistics,furniture with storage,,
mcwfurnitures,mcwfurnitures:spruce_desk,Spruce Desk,storage/logistics,furniture with storage,,
mcwfurnitures,mcwfurnitures:spruce_double_drawer,Spruce Double Drawer,storage/logistics,furniture with storage,,
mcwfurnitures,mcwfurnitures:spruce_double_drawer_counter,Spruce Double Drawer Counter,storage/logistics,furniture with storage,,
mcwfurnitures,mcwfurnitures:spruce_double_kitchen_cabinet,Spruce Double Kitchen Cabinet,storage/logistics,furniture with storage,,
mcwfurnitures,mcwfurnitures:spruce_double_wardrobe,Spruce Double Wardrobe,storage/logistics,furniture with storage,,
mcwfurnitures,mcwfurnitures:spruce_drawer,Spruce Drawer,storage/logistics,furniture with storage,,
mcwfurnitures,mcwfurnitures:spruce_drawer_counter,Spruce Drawer Counter,storage/logistics,furniture with storage,,
mcwfurnitures,mcwfurnitures:spruce_end_table,Spruce End Table,decoration/building block,Macaw's building block,,
mcwfurnitures,mcwfurnitures:spruce_glass_kitchen_cabinet,Spruce Glass Kitchen Cabinet,storage/logistics,furniture with storage,,
mcwfurnitures,mcwfurnitures:spruce_glass_table,Spruce Glass Table,decoration/building block,Macaw's building block,,
mcwfurnitures,mcwfurnitures:spruce_kitchen_cabinet,Spruce Kitchen Cabinet,storage/logistics,furniture with storage,,
mcwfurnitures,mcwfurnitures:spruce_kitchen_sink,Spruce Kitchen Sink,storage/logistics,furniture with storage,,
mcwfurnitures,mcwfurnitures:spruce_large_drawer,Spruce Large Drawer,storage/logistics,furniture with storage,,
mcwfurnitures,mcwfurnitures:spruce_lower_bookshelf_drawer,Spruce Lower Bookshelf Drawer,storage/logistics,furniture with storage,,
mcwfurnitures,mcwfurnitures:spruce_lower_triple_drawer,Spruce Lower Triple Drawer,storage/logistics,furniture with storage,,
mcwfurnitures,mcwfurnitures:spruce_modern_chair,Spruce Modern Chair,decoration/building block,Macaw's building block,,
mcwfurnitures,mcwfurnitures:spruce_modern_desk,Spruce Modern Desk,storage/logistics,furniture with storage,,
mcwfurnitures,mcwfurnitures:spruce_modern_wardrobe,Spruce Modern Wardrobe,storage/logistics,furniture with storage,,
mcwfurnitures,mcwfurnitures:spruce_stool_chair,Spruce Stool,decoration/building block,Macaw's building block,,
mcwfurnitures,mcwfurnitures:spruce_striped_chair,Spruce Striped Chair,decoration/building block,Macaw's building block,,
mcwfurnitures,mcwfurnitures:spruce_table,Spruce Table,decoration/building block,Macaw's building block,,
mcwfurnitures,mcwfurnitures:spruce_triple_drawer,Spruce Triple Drawer,storage/logistics,furniture with storage,,
mcwfurnitures,mcwfurnitures:spruce_wardrobe,Spruce Wardrobe,storage/logistics,furniture with storage,,
mcwfurnitures,mcwfurnitures:stripped_acacia_bookshelf,Stripped Acacia Bookshelf,decoration/building block,Macaw's building block,,
mcwfurnitures,mcwfurnitures:stripped_acacia_bookshelf_cupboard,Stripped Acacia Cupboard Bookshelf,storage/logistics,furniture with storage,,
mcwfurnitures,mcwfurnitures:stripped_acacia_bookshelf_drawer,Stripped Acacia Bookshelf Drawer,storage/logistics,furniture with storage,,
mcwfurnitures,mcwfurnitures:stripped_acacia_chair,Stripped Acacia Chair,decoration/building block,Macaw's building block,,
mcwfurnitures,mcwfurnitures:stripped_acacia_coffee_table,Stripped Acacia Coffee Table,decoration/building block,Macaw's building block,,
mcwfurnitures,mcwfurnitures:stripped_acacia_counter,Stripped Acacia Counter,storage/logistics,furniture with storage,,
mcwfurnitures,mcwfurnitures:stripped_acacia_covered_desk,Stripped Acacia Covered Desk,storage/logistics,furniture with storage,,
mcwfurnitures,mcwfurnitures:stripped_acacia_cupboard_counter,Stripped Acacia Cupboard Counter,storage/logistics,furniture with storage,,
mcwfurnitures,mcwfurnitures:stripped_acacia_desk,Stripped Acacia Desk,storage/logistics,furniture with storage,,
mcwfurnitures,mcwfurnitures:stripped_acacia_double_drawer,Stripped Acacia Double Drawer,storage/logistics,furniture with storage,,
mcwfurnitures,mcwfurnitures:stripped_acacia_double_drawer_counter,Stripped Acacia Double Drawer Counter,storage/logistics,furniture with storage,,
mcwfurnitures,mcwfurnitures:stripped_acacia_double_kitchen_cabinet,Stripped Acacia Double Kitchen Cabinet,storage/logistics,furniture with storage,,
mcwfurnitures,mcwfurnitures:stripped_acacia_double_wardrobe,Stripped Acacia Double Wardrobe,storage/logistics,furniture with storage,,
mcwfurnitures,mcwfurnitures:stripped_acacia_drawer,Stripped Acacia Drawer,storage/logistics,furniture with storage,,
mcwfurnitures,mcwfurnitures:stripped_acacia_drawer_counter,Stripped Acacia Drawer Counter,storage/logistics,furniture with storage,,
mcwfurnitures,mcwfurnitures:stripped_acacia_end_table,Stripped Acacia End Table,decoration/building block,Macaw's building block,,
mcwfurnitures,mcwfurnitures:stripped_acacia_glass_kitchen_cabinet,Stripped Acacia Glass Kitchen Cabinet,storage/logistics,furniture with storage,,
mcwfurnitures,mcwfurnitures:stripped_acacia_glass_table,Stripped Acacia Glass Table,decoration/building block,Macaw's building block,,
mcwfurnitures,mcwfurnitures:stripped_acacia_kitchen_cabinet,Stripped Acacia Kitchen Cabinet,storage/logistics,furniture with storage,,
mcwfurnitures,mcwfurnitures:stripped_acacia_kitchen_sink,Stripped Acacia Kitchen Sink,storage/logistics,furniture with storage,,
mcwfurnitures,mcwfurnitures:stripped_acacia_large_drawer,Stripped Acacia Large Drawer,storage/logistics,furniture with storage,,
mcwfurnitures,mcwfurnitures:stripped_acacia_lower_bookshelf_drawer,Stripped Acacia Lower Bookshelf Drawer,storage/logistics,furniture with storage,,
mcwfurnitures,mcwfurnitures:stripped_acacia_lower_triple_drawer,Stripped Acacia Lower Triple Drawer,storage/logistics,furniture with storage,,
mcwfurnitures,mcwfurnitures:stripped_acacia_modern_chair,Stripped Acacia Modern Chair,decoration/building block,Macaw's building block,,
mcwfurnitures,mcwfurnitures:stripped_acacia_modern_desk,Stripped Acacia Modern Desk,storage/logistics,furniture with storage,,
mcwfurnitures,mcwfurnitures:stripped_acacia_modern_wardrobe,Stripped Acacia Modern Wardrobe,storage/logistics,furniture with storage,,
mcwfurnitures,mcwfurnitures:stripped_acacia_stool_chair,Stripped Acacia Stool,decoration/building block,Macaw's building block,,
mcwfurnitures,mcwfurnitures:stripped_acacia_striped_chair,Stripped Acacia Striped Chair,decoration/building block,Macaw's building block,,
mcwfurnitures,mcwfurnitures:stripped_acacia_table,Stripped Acacia Table,decoration/building block,Macaw's building block,,
mcwfurnitures,mcwfurnitures:stripped_acacia_triple_drawer,Stripped Acacia Triple Drawer,storage/logistics,furniture with storage,,
mcwfurnitures,mcwfurnitures:stripped_acacia_wardrobe,Stripped Acacia Wardrobe,storage/logistics,furniture with storage,,
mcwfurnitures,mcwfurnitures:stripped_birch_bookshelf,Stripped Birch Bookshelf,decoration/building block,Macaw's building block,,
mcwfurnitures,mcwfurnitures:stripped_birch_bookshelf_cupboard,Stripped Birch Cupboard Bookshelf,storage/logistics,furniture with storage,,
mcwfurnitures,mcwfurnitures:stripped_birch_bookshelf_drawer,Stripped Birch Bookshelf Drawer,storage/logistics,furniture with storage,,
mcwfurnitures,mcwfurnitures:stripped_birch_chair,Stripped Birch Chair,decoration/building block,Macaw's building block,,
mcwfurnitures,mcwfurnitures:stripped_birch_coffee_table,Stripped Birch Coffee Table,decoration/building block,Macaw's building block,,
mcwfurnitures,mcwfurnitures:stripped_birch_counter,Stripped Birch Counter,storage/logistics,furniture with storage,,
mcwfurnitures,mcwfurnitures:stripped_birch_covered_desk,Stripped Birch Covered Desk,storage/logistics,furniture with storage,,
mcwfurnitures,mcwfurnitures:stripped_birch_cupboard_counter,Stripped Birch Cupboard Counter,storage/logistics,furniture with storage,,
mcwfurnitures,mcwfurnitures:stripped_birch_desk,Stripped Birch Desk,storage/logistics,furniture with storage,,
mcwfurnitures,mcwfurnitures:stripped_birch_double_drawer,Stripped Birch Double Drawer,storage/logistics,furniture with storage,,
mcwfurnitures,mcwfurnitures:stripped_birch_double_drawer_counter,Stripped Birch Double Drawer Counter,storage/logistics,furniture with storage,,
mcwfurnitures,mcwfurnitures:stripped_birch_double_kitchen_cabinet,Stripped Birch Double Kitchen Cabinet,storage/logistics,furniture with storage,,
mcwfurnitures,mcwfurnitures:stripped_birch_double_wardrobe,Stripped Birch Double Wardrobe,storage/logistics,furniture with storage,,
mcwfurnitures,mcwfurnitures:stripped_birch_drawer,Stripped Birch Drawer,storage/logistics,furniture with storage,,
mcwfurnitures,mcwfurnitures:stripped_birch_drawer_counter,Stripped Birch Drawer Counter,storage/logistics,furniture with storage,,
mcwfurnitures,mcwfurnitures:stripped_birch_end_table,Stripped Birch End Table,decoration/building block,Macaw's building block,,
mcwfurnitures,mcwfurnitures:stripped_birch_glass_kitchen_cabinet,Stripped Birch Glass Kitchen Cabinet,storage/logistics,furniture with storage,,
mcwfurnitures,mcwfurnitures:stripped_birch_glass_table,Stripped Birch Glass Table,decoration/building block,Macaw's building block,,
mcwfurnitures,mcwfurnitures:stripped_birch_kitchen_cabinet,Stripped Birch Kitchen Cabinet,storage/logistics,furniture with storage,,
mcwfurnitures,mcwfurnitures:stripped_birch_kitchen_sink,Stripped Birch Kitchen Sink,storage/logistics,furniture with storage,,
mcwfurnitures,mcwfurnitures:stripped_birch_large_drawer,Stripped Birch Large Drawer,storage/logistics,furniture with storage,,
mcwfurnitures,mcwfurnitures:stripped_birch_lower_bookshelf_drawer,Stripped Birch Lower Bookshelf Drawer,storage/logistics,furniture with storage,,
mcwfurnitures,mcwfurnitures:stripped_birch_lower_triple_drawer,Stripped Birch Lower Triple Drawer,storage/logistics,furniture with storage,,
mcwfurnitures,mcwfurnitures:stripped_birch_modern_chair,Stripped Birch Modern Chair,decoration/building block,Macaw's building block,,
mcwfurnitures,mcwfurnitures:stripped_birch_modern_desk,Stripped Birch Modern Desk,storage/logistics,furniture with storage,,
mcwfurnitures,mcwfurnitures:stripped_birch_modern_wardrobe,Stripped Birch Modern Wardrobe,storage/logistics,furniture with storage,,
mcwfurnitures,mcwfurnitures:stripped_birch_stool_chair,Stripped Birch Stool,decoration/building block,Macaw's building block,,
mcwfurnitures,mcwfurnitures:stripped_birch_striped_chair,Stripped Birch Striped Chair,decoration/building block,Macaw's building block,,
mcwfurnitures,mcwfurnitures:stripped_birch_table,Stripped Birch Table,decoration/building block,Macaw's building block,,
mcwfurnitures,mcwfurnitures:stripped_birch_triple_drawer,Stripped Birch Triple Drawer,storage/logistics,furniture with storage,,
mcwfurnitures,mcwfurnitures:stripped_birch_wardrobe,Stripped Birch Wardrobe,storage/logistics,furniture with storage,,
mcwfurnitures,mcwfurnitures:stripped_cherry_bookshelf,Stripped Cherry Bookshelf,decoration/building block,Macaw's building block,,
mcwfurnitures,mcwfurnitures:stripped_cherry_bookshelf_cupboard,Stripped Cherry Cupboard Bookshelf,storage/logistics,furniture with storage,,
mcwfurnitures,mcwfurnitures:stripped_cherry_bookshelf_drawer,Stripped Cherry Bookshelf Drawer,storage/logistics,furniture with storage,,
mcwfurnitures,mcwfurnitures:stripped_cherry_chair,Stripped Cherry Chair,decoration/building block,Macaw's building block,,
mcwfurnitures,mcwfurnitures:stripped_cherry_coffee_table,Stripped Cherry Coffee Table,decoration/building block,Macaw's building block,,
mcwfurnitures,mcwfurnitures:stripped_cherry_counter,Stripped Cherry Counter,storage/logistics,furniture with storage,,
mcwfurnitures,mcwfurnitures:stripped_cherry_covered_desk,Stripped Cherry Covered Desk,storage/logistics,furniture with storage,,
mcwfurnitures,mcwfurnitures:stripped_cherry_cupboard_counter,Stripped Cherry Cupboard Counter,storage/logistics,furniture with storage,,
mcwfurnitures,mcwfurnitures:stripped_cherry_desk,Stripped Cherry Desk,storage/logistics,furniture with storage,,
mcwfurnitures,mcwfurnitures:stripped_cherry_double_drawer,Stripped Cherry Double Drawer,storage/logistics,furniture with storage,,
mcwfurnitures,mcwfurnitures:stripped_cherry_double_drawer_counter,Stripped Cherry Double Drawer Counter,storage/logistics,furniture with storage,,
mcwfurnitures,mcwfurnitures:stripped_cherry_double_kitchen_cabinet,Stripped Cherry Double Kitchen Cabinet,storage/logistics,furniture with storage,,
mcwfurnitures,mcwfurnitures:stripped_cherry_double_wardrobe,Stripped Cherry Double Wardrobe,storage/logistics,furniture with storage,,
mcwfurnitures,mcwfurnitures:stripped_cherry_drawer,Stripped Cherry Drawer,storage/logistics,furniture with storage,,
mcwfurnitures,mcwfurnitures:stripped_cherry_drawer_counter,Stripped Cherry Drawer Counter,storage/logistics,furniture with storage,,
mcwfurnitures,mcwfurnitures:stripped_cherry_end_table,Stripped Cherry End Table,decoration/building block,Macaw's building block,,
mcwfurnitures,mcwfurnitures:stripped_cherry_glass_kitchen_cabinet,Stripped Cherry Glass Kitchen Cabinet,storage/logistics,furniture with storage,,
mcwfurnitures,mcwfurnitures:stripped_cherry_glass_table,Stripped Cherry Glass Table,decoration/building block,Macaw's building block,,
mcwfurnitures,mcwfurnitures:stripped_cherry_kitchen_cabinet,Stripped Cherry Kitchen Cabinet,storage/logistics,furniture with storage,,
mcwfurnitures,mcwfurnitures:stripped_cherry_kitchen_sink,Stripped Cherry Kitchen Sink,storage/logistics,furniture with storage,,
mcwfurnitures,mcwfurnitures:stripped_cherry_large_drawer,Stripped Cherry Large Drawer,storage/logistics,furniture with storage,,
mcwfurnitures,mcwfurnitures:stripped_cherry_lower_bookshelf_drawer,Stripped Cherry Lower Bookshelf Drawer,storage/logistics,furniture with storage,,
mcwfurnitures,mcwfurnitures:stripped_cherry_lower_triple_drawer,Stripped Cherry Lower Triple Drawer,storage/logistics,furniture with storage,,
mcwfurnitures,mcwfurnitures:stripped_cherry_modern_chair,Stripped Cherry Modern Chair,decoration/building block,Macaw's building block,,
mcwfurnitures,mcwfurnitures:stripped_cherry_modern_desk,Stripped Cherry Modern Desk,storage/logistics,furniture with storage,,
mcwfurnitures,mcwfurnitures:stripped_cherry_modern_wardrobe,Stripped Cherry Modern Wardrobe,storage/logistics,furniture with storage,,
mcwfurnitures,mcwfurnitures:stripped_cherry_stool_chair,Stripped Cherry Stool,decoration/building block,Macaw's building block,,
mcwfurnitures,mcwfurnitures:stripped_cherry_striped_chair,Stripped Cherry Striped Chair,decoration/building block,Macaw's building block,,
mcwfurnitures,mcwfurnitures:stripped_cherry_table,Stripped Cherry Table,decoration/building block,Macaw's building block,,
mcwfurnitures,mcwfurnitures:stripped_cherry_triple_drawer,Stripped Cherry Triple Drawer,storage/logistics,furniture with storage,,
mcwfurnitures,mcwfurnitures:stripped_cherry_wardrobe,Stripped Cherry Wardrobe,storage/logistics,furniture with storage,,
mcwfurnitures,mcwfurnitures:stripped_crimson_bookshelf,Stripped Crimson Bookshelf,decoration/building block,Macaw's building block,,
mcwfurnitures,mcwfurnitures:stripped_crimson_bookshelf_cupboard,Stripped Crimson Cupboard Bookshelf,storage/logistics,furniture with storage,,
mcwfurnitures,mcwfurnitures:stripped_crimson_bookshelf_drawer,Stripped Crimson Bookshelf Drawer,storage/logistics,furniture with storage,,
mcwfurnitures,mcwfurnitures:stripped_crimson_chair,Stripped Crimson Chair,decoration/building block,Macaw's building block,,
mcwfurnitures,mcwfurnitures:stripped_crimson_coffee_table,Stripped Crimson Coffee Table,decoration/building block,Macaw's building block,,
mcwfurnitures,mcwfurnitures:stripped_crimson_counter,Stripped Crimson Counter,storage/logistics,furniture with storage,,
mcwfurnitures,mcwfurnitures:stripped_crimson_covered_desk,Stripped Crimson Covered Desk,storage/logistics,furniture with storage,,
mcwfurnitures,mcwfurnitures:stripped_crimson_cupboard_counter,Stripped Crimson Cupboard Counter,storage/logistics,furniture with storage,,
mcwfurnitures,mcwfurnitures:stripped_crimson_desk,Stripped Crimson Desk,storage/logistics,furniture with storage,,
mcwfurnitures,mcwfurnitures:stripped_crimson_double_drawer,Stripped Crimson Double Drawer,storage/logistics,furniture with storage,,
mcwfurnitures,mcwfurnitures:stripped_crimson_double_drawer_counter,Stripped Crimson Double Drawer Counter,storage/logistics,furniture with storage,,
mcwfurnitures,mcwfurnitures:stripped_crimson_double_kitchen_cabinet,Stripped Crimson Double Kitchen Cabinet,storage/logistics,furniture with storage,,
mcwfurnitures,mcwfurnitures:stripped_crimson_double_wardrobe,Stripped Crimson Double Wardrobe,storage/logistics,furniture with storage,,
mcwfurnitures,mcwfurnitures:stripped_crimson_drawer,Stripped Crimson Drawer,storage/logistics,furniture with storage,,
mcwfurnitures,mcwfurnitures:stripped_crimson_drawer_counter,Stripped Crimson Drawer Counter,storage/logistics,furniture with storage,,
mcwfurnitures,mcwfurnitures:stripped_crimson_end_table,Stripped Crimson End Table,decoration/building block,Macaw's building block,,
mcwfurnitures,mcwfurnitures:stripped_crimson_glass_kitchen_cabinet,Stripped Crimson Glass Kitchen Cabinet,storage/logistics,furniture with storage,,
mcwfurnitures,mcwfurnitures:stripped_crimson_glass_table,Stripped Crimson Glass Table,decoration/building block,Macaw's building block,,
mcwfurnitures,mcwfurnitures:stripped_crimson_kitchen_cabinet,Stripped Crimson Kitchen Cabinet,storage/logistics,furniture with storage,,
mcwfurnitures,mcwfurnitures:stripped_crimson_kitchen_sink,Stripped Crimson Kitchen Sink,storage/logistics,furniture with storage,,
mcwfurnitures,mcwfurnitures:stripped_crimson_large_drawer,Stripped Crimson Large Drawer,storage/logistics,furniture with storage,,
mcwfurnitures,mcwfurnitures:stripped_crimson_lower_bookshelf_drawer,Stripped Crimson Lower Bookshelf Drawer,storage/logistics,furniture with storage,,
mcwfurnitures,mcwfurnitures:stripped_crimson_lower_triple_drawer,Stripped Crimson Lower Triple Drawer,storage/logistics,furniture with storage,,
mcwfurnitures,mcwfurnitures:stripped_crimson_modern_chair,Stripped Crimson Modern Chair,decoration/building block,Macaw's building block,,
mcwfurnitures,mcwfurnitures:stripped_crimson_modern_desk,Stripped Crimson Modern Desk,storage/logistics,furniture with storage,,
mcwfurnitures,mcwfurnitures:stripped_crimson_modern_wardrobe,Stripped Crimson Modern Wardrobe,storage/logistics,furniture with storage,,
mcwfurnitures,mcwfurnitures:stripped_crimson_stool_chair,Stripped Crimson Stool,decoration/building block,Macaw's building block,,
mcwfurnitures,mcwfurnitures:stripped_crimson_striped_chair,Stripped Crimson Striped Chair,decoration/building block,Macaw's building block,,
mcwfurnitures,mcwfurnitures:stripped_crimson_table,Stripped Crimson Table,decoration/building block,Macaw's building block,,
mcwfurnitures,mcwfurnitures:stripped_crimson_triple_drawer,Stripped Crimson Triple Drawer,storage/logistics,furniture with storage,,
mcwfurnitures,mcwfurnitures:stripped_crimson_wardrobe,Stripped Crimson Wardrobe,storage/logistics,furniture with storage,,
mcwfurnitures,mcwfurnitures:stripped_dark_oak_bookshelf,Stripped Dark Oak Bookshelf,decoration/building block,Macaw's building block,,
mcwfurnitures,mcwfurnitures:stripped_dark_oak_bookshelf_cupboard,Stripped Dark Oak Cupboard Bookshelf,storage/logistics,furniture with storage,,
mcwfurnitures,mcwfurnitures:stripped_dark_oak_bookshelf_drawer,Stripped Dark Oak Bookshelf Drawer,storage/logistics,furniture with storage,,
mcwfurnitures,mcwfurnitures:stripped_dark_oak_chair,Stripped Dark Oak Chair,decoration/building block,Macaw's building block,,
mcwfurnitures,mcwfurnitures:stripped_dark_oak_coffee_table,Stripped Dark Oak Coffee Table,decoration/building block,Macaw's building block,,
mcwfurnitures,mcwfurnitures:stripped_dark_oak_counter,Stripped Dark Oak Counter,storage/logistics,furniture with storage,,
mcwfurnitures,mcwfurnitures:stripped_dark_oak_covered_desk,Stripped Dark Oak Covered Desk,storage/logistics,furniture with storage,,
mcwfurnitures,mcwfurnitures:stripped_dark_oak_cupboard_counter,Stripped Dark Oak Cupboard Counter,storage/logistics,furniture with storage,,
mcwfurnitures,mcwfurnitures:stripped_dark_oak_desk,Stripped Dark Oak Desk,storage/logistics,furniture with storage,,
mcwfurnitures,mcwfurnitures:stripped_dark_oak_double_drawer,Stripped Dark Oak Double Drawer,storage/logistics,furniture with storage,,
mcwfurnitures,mcwfurnitures:stripped_dark_oak_double_drawer_counter,Stripped Dark Oak Double Drawer Counter,storage/logistics,furniture with storage,,
mcwfurnitures,mcwfurnitures:stripped_dark_oak_double_kitchen_cabinet,Stripped Dark Oak Double Kitchen Cabinet,storage/logistics,furniture with storage,,
mcwfurnitures,mcwfurnitures:stripped_dark_oak_double_wardrobe,Stripped Dark Oak Double Wardrobe,storage/logistics,furniture with storage,,
mcwfurnitures,mcwfurnitures:stripped_dark_oak_drawer,Stripped Dark Oak Drawer,storage/logistics,furniture with storage,,
mcwfurnitures,mcwfurnitures:stripped_dark_oak_drawer_counter,Stripped Dark Oak Drawer Counter,storage/logistics,furniture with storage,,
mcwfurnitures,mcwfurnitures:stripped_dark_oak_end_table,Stripped Dark Oak End Table,decoration/building block,Macaw's building block,,
mcwfurnitures,mcwfurnitures:stripped_dark_oak_glass_kitchen_cabinet,Stripped Dark Oak Glass Kitchen Cabinet,storage/logistics,furniture with storage,,
mcwfurnitures,mcwfurnitures:stripped_dark_oak_glass_table,Stripped Dark Oak Glass Table,decoration/building block,Macaw's building block,,
mcwfurnitures,mcwfurnitures:stripped_dark_oak_kitchen_cabinet,Stripped Dark Oak Kitchen Cabinet,storage/logistics,furniture with storage,,
mcwfurnitures,mcwfurnitures:stripped_dark_oak_kitchen_sink,Stripped Dark Oak Kitchen Sink,storage/logistics,furniture with storage,,
mcwfurnitures,mcwfurnitures:stripped_dark_oak_large_drawer,Stripped Dark Oak Large Drawer,storage/logistics,furniture with storage,,
mcwfurnitures,mcwfurnitures:stripped_dark_oak_lower_bookshelf_drawer,Stripped Dark Oak Lower Bookshelf Drawer,storage/logistics,furniture with storage,,
mcwfurnitures,mcwfurnitures:stripped_dark_oak_lower_triple_drawer,Stripped Dark Oak Lower Triple Drawer,storage/logistics,furniture with storage,,
mcwfurnitures,mcwfurnitures:stripped_dark_oak_modern_chair,Stripped Dark Oak Modern Chair,decoration/building block,Macaw's building block,,
mcwfurnitures,mcwfurnitures:stripped_dark_oak_modern_desk,Stripped Dark Oak Modern Desk,storage/logistics,furniture with storage,,
mcwfurnitures,mcwfurnitures:stripped_dark_oak_modern_wardrobe,Stripped Dark Oak Modern Wardrobe,storage/logistics,furniture with storage,,
mcwfurnitures,mcwfurnitures:stripped_dark_oak_stool_chair,Stripped Dark Oak Stool,decoration/building block,Macaw's building block,,
mcwfurnitures,mcwfurnitures:stripped_dark_oak_striped_chair,Stripped Dark Oak Striped Chair,decoration/building block,Macaw's building block,,
mcwfurnitures,mcwfurnitures:stripped_dark_oak_table,Stripped Dark Oak Table,decoration/building block,Macaw's building block,,
mcwfurnitures,mcwfurnitures:stripped_dark_oak_triple_drawer,Stripped Dark Oak Triple Drawer,storage/logistics,furniture with storage,,
mcwfurnitures,mcwfurnitures:stripped_dark_oak_wardrobe,Stripped Dark Oak Wardrobe,storage/logistics,furniture with storage,,
mcwfurnitures,mcwfurnitures:stripped_jungle_bookshelf,Stripped Jungle Bookshelf,decoration/building block,Macaw's building block,,
mcwfurnitures,mcwfurnitures:stripped_jungle_bookshelf_cupboard,Stripped Jungle Cupboard Bookshelf,storage/logistics,furniture with storage,,
mcwfurnitures,mcwfurnitures:stripped_jungle_bookshelf_drawer,Stripped Jungle Bookshelf Drawer,storage/logistics,furniture with storage,,
mcwfurnitures,mcwfurnitures:stripped_jungle_chair,Stripped Jungle Chair,decoration/building block,Macaw's building block,,
mcwfurnitures,mcwfurnitures:stripped_jungle_coffee_table,Stripped Jungle Coffee Table,decoration/building block,Macaw's building block,,
mcwfurnitures,mcwfurnitures:stripped_jungle_counter,Stripped Jungle Counter,storage/logistics,furniture with storage,,
mcwfurnitures,mcwfurnitures:stripped_jungle_covered_desk,Stripped Jungle Covered Desk,storage/logistics,furniture with storage,,
mcwfurnitures,mcwfurnitures:stripped_jungle_cupboard_counter,Stripped Jungle Cupboard Counter,storage/logistics,furniture with storage,,
mcwfurnitures,mcwfurnitures:stripped_jungle_desk,Stripped Jungle Desk,storage/logistics,furniture with storage,,
mcwfurnitures,mcwfurnitures:stripped_jungle_double_drawer,Stripped Jungle Double Drawer,storage/logistics,furniture with storage,,
mcwfurnitures,mcwfurnitures:stripped_jungle_double_drawer_counter,Stripped Jungle Double Drawer Counter,storage/logistics,furniture with storage,,
mcwfurnitures,mcwfurnitures:stripped_jungle_double_kitchen_cabinet,Stripped Jungle Double Kitchen Cabinet,storage/logistics,furniture with storage,,
mcwfurnitures,mcwfurnitures:stripped_jungle_double_wardrobe,Stripped Jungle Double Wardrobe,storage/logistics,furniture with storage,,
mcwfurnitures,mcwfurnitures:stripped_jungle_drawer,Stripped Jungle Drawer,storage/logistics,furniture with storage,,
mcwfurnitures,mcwfurnitures:stripped_jungle_drawer_counter,Stripped Jungle Drawer Counter,storage/logistics,furniture with storage,,
mcwfurnitures,mcwfurnitures:stripped_jungle_end_table,Stripped Jungle End Table,decoration/building block,Macaw's building block,,
mcwfurnitures,mcwfurnitures:stripped_jungle_glass_kitchen_cabinet,Stripped Jungle Glass Kitchen Cabinet,storage/logistics,furniture with storage,,
mcwfurnitures,mcwfurnitures:stripped_jungle_glass_table,Stripped Jungle Glass Table,decoration/building block,Macaw's building block,,
mcwfurnitures,mcwfurnitures:stripped_jungle_kitchen_cabinet,Stripped Jungle Kitchen Cabinet,storage/logistics,furniture with storage,,
mcwfurnitures,mcwfurnitures:stripped_jungle_kitchen_sink,Stripped Jungle Kitchen Sink,storage/logistics,furniture with storage,,
mcwfurnitures,mcwfurnitures:stripped_jungle_large_drawer,Stripped Jungle Large Drawer,storage/logistics,furniture with storage,,
mcwfurnitures,mcwfurnitures:stripped_jungle_lower_bookshelf_drawer,Stripped Jungle Lower Bookshelf Drawer,storage/logistics,furniture with storage,,
mcwfurnitures,mcwfurnitures:stripped_jungle_lower_triple_drawer,Stripped Jungle Lower Triple Drawer,storage/logistics,furniture with storage,,
mcwfurnitures,mcwfurnitures:stripped_jungle_modern_chair,Stripped Jungle Modern Chair,decoration/building block,Macaw's building block,,
mcwfurnitures,mcwfurnitures:stripped_jungle_modern_desk,Stripped Jungle Modern Desk,storage/logistics,furniture with storage,,
mcwfurnitures,mcwfurnitures:stripped_jungle_modern_wardrobe,Stripped Jungle Modern Wardrobe,storage/logistics,furniture with storage,,
mcwfurnitures,mcwfurnitures:stripped_jungle_stool_chair,Stripped Jungle Stool,decoration/building block,Macaw's building block,,
mcwfurnitures,mcwfurnitures:stripped_jungle_striped_chair,Stripped Jungle Striped Chair,decoration/building block,Macaw's building block,,
mcwfurnitures,mcwfurnitures:stripped_jungle_table,Stripped Jungle Table,decoration/building block,Macaw's building block,,
mcwfurnitures,mcwfurnitures:stripped_jungle_triple_drawer,Stripped Jungle Triple Drawer,storage/logistics,furniture with storage,,
mcwfurnitures,mcwfurnitures:stripped_jungle_wardrobe,Stripped Jungle Wardrobe,storage/logistics,furniture with storage,,
mcwfurnitures,mcwfurnitures:stripped_mangrove_bookshelf,Stripped Mangrove Bookshelf,decoration/building block,Macaw's building block,,
mcwfurnitures,mcwfurnitures:stripped_mangrove_bookshelf_cupboard,Stripped Mangrove Cupboard Bookshelf,storage/logistics,furniture with storage,,
mcwfurnitures,mcwfurnitures:stripped_mangrove_bookshelf_drawer,Stripped Mangrove Bookshelf Drawer,storage/logistics,furniture with storage,,
mcwfurnitures,mcwfurnitures:stripped_mangrove_chair,Stripped Mangrove Chair,decoration/building block,Macaw's building block,,
mcwfurnitures,mcwfurnitures:stripped_mangrove_coffee_table,Stripped Mangrove Coffee Table,decoration/building block,Macaw's building block,,
mcwfurnitures,mcwfurnitures:stripped_mangrove_counter,Stripped Mangrove Counter,storage/logistics,furniture with storage,,
mcwfurnitures,mcwfurnitures:stripped_mangrove_covered_desk,Stripped Mangrove Covered Desk,storage/logistics,furniture with storage,,
mcwfurnitures,mcwfurnitures:stripped_mangrove_cupboard_counter,Stripped Mangrove Cupboard Counter,storage/logistics,furniture with storage,,
mcwfurnitures,mcwfurnitures:stripped_mangrove_desk,Stripped Mangrove Desk,storage/logistics,furniture with storage,,
mcwfurnitures,mcwfurnitures:stripped_mangrove_double_drawer,Stripped Mangrove Double Drawer,storage/logistics,furniture with storage,,
mcwfurnitures,mcwfurnitures:stripped_mangrove_double_drawer_counter,Stripped Mangrove Double Drawer Counter,storage/logistics,furniture with storage,,
mcwfurnitures,mcwfurnitures:stripped_mangrove_double_kitchen_cabinet,Stripped Mangrove Double Kitchen Cabinet,storage/logistics,furniture with storage,,
mcwfurnitures,mcwfurnitures:stripped_mangrove_double_wardrobe,Stripped Mangrove Double Wardrobe,storage/logistics,furniture with storage,,
mcwfurnitures,mcwfurnitures:stripped_mangrove_drawer,Stripped Mangrove Drawer,storage/logistics,furniture with storage,,
mcwfurnitures,mcwfurnitures:stripped_mangrove_drawer_counter,Stripped Mangrove Drawer Counter,storage/logistics,furniture with storage,,
mcwfurnitures,mcwfurnitures:stripped_mangrove_end_table,Stripped Mangrove End Table,decoration/building block,Macaw's building block,,
mcwfurnitures,mcwfurnitures:stripped_mangrove_glass_kitchen_cabinet,Stripped Mangrove Glass Kitchen Cabinet,storage/logistics,furniture with storage,,
mcwfurnitures,mcwfurnitures:stripped_mangrove_glass_table,Stripped Mangrove Glass Table,decoration/building block,Macaw's building block,,
mcwfurnitures,mcwfurnitures:stripped_mangrove_kitchen_cabinet,Stripped Mangrove Kitchen Cabinet,storage/logistics,furniture with storage,,
mcwfurnitures,mcwfurnitures:stripped_mangrove_kitchen_sink,Stripped Mangrove Kitchen Sink,storage/logistics,furniture with storage,,
mcwfurnitures,mcwfurnitures:stripped_mangrove_large_drawer,Stripped Mangrove Large Drawer,storage/logistics,furniture with storage,,
mcwfurnitures,mcwfurnitures:stripped_mangrove_lower_bookshelf_drawer,Stripped Mangrove Lower Bookshelf Drawer,storage/logistics,furniture with storage,,
mcwfurnitures,mcwfurnitures:stripped_mangrove_lower_triple_drawer,Stripped Mangrove Lower Triple Drawer,storage/logistics,furniture with storage,,
mcwfurnitures,mcwfurnitures:stripped_mangrove_modern_chair,Stripped Mangrove Modern Chair,decoration/building block,Macaw's building block,,
mcwfurnitures,mcwfurnitures:stripped_mangrove_modern_desk,Stripped Mangrove Modern Desk,storage/logistics,furniture with storage,,
mcwfurnitures,mcwfurnitures:stripped_mangrove_modern_wardrobe,Stripped Mangrove Modern Wardrobe,storage/logistics,furniture with storage,,
mcwfurnitures,mcwfurnitures:stripped_mangrove_stool_chair,Stripped Mangrove Stool,decoration/building block,Macaw's building block,,
mcwfurnitures,mcwfurnitures:stripped_mangrove_striped_chair,Stripped Mangrove Striped Chair,decoration/building block,Macaw's building block,,
mcwfurnitures,mcwfurnitures:stripped_mangrove_table,Stripped Mangrove Table,decoration/building block,Macaw's building block,,
mcwfurnitures,mcwfurnitures:stripped_mangrove_triple_drawer,Stripped Mangrove Triple Drawer,storage/logistics,furniture with storage,,
mcwfurnitures,mcwfurnitures:stripped_mangrove_wardrobe,Stripped Mangrove Wardrobe,storage/logistics,furniture with storage,,
mcwfurnitures,mcwfurnitures:stripped_oak_bookshelf,Stripped Oak Bookshelf,decoration/building block,Macaw's building block,,
mcwfurnitures,mcwfurnitures:stripped_oak_bookshelf_cupboard,Stripped Oak Cupboard Bookshelf,storage/logistics,furniture with storage,,
mcwfurnitures,mcwfurnitures:stripped_oak_bookshelf_drawer,Stripped Oak Bookshelf Drawer,storage/logistics,furniture with storage,,
mcwfurnitures,mcwfurnitures:stripped_oak_chair,Stripped Oak Chair,decoration/building block,Macaw's building block,,
mcwfurnitures,mcwfurnitures:stripped_oak_coffee_table,Stripped Oak Coffee Table,decoration/building block,Macaw's building block,,
mcwfurnitures,mcwfurnitures:stripped_oak_counter,Stripped Oak Counter,storage/logistics,furniture with storage,,
mcwfurnitures,mcwfurnitures:stripped_oak_covered_desk,Stripped Oak Covered Desk,storage/logistics,furniture with storage,,
mcwfurnitures,mcwfurnitures:stripped_oak_cupboard_counter,Stripped Oak Cupboard Counter,storage/logistics,furniture with storage,,
mcwfurnitures,mcwfurnitures:stripped_oak_desk,Stripped Oak Desk,storage/logistics,furniture with storage,,
mcwfurnitures,mcwfurnitures:stripped_oak_double_drawer,Stripped Oak Double Drawer,storage/logistics,furniture with storage,,
mcwfurnitures,mcwfurnitures:stripped_oak_double_drawer_counter,Stripped Oak Double Drawer Counter,storage/logistics,furniture with storage,,
mcwfurnitures,mcwfurnitures:stripped_oak_double_kitchen_cabinet,Stripped Oak Double Kitchen Cabinet,storage/logistics,furniture with storage,,
mcwfurnitures,mcwfurnitures:stripped_oak_double_wardrobe,Stripped Oak Double Wardrobe,storage/logistics,furniture with storage,,
mcwfurnitures,mcwfurnitures:stripped_oak_drawer,Stripped Oak Drawer,storage/logistics,furniture with storage,,
mcwfurnitures,mcwfurnitures:stripped_oak_drawer_counter,Stripped Oak Drawer Counter,storage/logistics,furniture with storage,,
mcwfurnitures,mcwfurnitures:stripped_oak_end_table,Stripped Oak End Table,decoration/building block,Macaw's building block,,
mcwfurnitures,mcwfurnitures:stripped_oak_glass_kitchen_cabinet,Stripped Oak Glass Kitchen Cabinet,storage/logistics,furniture with storage,,
mcwfurnitures,mcwfurnitures:stripped_oak_glass_table,Stripped Oak Glass Table,decoration/building block,Macaw's building block,,
mcwfurnitures,mcwfurnitures:stripped_oak_kitchen_cabinet,Stripped Oak Kitchen Cabinet,storage/logistics,furniture with storage,,
mcwfurnitures,mcwfurnitures:stripped_oak_kitchen_sink,Stripped Oak Kitchen Sink,storage/logistics,furniture with storage,,
mcwfurnitures,mcwfurnitures:stripped_oak_large_drawer,Stripped Oak Large Drawer,storage/logistics,furniture with storage,,
mcwfurnitures,mcwfurnitures:stripped_oak_lower_bookshelf_drawer,Stripped Oak Lower Bookshelf Drawer,storage/logistics,furniture with storage,,
mcwfurnitures,mcwfurnitures:stripped_oak_lower_triple_drawer,Stripped Oak Lower Triple Drawer,storage/logistics,furniture with storage,,
mcwfurnitures,mcwfurnitures:stripped_oak_modern_chair,Stripped Oak Modern Chair,decoration/building block,Macaw's building block,,
mcwfurnitures,mcwfurnitures:stripped_oak_modern_desk,Stripped Oak Modern Desk,storage/logistics,furniture with storage,,
mcwfurnitures,mcwfurnitures:stripped_oak_modern_wardrobe,Stripped Oak Modern Wardrobe,storage/logistics,furniture with storage,,
mcwfurnitures,mcwfurnitures:stripped_oak_stool_chair,Stripped Oak Stool,decoration/building block,Macaw's building block,,
mcwfurnitures,mcwfurnitures:stripped_oak_striped_chair,Stripped Oak Striped Chair,decoration/building block,Macaw's building block,,
mcwfurnitures,mcwfurnitures:stripped_oak_table,Stripped Oak Table,decoration/building block,Macaw's building block,,
mcwfurnitures,mcwfurnitures:stripped_oak_triple_drawer,Stripped Oak Triple Drawer,storage/logistics,furniture with storage,,
mcwfurnitures,mcwfurnitures:stripped_oak_wardrobe,Stripped Oak Wardrobe,storage/logistics,furniture with storage,,
mcwfurnitures,mcwfurnitures:stripped_spruce_bookshelf,Stripped Spruce Bookshelf,decoration/building block,Macaw's building block,,
mcwfurnitures,mcwfurnitures:stripped_spruce_bookshelf_cupboard,Stripped Spruce Cupboard Bookshelf,storage/logistics,furniture with storage,,
mcwfurnitures,mcwfurnitures:stripped_spruce_bookshelf_drawer,Stripped Spruce Bookshelf Drawer,storage/logistics,furniture with storage,,
mcwfurnitures,mcwfurnitures:stripped_spruce_chair,Stripped Spruce Chair,decoration/building block,Macaw's building block,,
mcwfurnitures,mcwfurnitures:stripped_spruce_coffee_table,Stripped Spruce Coffee Table,decoration/building block,Macaw's building block,,
mcwfurnitures,mcwfurnitures:stripped_spruce_counter,Stripped Spruce Counter,storage/logistics,furniture with storage,,
mcwfurnitures,mcwfurnitures:stripped_spruce_covered_desk,Stripped Spruce Covered Desk,storage/logistics,furniture with storage,,
mcwfurnitures,mcwfurnitures:stripped_spruce_cupboard_counter,Stripped Spruce Cupboard Counter,storage/logistics,furniture with storage,,
mcwfurnitures,mcwfurnitures:stripped_spruce_desk,Stripped Spruce Desk,storage/logistics,furniture with storage,,
mcwfurnitures,mcwfurnitures:stripped_spruce_double_drawer,Stripped Spruce Double Drawer,storage/logistics,furniture with storage,,
mcwfurnitures,mcwfurnitures:stripped_spruce_double_drawer_counter,Stripped Spruce Double Drawer Counter,storage/logistics,furniture with storage,,
mcwfurnitures,mcwfurnitures:stripped_spruce_double_kitchen_cabinet,Stripped Spruce Double Kitchen Cabinet,storage/logistics,furniture with storage,,
mcwfurnitures,mcwfurnitures:stripped_spruce_double_wardrobe,Stripped Spruce Double Wardrobe,storage/logistics,furniture with storage,,
mcwfurnitures,mcwfurnitures:stripped_spruce_drawer,Stripped Spruce Drawer,storage/logistics,furniture with storage,,
mcwfurnitures,mcwfurnitures:stripped_spruce_drawer_counter,Stripped Spruce Drawer Counter,storage/logistics,furniture with storage,,
mcwfurnitures,mcwfurnitures:stripped_spruce_end_table,Stripped Spruce End Table,decoration/building block,Macaw's building block,,
mcwfurnitures,mcwfurnitures:stripped_spruce_glass_kitchen_cabinet,Stripped Spruce Glass Kitchen Cabinet,storage/logistics,furniture with storage,,
mcwfurnitures,mcwfurnitures:stripped_spruce_glass_table,Stripped Spruce Glass Table,decoration/building block,Macaw's building block,,
mcwfurnitures,mcwfurnitures:stripped_spruce_kitchen_cabinet,Stripped Spruce Kitchen Cabinet,storage/logistics,furniture with storage,,
mcwfurnitures,mcwfurnitures:stripped_spruce_kitchen_sink,Stripped Spruce Kitchen Sink,storage/logistics,furniture with storage,,
mcwfurnitures,mcwfurnitures:stripped_spruce_large_drawer,Stripped Spruce Large Drawer,storage/logistics,furniture with storage,,
mcwfurnitures,mcwfurnitures:stripped_spruce_lower_bookshelf_drawer,Stripped Spruce Lower Bookshelf Drawer,storage/logistics,furniture with storage,,
mcwfurnitures,mcwfurnitures:stripped_spruce_lower_triple_drawer,Stripped Spruce Lower Triple Drawer,storage/logistics,furniture with storage,,
mcwfurnitures,mcwfurnitures:stripped_spruce_modern_chair,Stripped Spruce Modern Chair,decoration/building block,Macaw's building block,,
mcwfurnitures,mcwfurnitures:stripped_spruce_modern_desk,Stripped Spruce Modern Desk,storage/logistics,furniture with storage,,
mcwfurnitures,mcwfurnitures:stripped_spruce_modern_wardrobe,Stripped Spruce Modern Wardrobe,storage/logistics,furniture with storage,,
mcwfurnitures,mcwfurnitures:stripped_spruce_stool_chair,Stripped Spruce Stool,decoration/building block,Macaw's building block,,
mcwfurnitures,mcwfurnitures:stripped_spruce_striped_chair,Stripped Spruce Striped Chair,decoration/building block,Macaw's building block,,
mcwfurnitures,mcwfurnitures:stripped_spruce_table,Stripped Spruce Table,decoration/building block,Macaw's building block,,
mcwfurnitures,mcwfurnitures:stripped_spruce_triple_drawer,Stripped Spruce Triple Drawer,storage/logistics,furniture with storage,,
mcwfurnitures,mcwfurnitures:stripped_spruce_wardrobe,Stripped Spruce Wardrobe,storage/logistics,furniture with storage,,
mcwfurnitures,mcwfurnitures:stripped_warped_bookshelf,Stripped Warped Bookshelf,decoration/building block,Macaw's building block,,
mcwfurnitures,mcwfurnitures:stripped_warped_bookshelf_cupboard,Stripped Warped Cupboard Bookshelf,storage/logistics,furniture with storage,,
mcwfurnitures,mcwfurnitures:stripped_warped_bookshelf_drawer,Stripped Warped Bookshelf Drawer,storage/logistics,furniture with storage,,
mcwfurnitures,mcwfurnitures:stripped_warped_chair,Stripped Warped Chair,decoration/building block,Macaw's building block,,
mcwfurnitures,mcwfurnitures:stripped_warped_coffee_table,Stripped Warped Coffee Table,decoration/building block,Macaw's building block,,
mcwfurnitures,mcwfurnitures:stripped_warped_counter,Stripped Warped Counter,storage/logistics,furniture with storage,,
mcwfurnitures,mcwfurnitures:stripped_warped_covered_desk,Stripped Warped Covered Desk,storage/logistics,furniture with storage,,
mcwfurnitures,mcwfurnitures:stripped_warped_cupboard_counter,Stripped Warped Cupboard Counter,storage/logistics,furniture with storage,,
mcwfurnitures,mcwfurnitures:stripped_warped_desk,Stripped Warped Desk,storage/logistics,furniture with storage,,
mcwfurnitures,mcwfurnitures:stripped_warped_double_drawer,Stripped Warped Double Drawer,storage/logistics,furniture with storage,,
mcwfurnitures,mcwfurnitures:stripped_warped_double_drawer_counter,Stripped Warped Double Drawer Counter,storage/logistics,furniture with storage,,
mcwfurnitures,mcwfurnitures:stripped_warped_double_kitchen_cabinet,Stripped Warped Double Kitchen Cabinet,storage/logistics,furniture with storage,,
mcwfurnitures,mcwfurnitures:stripped_warped_double_wardrobe,Stripped Warped Double Wardrobe,storage/logistics,furniture with storage,,
mcwfurnitures,mcwfurnitures:stripped_warped_drawer,Stripped Warped Drawer,storage/logistics,furniture with storage,,
mcwfurnitures,mcwfurnitures:stripped_warped_drawer_counter,Stripped Warped Drawer Counter,storage/logistics,furniture with storage,,
mcwfurnitures,mcwfurnitures:stripped_warped_end_table,Stripped Warped End Table,decoration/building block,Macaw's building block,,
mcwfurnitures,mcwfurnitures:stripped_warped_glass_kitchen_cabinet,Stripped Warped Glass Kitchen Cabinet,storage/logistics,furniture with storage,,
mcwfurnitures,mcwfurnitures:stripped_warped_glass_table,Stripped Warped Glass Table,decoration/building block,Macaw's building block,,
mcwfurnitures,mcwfurnitures:stripped_warped_kitchen_cabinet,Stripped Warped Kitchen Cabinet,storage/logistics,furniture with storage,,
mcwfurnitures,mcwfurnitures:stripped_warped_kitchen_sink,Stripped Warped Kitchen Sink,storage/logistics,furniture with storage,,
mcwfurnitures,mcwfurnitures:stripped_warped_large_drawer,Stripped Warped Large Drawer,storage/logistics,furniture with storage,,
mcwfurnitures,mcwfurnitures:stripped_warped_lower_bookshelf_drawer,Stripped Warped Lower Bookshelf Drawer,storage/logistics,furniture with storage,,
mcwfurnitures,mcwfurnitures:stripped_warped_lower_triple_drawer,Stripped Warped Lower Triple Drawer,storage/logistics,furniture with storage,,
mcwfurnitures,mcwfurnitures:stripped_warped_modern_chair,Stripped Warped Modern Chair,decoration/building block,Macaw's building block,,
mcwfurnitures,mcwfurnitures:stripped_warped_modern_desk,Stripped Warped Modern Desk,storage/logistics,furniture with storage,,
mcwfurnitures,mcwfurnitures:stripped_warped_modern_wardrobe,Stripped Warped Modern Wardrobe,storage/logistics,furniture with storage,,
mcwfurnitures,mcwfurnitures:stripped_warped_stool_chair,Stripped Warped Stool,decoration/building block,Macaw's building block,,
mcwfurnitures,mcwfurnitures:stripped_warped_striped_chair,Stripped Warped Striped Chair,decoration/building block,Macaw's building block,,
mcwfurnitures,mcwfurnitures:stripped_warped_table,Stripped Warped Table,decoration/building block,Macaw's building block,,
mcwfurnitures,mcwfurnitures:stripped_warped_triple_drawer,Stripped Warped Triple Drawer,storage/logistics,furniture with storage,,
mcwfurnitures,mcwfurnitures:stripped_warped_wardrobe,Stripped Warped Wardrobe,storage/logistics,furniture with storage,,
mcwfurnitures,mcwfurnitures:warped_bookshelf,Warped Bookshelf,decoration/building block,Macaw's building block,,
mcwfurnitures,mcwfurnitures:warped_bookshelf_cupboard,Warped Cupboard Bookshelf,storage/logistics,furniture with storage,,
mcwfurnitures,mcwfurnitures:warped_bookshelf_drawer,Warped Bookshelf Drawer,storage/logistics,furniture with storage,,
mcwfurnitures,mcwfurnitures:warped_chair,Warped Chair,decoration/building block,Macaw's building block,,
mcwfurnitures,mcwfurnitures:warped_coffee_table,Warped Coffee Table,decoration/building block,Macaw's building block,,
mcwfurnitures,mcwfurnitures:warped_counter,Warped Counter,storage/logistics,furniture with storage,,
mcwfurnitures,mcwfurnitures:warped_covered_desk,Warped Covered Desk,storage/logistics,furniture with storage,,
mcwfurnitures,mcwfurnitures:warped_cupboard_counter,Warped Cupboard Counter,storage/logistics,furniture with storage,,
mcwfurnitures,mcwfurnitures:warped_desk,Warped Desk,storage/logistics,furniture with storage,,
mcwfurnitures,mcwfurnitures:warped_double_drawer,Warped Double Drawer,storage/logistics,furniture with storage,,
mcwfurnitures,mcwfurnitures:warped_double_drawer_counter,Warped Double Drawer Counter,storage/logistics,furniture with storage,,
mcwfurnitures,mcwfurnitures:warped_double_kitchen_cabinet,Warped Double Kitchen Cabinet,storage/logistics,furniture with storage,,
mcwfurnitures,mcwfurnitures:warped_double_wardrobe,Warped Double Wardrobe,storage/logistics,furniture with storage,,
mcwfurnitures,mcwfurnitures:warped_drawer,Warped Drawer,storage/logistics,furniture with storage,,
mcwfurnitures,mcwfurnitures:warped_drawer_counter,Warped Drawer Counter,storage/logistics,furniture with storage,,
mcwfurnitures,mcwfurnitures:warped_end_table,Warped End Table,decoration/building block,Macaw's building block,,
mcwfurnitures,mcwfurnitures:warped_glass_kitchen_cabinet,Warped Glass Kitchen Cabinet,storage/logistics,furniture with storage,,
mcwfurnitures,mcwfurnitures:warped_glass_table,Warped Glass Table,decoration/building block,Macaw's building block,,
mcwfurnitures,mcwfurnitures:warped_kitchen_cabinet,Warped Kitchen Cabinet,storage/logistics,furniture with storage,,
mcwfurnitures,mcwfurnitures:warped_kitchen_sink,Warped Kitchen Sink,storage/logistics,furniture with storage,,
mcwfurnitures,mcwfurnitures:warped_large_drawer,Warped Large Drawer,storage/logistics,furniture with storage,,
mcwfurnitures,mcwfurnitures:warped_lower_bookshelf_drawer,Warped Lower Bookshelf Drawer,storage/logistics,furniture with storage,,
mcwfurnitures,mcwfurnitures:warped_lower_triple_drawer,Warped Lower Triple Drawer,storage/logistics,furniture with storage,,
mcwfurnitures,mcwfurnitures:warped_modern_chair,Warped Modern Chair,decoration/building block,Macaw's building block,,
mcwfurnitures,mcwfurnitures:warped_modern_desk,Warped Modern Desk,storage/logistics,furniture with storage,,
mcwfurnitures,mcwfurnitures:warped_modern_wardrobe,Warped Modern Wardrobe,storage/logistics,furniture with storage,,
mcwfurnitures,mcwfurnitures:warped_stool_chair,Warped Stool,decoration/building block,Macaw's building block,,
mcwfurnitures,mcwfurnitures:warped_striped_chair,Warped Striped Chair,decoration/building block,Macaw's building block,,
mcwfurnitures,mcwfurnitures:warped_table,Warped Table,decoration/building block,Macaw's building block,,
mcwfurnitures,mcwfurnitures:warped_triple_drawer,Warped Triple Drawer,storage/logistics,furniture with storage,,
mcwfurnitures,mcwfurnitures:warped_wardrobe,Warped Wardrobe,storage/logistics,furniture with storage,,
mcwfurnitures,mcwfurnitures:white_chaise,White Chaise,decoration/building block,Macaw's building block,,
mcwfurnitures,mcwfurnitures:white_couch,White Couch,decoration/building block,Macaw's building block,,
mcwfurnitures,mcwfurnitures:yellow_chaise,Yellow Chaise,decoration/building block,Macaw's building block,,
mcwfurnitures,mcwfurnitures:yellow_couch,Yellow Couch,decoration/building block,Macaw's building block,,
mcwroofs,mcwroofs:acacia_attic_roof,Acacia Attic Roof,decoration/building block,Macaw's building block,,
mcwroofs,mcwroofs:acacia_lower_roof,Acacia Lower Base Roof,decoration/building block,Macaw's building block,,
mcwroofs,mcwroofs:acacia_planks_attic_roof,Acacia Planks Attic Roof,decoration/building block,Macaw's building block,,
mcwroofs,mcwroofs:acacia_planks_lower_roof,Acacia Planks Lower Base Roof,decoration/building block,Macaw's building block,,
mcwroofs,mcwroofs:acacia_planks_roof,Acacia Planks Roof,decoration/building block,Macaw's building block,,
mcwroofs,mcwroofs:acacia_planks_steep_roof,Acacia Planks Steep Base Roof,decoration/building block,Macaw's building block,,
mcwroofs,mcwroofs:acacia_planks_top_roof,Acacia Planks Top Roof,decoration/building block,Macaw's building block,,
mcwroofs,mcwroofs:acacia_planks_upper_lower_roof,Acacia Planks Lower Top Roof,decoration/building block,Macaw's building block,,
mcwroofs,mcwroofs:acacia_planks_upper_steep_roof,Acacia Planks Steep Top Roof,decoration/building block,Macaw's building block,,
mcwroofs,mcwroofs:acacia_roof,Acacia Roof,decoration/building block,Macaw's building block,,
mcwroofs,mcwroofs:acacia_steep_roof,Acacia Steep Base Roof,decoration/building block,Macaw's building block,,
mcwroofs,mcwroofs:acacia_top_roof,Acacia Top Roof,decoration/building block,Macaw's building block,,
mcwroofs,mcwroofs:acacia_upper_lower_roof,Acacia Lower Top Roof,decoration/building block,Macaw's building block,,
mcwroofs,mcwroofs:acacia_upper_steep_roof,Acacia Steep Top Roof,decoration/building block,Macaw's building block,,
mcwroofs,mcwroofs:andesite_attic_roof,Andesite Attic Roof,decoration/building block,Macaw's building block,,
mcwroofs,mcwroofs:andesite_lower_roof,Andesite Lower Base Roof,decoration/building block,Macaw's building block,,
mcwroofs,mcwroofs:andesite_roof,Andesite Roof,decoration/building block,Macaw's building block,,
mcwroofs,mcwroofs:andesite_steep_roof,Andesite Steep Base Roof,decoration/building block,Macaw's building block,,
mcwroofs,mcwroofs:andesite_top_roof,Andesite Top Roof,decoration/building block,Macaw's building block,,
mcwroofs,mcwroofs:andesite_upper_lower_roof,Andesite Lower Top Roof,decoration/building block,Macaw's building block,,
mcwroofs,mcwroofs:andesite_upper_steep_roof,Andesite Steep Top Roof,decoration/building block,Macaw's building block,,
mcwroofs,mcwroofs:bamboo_attic_roof,Bamboo Attic Roof,decoration/building block,Macaw's building block,,
mcwroofs,mcwroofs:bamboo_lower_roof,Bamboo Lower Base Roof,decoration/building block,Macaw's building block,,
mcwroofs,mcwroofs:bamboo_mosaic_attic_roof,Bamboo Mosaic Attic Roof,decoration/building block,Macaw's building block,,
mcwroofs,mcwroofs:bamboo_mosaic_lower_roof,Bamboo Mosaic Lower Base Roof,decoration/building block,Macaw's building block,,
mcwroofs,mcwroofs:bamboo_mosaic_roof,Bamboo Mosaic Roof,decoration/building block,Macaw's building block,,
mcwroofs,mcwroofs:bamboo_mosaic_steep_roof,Bamboo Mosaic Steep Base Roof,decoration/building block,Macaw's building block,,
mcwroofs,mcwroofs:bamboo_mosaic_top_roof,Bamboo Mosaic Top Roof,decoration/building block,Macaw's building block,,
mcwroofs,mcwroofs:bamboo_mosaic_upper_lower_roof,Bamboo Mosaic Lower Top Roof,decoration/building block,Macaw's building block,,
mcwroofs,mcwroofs:bamboo_mosaic_upper_steep_roof,Bamboo Mosaic Steep Top Roof,decoration/building block,Macaw's building block,,
mcwroofs,mcwroofs:bamboo_planks_attic_roof,Bamboo Planks Attic Roof,decoration/building block,Macaw's building block,,
mcwroofs,mcwroofs:bamboo_planks_lower_roof,Bamboo Planks Lower Base Roof,decoration/building block,Macaw's building block,,
mcwroofs,mcwroofs:bamboo_planks_roof,Bamboo Planks Roof,decoration/building block,Macaw's building block,,
mcwroofs,mcwroofs:bamboo_planks_steep_roof,Bamboo Planks Steep Base Roof,decoration/building block,Macaw's building block,,
mcwroofs,mcwroofs:bamboo_planks_top_roof,Bamboo Planks Top Roof,decoration/building block,Macaw's building block,,
mcwroofs,mcwroofs:bamboo_planks_upper_lower_roof,Bamboo Planks Lower Top Roof,decoration/building block,Macaw's building block,,
mcwroofs,mcwroofs:bamboo_planks_upper_steep_roof,Bamboo Planks Steep Top Roof,decoration/building block,Macaw's building block,,
mcwroofs,mcwroofs:bamboo_roof,Bamboo Roof,decoration/building block,Macaw's building block,,
mcwroofs,mcwroofs:bamboo_steep_roof,Bamboo Steep Base Roof,decoration/building block,Macaw's building block,,
mcwroofs,mcwroofs:bamboo_top_roof,Bamboo Top Roof,decoration/building block,Macaw's building block,,
mcwroofs,mcwroofs:bamboo_upper_lower_roof,Bamboo Lower Top Roof,decoration/building block,Macaw's building block,,
mcwroofs,mcwroofs:bamboo_upper_steep_roof,Bamboo Steep Top Roof,decoration/building block,Macaw's building block,,
mcwroofs,mcwroofs:base_attic_roof,Base Attic Roof,decoration/building block,Macaw's building block,,
mcwroofs,mcwroofs:base_lower_roof,Base Lower Base Roof,decoration/building block,Macaw's building block,,
mcwroofs,mcwroofs:base_roof,Base Roof,decoration/building block,Macaw's building block,,
mcwroofs,mcwroofs:base_roof_block,Base Roof Block,decoration/building block,Macaw's building block,,
mcwroofs,mcwroofs:base_roof_slab,Base Roof Slab,decoration/building block,Macaw's building block,,
mcwroofs,mcwroofs:base_steep_roof,Base Steep Base Roof,decoration/building block,Macaw's building block,,
mcwroofs,mcwroofs:base_top_roof,Base Top Roof,decoration/building block,Macaw's building block,,
mcwroofs,mcwroofs:base_upper_lower_roof,Base Lower Top Roof,decoration/building block,Macaw's building block,,
mcwroofs,mcwroofs:base_upper_steep_roof,Base Steep Top Roof,decoration/building block,Macaw's building block,,
mcwroofs,mcwroofs:birch_attic_roof,Birch Attic Roof,decoration/building block,Macaw's building block,,
mcwroofs,mcwroofs:birch_lower_roof,Birch Lower Base Roof,decoration/building block,Macaw's building block,,
mcwroofs,mcwroofs:birch_planks_attic_roof,Birch Planks Attic Roof,decoration/building block,Macaw's building block,,
mcwroofs,mcwroofs:birch_planks_lower_roof,Birch Planks Lower Base Roof,decoration/building block,Macaw's building block,,
mcwroofs,mcwroofs:birch_planks_roof,Birch Planks Roof,decoration/building block,Macaw's building block,,
mcwroofs,mcwroofs:birch_planks_steep_roof,Birch Planks Steep Base Roof,decoration/building block,Macaw's building block,,
mcwroofs,mcwroofs:birch_planks_top_roof,Birch Planks Top Roof,decoration/building block,Macaw's building block,,
mcwroofs,mcwroofs:birch_planks_upper_lower_roof,Birch Planks Lower Top Roof,decoration/building block,Macaw's building block,,
mcwroofs,mcwroofs:birch_planks_upper_steep_roof,Birch Planks Steep Top Roof,decoration/building block,Macaw's building block,,
mcwroofs,mcwroofs:birch_roof,Birch Roof,decoration/building block,Macaw's building block,,
mcwroofs,mcwroofs:birch_steep_roof,Birch Steep Base Roof,decoration/building block,Macaw's building block,,
mcwroofs,mcwroofs:birch_top_roof,Birch Top Roof,decoration/building block,Macaw's building block,,
mcwroofs,mcwroofs:birch_upper_lower_roof,Birch Lower Top Roof,decoration/building block,Macaw's building block,,
mcwroofs,mcwroofs:birch_upper_steep_roof,Birch Steep Top Roof,decoration/building block,Macaw's building block,,
mcwroofs,mcwroofs:black_attic_roof,Black Attic Roof,decoration/building block,Macaw's building block,,
mcwroofs,mcwroofs:black_concrete_attic_roof,Black Concrete Attic Roof,decoration/building block,Macaw's building block,,
mcwroofs,mcwroofs:black_concrete_lower_roof,Black Concrete Lower Base Roof,decoration/building block,Macaw's building block,,
mcwroofs,mcwroofs:black_concrete_roof,Black Concrete Roof,decoration/building block,Macaw's building block,,
mcwroofs,mcwroofs:black_concrete_steep_roof,Black Concrete Steep Base Roof,decoration/building block,Macaw's building block,,
mcwroofs,mcwroofs:black_concrete_top_roof,Black Concrete Top Roof,decoration/building block,Macaw's building block,,
mcwroofs,mcwroofs:black_concrete_upper_lower_roof,Black Concrete Lower Top Roof,decoration/building block,Macaw's building block,,
mcwroofs,mcwroofs:black_concrete_upper_steep_roof,Black Concrete Steep Top Roof,decoration/building block,Macaw's building block,,
mcwroofs,mcwroofs:black_lower_roof,Black Lower Base Roof,decoration/building block,Macaw's building block,,
mcwroofs,mcwroofs:black_roof,Black Roof,decoration/building block,Macaw's building block,,
mcwroofs,mcwroofs:black_roof_block,Black Roof Block,decoration/building block,Macaw's building block,,
mcwroofs,mcwroofs:black_roof_slab,Black Roof Slab,decoration/building block,Macaw's building block,,
mcwroofs,mcwroofs:black_steep_roof,Black Steep Base Roof,decoration/building block,Macaw's building block,,
mcwroofs,mcwroofs:black_striped_awning,Black Striped Awning,decoration/building block,Macaw's building block,,
mcwroofs,mcwroofs:black_terracotta_attic_roof,Black Terracotta Attic Roof,decoration/building block,Macaw's building block,,
mcwroofs,mcwroofs:black_terracotta_lower_roof,Black Terracotta Lower Base Roof,decoration/building block,Macaw's building block,,
mcwroofs,mcwroofs:black_terracotta_roof,Black Terracotta Roof,decoration/building block,Macaw's building block,,
mcwroofs,mcwroofs:black_terracotta_steep_roof,Black Terracotta Steep Base Roof,decoration/building block,Macaw's building block,,
mcwroofs,mcwroofs:black_terracotta_top_roof,Black Terracotta Top Roof,decoration/building block,Macaw's building block,,
mcwroofs,mcwroofs:black_terracotta_upper_lower_roof,Black Terracotta Lower Top Roof,decoration/building block,Macaw's building block,,
mcwroofs,mcwroofs:black_terracotta_upper_steep_roof,Black Terracotta Steep Top Roof,decoration/building block,Macaw's building block,,
mcwroofs,mcwroofs:black_top_roof,Black Top Roof,decoration/building block,Macaw's building block,,
mcwroofs,mcwroofs:black_upper_lower_roof,Black Lower Top Roof,decoration/building block,Macaw's building block,,
mcwroofs,mcwroofs:black_upper_steep_roof,Black Steep Top Roof,decoration/building block,Macaw's building block,,
mcwroofs,mcwroofs:blackstone_attic_roof,Blackstone Attic Roof,decoration/building block,Macaw's building block,,
mcwroofs,mcwroofs:blackstone_lower_roof,Blackstone Lower Base Roof,decoration/building block,Macaw's building block,,
mcwroofs,mcwroofs:blackstone_roof,Blackstone Roof,decoration/building block,Macaw's building block,,
mcwroofs,mcwroofs:blackstone_steep_roof,Blackstone Steep Base Roof,decoration/building block,Macaw's building block,,
mcwroofs,mcwroofs:blackstone_top_roof,Blackstone Top Roof,decoration/building block,Macaw's building block,,
mcwroofs,mcwroofs:blackstone_upper_lower_roof,Blackstone Lower Top Roof,decoration/building block,Macaw's building block,,
mcwroofs,mcwroofs:blackstone_upper_steep_roof,Blackstone Steep Top Roof,decoration/building block,Macaw's building block,,
mcwroofs,mcwroofs:blue_concrete_attic_roof,Blue Concrete Attic Roof,decoration/building block,Macaw's building block,,
mcwroofs,mcwroofs:blue_concrete_lower_roof,Blue Concrete Lower Base Roof,decoration/building block,Macaw's building block,,
mcwroofs,mcwroofs:blue_concrete_roof,Blue Concrete Roof,decoration/building block,Macaw's building block,,
mcwroofs,mcwroofs:blue_concrete_steep_roof,Blue Concrete Steep Base Roof,decoration/building block,Macaw's building block,,
mcwroofs,mcwroofs:blue_concrete_top_roof,Blue Concrete Top Roof,decoration/building block,Macaw's building block,,
mcwroofs,mcwroofs:blue_concrete_upper_lower_roof,Blue Concrete Lower Top Roof,decoration/building block,Macaw's building block,,
mcwroofs,mcwroofs:blue_concrete_upper_steep_roof,Blue Concrete Steep Top Roof,decoration/building block,Macaw's building block,,
mcwroofs,mcwroofs:blue_striped_awning,Blue Striped Awning,decoration/building block,Macaw's building block,,
mcwroofs,mcwroofs:blue_terracotta_attic_roof,Blue Terracotta Attic Roof,decoration/building block,Macaw's building block,,
mcwroofs,mcwroofs:blue_terracotta_lower_roof,Blue Terracotta Lower Base Roof,decoration/building block,Macaw's building block,,
mcwroofs,mcwroofs:blue_terracotta_roof,Blue Terracotta Roof,decoration/building block,Macaw's building block,,
mcwroofs,mcwroofs:blue_terracotta_steep_roof,Blue Terracotta Steep Base Roof,decoration/building block,Macaw's building block,,
mcwroofs,mcwroofs:blue_terracotta_top_roof,Blue Terracotta Top Roof,decoration/building block,Macaw's building block,,
mcwroofs,mcwroofs:blue_terracotta_upper_lower_roof,Blue Terracotta Lower Top Roof,decoration/building block,Macaw's building block,,
mcwroofs,mcwroofs:blue_terracotta_upper_steep_roof,Blue Terracotta Steep Top Roof,decoration/building block,Macaw's building block,,
mcwroofs,mcwroofs:bricks_attic_roof,Bricks Attic Roof,decoration/building block,Macaw's building block,,
mcwroofs,mcwroofs:bricks_lower_roof,Bricks Lower Base Roof,decoration/building block,Macaw's building block,,
mcwroofs,mcwroofs:bricks_roof,Bricks Roof,decoration/building block,Macaw's building block,,
mcwroofs,mcwroofs:bricks_steep_roof,Bricks Steep Base Roof,decoration/building block,Macaw's building block,,
mcwroofs,mcwroofs:bricks_top_roof,Bricks Top Roof,decoration/building block,Macaw's building block,,
mcwroofs,mcwroofs:bricks_upper_lower_roof,Bricks Lower Top Roof,decoration/building block,Macaw's building block,,
mcwroofs,mcwroofs:bricks_upper_steep_roof,Bricks Steep Top Roof,decoration/building block,Macaw's building block,,
mcwroofs,mcwroofs:brown_concrete_attic_roof,Brown Concrete Attic Roof,decoration/building block,Macaw's building block,,
mcwroofs,mcwroofs:brown_concrete_lower_roof,Brown Concrete Lower Base Roof,decoration/building block,Macaw's building block,,
mcwroofs,mcwroofs:brown_concrete_roof,Brown Concrete Roof,decoration/building block,Macaw's building block,,
mcwroofs,mcwroofs:brown_concrete_steep_roof,Brown Concrete Steep Base Roof,decoration/building block,Macaw's building block,,
mcwroofs,mcwroofs:brown_concrete_top_roof,Brown Concrete Top Roof,decoration/building block,Macaw's building block,,
mcwroofs,mcwroofs:brown_concrete_upper_lower_roof,Brown Concrete Lower Top Roof,decoration/building block,Macaw's building block,,
mcwroofs,mcwroofs:brown_concrete_upper_steep_roof,Brown Concrete Steep Top Roof,decoration/building block,Macaw's building block,,
mcwroofs,mcwroofs:brown_striped_awning,Brown Striped Awning,decoration/building block,Macaw's building block,,
mcwroofs,mcwroofs:brown_terracotta_attic_roof,Brown Terracotta Attic Roof,decoration/building block,Macaw's building block,,
mcwroofs,mcwroofs:brown_terracotta_lower_roof,Brown Terracotta Lower Base Roof,decoration/building block,Macaw's building block,,
mcwroofs,mcwroofs:brown_terracotta_roof,Brown Terracotta Roof,decoration/building block,Macaw's building block,,
mcwroofs,mcwroofs:brown_terracotta_steep_roof,Brown Terracotta Steep Base Roof,decoration/building block,Macaw's building block,,
mcwroofs,mcwroofs:brown_terracotta_top_roof,Brown Terracotta Top Roof,decoration/building block,Macaw's building block,,
mcwroofs,mcwroofs:brown_terracotta_upper_lower_roof,Brown Terracotta Lower Top Roof,decoration/building block,Macaw's building block,,
mcwroofs,mcwroofs:brown_terracotta_upper_steep_roof,Brown Terracotta Steep Top Roof,decoration/building block,Macaw's building block,,
mcwroofs,mcwroofs:cherry_attic_roof,Cherry Attic Roof,decoration/building block,Macaw's building block,,
mcwroofs,mcwroofs:cherry_lower_roof,Cherry Lower Base Roof,decoration/building block,Macaw's building block,,
mcwroofs,mcwroofs:cherry_planks_attic_roof,Cherry Planks Attic Roof,decoration/building block,Macaw's building block,,
mcwroofs,mcwroofs:cherry_planks_lower_roof,Cherry Planks Lower Base Roof,decoration/building block,Macaw's building block,,
mcwroofs,mcwroofs:cherry_planks_roof,Cherry Planks Roof,decoration/building block,Macaw's building block,,
mcwroofs,mcwroofs:cherry_planks_steep_roof,Cherry Planks Steep Base Roof,decoration/building block,Macaw's building block,,
mcwroofs,mcwroofs:cherry_planks_top_roof,Cherry Planks Top Roof,decoration/building block,Macaw's building block,,
mcwroofs,mcwroofs:cherry_planks_upper_lower_roof,Cherry Planks Lower Top Roof,decoration/building block,Macaw's building block,,
mcwroofs,mcwroofs:cherry_planks_upper_steep_roof,Cherry Planks Steep Top Roof,decoration/building block,Macaw's building block,,
mcwroofs,mcwroofs:cherry_roof,Cherry Roof,decoration/building block,Macaw's building block,,
mcwroofs,mcwroofs:cherry_steep_roof,Cherry Steep Base Roof,decoration/building block,Macaw's building block,,
mcwroofs,mcwroofs:cherry_top_roof,Cherry Top Roof,decoration/building block,Macaw's building block,,
mcwroofs,mcwroofs:cherry_upper_lower_roof,Cherry Lower Top Roof,decoration/building block,Macaw's building block,,
mcwroofs,mcwroofs:cherry_upper_steep_roof,Cherry Steep Top Roof,decoration/building block,Macaw's building block,,
mcwroofs,mcwroofs:cobblestone_attic_roof,Cobblestone Attic Roof,decoration/building block,Macaw's building block,,
mcwroofs,mcwroofs:cobblestone_lower_roof,Cobblestone Lower Base Roof,decoration/building block,Macaw's building block,,
mcwroofs,mcwroofs:cobblestone_roof,Cobblestone Roof,decoration/building block,Macaw's building block,,
mcwroofs,mcwroofs:cobblestone_steep_roof,Cobblestone Steep Base Roof,decoration/building block,Macaw's building block,,
mcwroofs,mcwroofs:cobblestone_top_roof,Cobblestone Top Roof,decoration/building block,Macaw's building block,,
mcwroofs,mcwroofs:cobblestone_upper_lower_roof,Cobblestone Lower Top Roof,decoration/building block,Macaw's building block,,
mcwroofs,mcwroofs:cobblestone_upper_steep_roof,Cobblestone Steep Top Roof,decoration/building block,Macaw's building block,,
mcwroofs,mcwroofs:crimson_attic_roof,Crimson Attic Roof,decoration/building block,Macaw's building block,,
mcwroofs,mcwroofs:crimson_lower_roof,Crimson Lower Base Roof,decoration/building block,Macaw's building block,,
mcwroofs,mcwroofs:crimson_planks_attic_roof,Crimson Planks Attic Roof,decoration/building block,Macaw's building block,,
mcwroofs,mcwroofs:crimson_planks_lower_roof,Crimson Planks Lower Base Roof,decoration/building block,Macaw's building block,,
mcwroofs,mcwroofs:crimson_planks_roof,Crimson Planks Roof,decoration/building block,Macaw's building block,,
mcwroofs,mcwroofs:crimson_planks_steep_roof,Crimson Planks Steep Base Roof,decoration/building block,Macaw's building block,,
mcwroofs,mcwroofs:crimson_planks_top_roof,Crimson Planks Top Roof,decoration/building block,Macaw's building block,,
mcwroofs,mcwroofs:crimson_planks_upper_lower_roof,Crimson Planks Lower Top Roof,decoration/building block,Macaw's building block,,
mcwroofs,mcwroofs:crimson_planks_upper_steep_roof,Crimson Planks Steep Top Roof,decoration/building block,Macaw's building block,,
mcwroofs,mcwroofs:crimson_roof,Crimson Roof,decoration/building block,Macaw's building block,,
mcwroofs,mcwroofs:crimson_steep_roof,Crimson Steep Base Roof,decoration/building block,Macaw's building block,,
mcwroofs,mcwroofs:crimson_top_roof,Crimson Top Roof,decoration/building block,Macaw's building block,,
mcwroofs,mcwroofs:crimson_upper_lower_roof,Crimson Lower Top Roof,decoration/building block,Macaw's building block,,
mcwroofs,mcwroofs:crimson_upper_steep_roof,Crimson Steep Top Roof,decoration/building block,Macaw's building block,,
mcwroofs,mcwroofs:cyan_concrete_attic_roof,Cyan Concrete Attic Roof,decoration/building block,Macaw's building block,,
mcwroofs,mcwroofs:cyan_concrete_lower_roof,Cyan Concrete Lower Base Roof,decoration/building block,Macaw's building block,,
mcwroofs,mcwroofs:cyan_concrete_roof,Cyan Concrete Roof,decoration/building block,Macaw's building block,,
mcwroofs,mcwroofs:cyan_concrete_steep_roof,Cyan Concrete Steep Base Roof,decoration/building block,Macaw's building block,,
mcwroofs,mcwroofs:cyan_concrete_top_roof,Cyan Concrete Top Roof,decoration/building block,Macaw's building block,,
mcwroofs,mcwroofs:cyan_concrete_upper_lower_roof,Cyan Concrete Lower Top Roof,decoration/building block,Macaw's building block,,
mcwroofs,mcwroofs:cyan_concrete_upper_steep_roof,Cyan Concrete Steep Top Roof,decoration/building block,Macaw's building block,,
mcwroofs,mcwroofs:cyan_striped_awning,Cyan Striped Awning,decoration/building block,Macaw's building block,,
mcwroofs,mcwroofs:cyan_terracotta_attic_roof,Cyan Terracotta Attic Roof,decoration/building block,Macaw's building block,,
mcwroofs,mcwroofs:cyan_terracotta_lower_roof,Cyan Terracotta Lower Base Roof,decoration/building block,Macaw's building block,,
mcwroofs,mcwroofs:cyan_terracotta_roof,Cyan Terracotta Roof,decoration/building block,Macaw's building block,,
mcwroofs,mcwroofs:cyan_terracotta_steep_roof,Cyan Terracotta Steep Base Roof,decoration/building block,Macaw's building block,,
mcwroofs,mcwroofs:cyan_terracotta_top_roof,Cyan Terracotta Top Roof,decoration/building block,Macaw's building block,,
mcwroofs,mcwroofs:cyan_terracotta_upper_lower_roof,Cyan Terracotta Lower Top Roof,decoration/building block,Macaw's building block,,
mcwroofs,mcwroofs:cyan_terracotta_upper_steep_roof,Cyan Terracotta Steep Top Roof,decoration/building block,Macaw's building block,,
mcwroofs,mcwroofs:dark_oak_attic_roof,Dark Oak Attic Roof,decoration/building block,Macaw's building block,,
mcwroofs,mcwroofs:dark_oak_lower_roof,Dark Oak Lower Base Roof,decoration/building block,Macaw's building block,,
mcwroofs,mcwroofs:dark_oak_planks_attic_roof,Dark Oak Planks Attic Roof,decoration/building block,Macaw's building block,,
mcwroofs,mcwroofs:dark_oak_planks_lower_roof,Dark Oak Planks Lower Base Roof,decoration/building block,Macaw's building block,,
mcwroofs,mcwroofs:dark_oak_planks_roof,Dark Oak Planks Roof,decoration/building block,Macaw's building block,,
mcwroofs,mcwroofs:dark_oak_planks_steep_roof,Dark Oak Planks Steep Base Roof,decoration/building block,Macaw's building block,,
mcwroofs,mcwroofs:dark_oak_planks_top_roof,Dark Oak Planks Top Roof,decoration/building block,Macaw's building block,,
mcwroofs,mcwroofs:dark_oak_planks_upper_lower_roof,Dark Oak Planks Lower Top Roof,decoration/building block,Macaw's building block,,
mcwroofs,mcwroofs:dark_oak_planks_upper_steep_roof,Dark Oak Planks Steep Top Roof,decoration/building block,Macaw's building block,,
mcwroofs,mcwroofs:dark_oak_roof,Dark Oak Roof,decoration/building block,Macaw's building block,,
mcwroofs,mcwroofs:dark_oak_steep_roof,Dark Oak Steep Base Roof,decoration/building block,Macaw's building block,,
mcwroofs,mcwroofs:dark_oak_top_roof,Dark Oak Top Roof,decoration/building block,Macaw's building block,,
mcwroofs,mcwroofs:dark_oak_upper_lower_roof,Dark Oak Lower Top Roof,decoration/building block,Macaw's building block,,
mcwroofs,mcwroofs:dark_oak_upper_steep_roof,Dark Oak Steep Top Roof,decoration/building block,Macaw's building block,,
mcwroofs,mcwroofs:dark_prismarine_attic_roof,Dark Prismarine Attic Roof,decoration/building block,Macaw's building block,,
mcwroofs,mcwroofs:dark_prismarine_lower_roof,Dark Prismarine Lower Base Roof,decoration/building block,Macaw's building block,,
mcwroofs,mcwroofs:dark_prismarine_roof,Dark Prismarine Roof,decoration/building block,Macaw's building block,,
mcwroofs,mcwroofs:dark_prismarine_steep_roof,Dark Prismarine Steep Base Roof,decoration/building block,Macaw's building block,,
mcwroofs,mcwroofs:dark_prismarine_top_roof,Dark Prismarine Top Roof,decoration/building block,Macaw's building block,,
mcwroofs,mcwroofs:dark_prismarine_upper_lower_roof,Dark Prismarine Lower Top Roof,decoration/building block,Macaw's building block,,
mcwroofs,mcwroofs:dark_prismarine_upper_steep_roof,Dark Prismarine Steep Top Roof,decoration/building block,Macaw's building block,,
mcwroofs,mcwroofs:deepslate_attic_roof,Deepslate Attic Roof,decoration/building block,Macaw's building block,,
mcwroofs,mcwroofs:deepslate_lower_roof,Deepslate Lower Base Roof,decoration/building block,Macaw's building block,,
mcwroofs,mcwroofs:deepslate_roof,Deepslate Roof,decoration/building block,Macaw's building block,,
mcwroofs,mcwroofs:deepslate_steep_roof,Deepslate Steep Base Roof,decoration/building block,Macaw's building block,,
mcwroofs,mcwroofs:deepslate_top_roof,Deepslate Top Roof,decoration/building block,Macaw's building block,,
mcwroofs,mcwroofs:deepslate_upper_lower_roof,Deepslate Lower Top Roof,decoration/building block,Macaw's building block,,
mcwroofs,mcwroofs:deepslate_upper_steep_roof,Deepslate Steep Top Roof,decoration/building block,Macaw's building block,,
mcwroofs,mcwroofs:diorite_attic_roof,Diorite Attic Roof,decoration/building block,Macaw's building block,,
mcwroofs,mcwroofs:diorite_lower_roof,Diorite Lower Base Roof,decoration/building block,Macaw's building block,,
mcwroofs,mcwroofs:diorite_roof,Diorite Roof,decoration/building block,Macaw's building block,,
mcwroofs,mcwroofs:diorite_steep_roof,Diorite Steep Base Roof,decoration/building block,Macaw's building block,,
mcwroofs,mcwroofs:diorite_top_roof,Diorite Top Roof,decoration/building block,Macaw's building block,,
mcwroofs,mcwroofs:diorite_upper_lower_roof,Diorite Lower Top Roof,decoration/building block,Macaw's building block,,
mcwroofs,mcwroofs:diorite_upper_steep_roof,Diorite Steep Top Roof,decoration/building block,Macaw's building block,,
mcwroofs,mcwroofs:granite_attic_roof,Granite Attic Roof,decoration/building block,Macaw's building block,,
mcwroofs,mcwroofs:granite_lower_roof,Granite Lower Base Roof,decoration/building block,Macaw's building block,,
mcwroofs,mcwroofs:granite_roof,Granite Roof,decoration/building block,Macaw's building block,,
mcwroofs,mcwroofs:granite_steep_roof,Granite Steep Base Roof,decoration/building block,Macaw's building block,,
mcwroofs,mcwroofs:granite_top_roof,Granite Top Roof,decoration/building block,Macaw's building block,,
mcwroofs,mcwroofs:granite_upper_lower_roof,Granite Lower Top Roof,decoration/building block,Macaw's building block,,
mcwroofs,mcwroofs:granite_upper_steep_roof,Granite Steep Top Roof,decoration/building block,Macaw's building block,,
mcwroofs,mcwroofs:grass_attic_roof,Grass Attic Roof,decoration/building block,Macaw's building block,,
mcwroofs,mcwroofs:grass_lower_roof,Grass Lower Base Roof,decoration/building block,Macaw's building block,,
mcwroofs,mcwroofs:grass_roof,Grass Roof,decoration/building block,Macaw's building block,,
mcwroofs,mcwroofs:grass_steep_roof,Grass Steep Base Roof,decoration/building block,Macaw's building block,,
mcwroofs,mcwroofs:grass_top_roof,Grass Top Roof,decoration/building block,Macaw's building block,,
mcwroofs,mcwroofs:grass_upper_lower_roof,Grass Lower Top Roof,decoration/building block,Macaw's building block,,
mcwroofs,mcwroofs:grass_upper_steep_roof,Grass Steep Top Roof,decoration/building block,Macaw's building block,,
mcwroofs,mcwroofs:gray_attic_roof,Gray Attic Roof,decoration/building block,Macaw's building block,,
mcwroofs,mcwroofs:gray_concrete_attic_roof,Gray Concrete Attic Roof,decoration/building block,Macaw's building block,,
mcwroofs,mcwroofs:gray_concrete_lower_roof,Gray Concrete Lower Base Roof,decoration/building block,Macaw's building block,,
mcwroofs,mcwroofs:gray_concrete_roof,Gray Concrete Roof,decoration/building block,Macaw's building block,,
mcwroofs,mcwroofs:gray_concrete_steep_roof,Gray Concrete Steep Base Roof,decoration/building block,Macaw's building block,,
mcwroofs,mcwroofs:gray_concrete_top_roof,Gray Concrete Top Roof,decoration/building block,Macaw's building block,,
mcwroofs,mcwroofs:gray_concrete_upper_lower_roof,Gray Concrete Lower Top Roof,decoration/building block,Macaw's building block,,
mcwroofs,mcwroofs:gray_concrete_upper_steep_roof,Gray Concrete Steep Top Roof,decoration/building block,Macaw's building block,,
mcwroofs,mcwroofs:gray_lower_roof,Gray Lower Base Roof,decoration/building block,Macaw's building block,,
mcwroofs,mcwroofs:gray_roof,Gray Roof,decoration/building block,Macaw's building block,,
mcwroofs,mcwroofs:gray_roof_block,Gray Roof Block,decoration/building block,Macaw's building block,,
mcwroofs,mcwroofs:gray_roof_slab,Gray Roof Slab,decoration/building block,Macaw's building block,,
mcwroofs,mcwroofs:gray_steep_roof,Gray Steep Base Roof,decoration/building block,Macaw's building block,,
mcwroofs,mcwroofs:gray_striped_awning,Gray Striped Awning,decoration/building block,Macaw's building block,,
mcwroofs,mcwroofs:gray_terracotta_attic_roof,Gray Terracotta Attic Roof,decoration/building block,Macaw's building block,,
mcwroofs,mcwroofs:gray_terracotta_lower_roof,Gray Terracotta Lower Base Roof,decoration/building block,Macaw's building block,,
mcwroofs,mcwroofs:gray_terracotta_roof,Gray Terracotta Roof,decoration/building block,Macaw's building block,,
mcwroofs,mcwroofs:gray_terracotta_steep_roof,Gray Terracotta Steep Base Roof,decoration/building block,Macaw's building block,,
mcwroofs,mcwroofs:gray_terracotta_top_roof,Gray Terracotta Top Roof,decoration/building block,Macaw's building block,,
mcwroofs,mcwroofs:gray_terracotta_upper_lower_roof,Gray Terracotta Lower Top Roof,decoration/building block,Macaw's building block,,
mcwroofs,mcwroofs:gray_terracotta_upper_steep_roof,Gray Terracotta Steep Top Roof,decoration/building block,Macaw's building block,,
mcwroofs,mcwroofs:gray_top_roof,Gray Top Roof,decoration/building block,Macaw's building block,,
mcwroofs,mcwroofs:gray_upper_lower_roof,Gray Lower Top Roof,decoration/building block,Macaw's building block,,
mcwroofs,mcwroofs:gray_upper_steep_roof,Gray Steep Top Roof,decoration/building block,Macaw's building block,,
mcwroofs,mcwroofs:green_concrete_attic_roof,Green Concrete Attic Roof,decoration/building block,Macaw's building block,,
mcwroofs,mcwroofs:green_concrete_lower_roof,Green Concrete Lower Base Roof,decoration/building block,Macaw's building block,,
mcwroofs,mcwroofs:green_concrete_roof,Green Concrete Roof,decoration/building block,Macaw's building block,,
mcwroofs,mcwroofs:green_concrete_steep_roof,Green Concrete Steep Base Roof,decoration/building block,Macaw's building block,,
mcwroofs,mcwroofs:green_concrete_top_roof,Green Concrete Top Roof,decoration/building block,Macaw's building block,,
mcwroofs,mcwroofs:green_concrete_upper_lower_roof,Green Concrete Lower Top Roof,decoration/building block,Macaw's building block,,
mcwroofs,mcwroofs:green_concrete_upper_steep_roof,Green Concrete Steep Top Roof,decoration/building block,Macaw's building block,,
mcwroofs,mcwroofs:green_striped_awning,Green Striped Awning,decoration/building block,Macaw's building block,,
mcwroofs,mcwroofs:green_terracotta_attic_roof,Green Terracotta Attic Roof,decoration/building block,Macaw's building block,,
mcwroofs,mcwroofs:green_terracotta_lower_roof,Green Terracotta Lower Base Roof,decoration/building block,Macaw's building block,,
mcwroofs,mcwroofs:green_terracotta_roof,Green Terracotta Roof,decoration/building block,Macaw's building block,,
mcwroofs,mcwroofs:green_terracotta_steep_roof,Green Terracotta Steep Base Roof,decoration/building block,Macaw's building block,,
mcwroofs,mcwroofs:green_terracotta_top_roof,Green Terracotta Top Roof,decoration/building block,Macaw's building block,,
mcwroofs,mcwroofs:green_terracotta_upper_lower_roof,Green Terracotta Lower Top Roof,decoration/building block,Macaw's building block,,
mcwroofs,mcwroofs:green_terracotta_upper_steep_roof,Green Terracotta Steep Top Roof,decoration/building block,Macaw's building block,,
mcwroofs,mcwroofs:gutter_base,Rain Gutter,decoration/building block,Macaw's building block,,
mcwroofs,mcwroofs:gutter_base_black,Black Rain Gutter,decoration/building block,Macaw's building block,,
mcwroofs,mcwroofs:gutter_base_blue,Blue Rain Gutter,decoration/building block,Macaw's building block,,
mcwroofs,mcwroofs:gutter_base_brown,Brown Rain Gutter,decoration/building block,Macaw's building block,,
mcwroofs,mcwroofs:gutter_base_cyan,Cyan Rain Gutter,decoration/building block,Macaw's building block,,
mcwroofs,mcwroofs:gutter_base_gray,Gray Rain Gutter,decoration/building block,Macaw's building block,,
mcwroofs,mcwroofs:gutter_base_green,Green Rain Gutter,decoration/building block,Macaw's building block,,
mcwroofs,mcwroofs:gutter_base_light_blue,Light Blue Rain Gutter,decoration/building block,Macaw's building block,,
mcwroofs,mcwroofs:gutter_base_light_gray,Light Gray Rain Gutter,decoration/building block,Macaw's building block,,
mcwroofs,mcwroofs:gutter_base_lime,Lime Rain Gutter,decoration/building block,Macaw's building block,,
mcwroofs,mcwroofs:gutter_base_magenta,Magenta Rain Gutter,decoration/building block,Macaw's building block,,
mcwroofs,mcwroofs:gutter_base_orange,Orange Rain Gutter,decoration/building block,Macaw's building block,,
mcwroofs,mcwroofs:gutter_base_pink,Pink Rain Gutter,decoration/building block,Macaw's building block,,
mcwroofs,mcwroofs:gutter_base_purple,Purple Rain Gutter,decoration/building block,Macaw's building block,,
mcwroofs,mcwroofs:gutter_base_red,Red Rain Gutter,decoration/building block,Macaw's building block,,
mcwroofs,mcwroofs:gutter_base_white,White Rain Gutter,decoration/building block,Macaw's building block,,
mcwroofs,mcwroofs:gutter_base_yellow,Yellow Rain Gutter,decoration/building block,Macaw's building block,,
mcwroofs,mcwroofs:gutter_middle,Rain Gutter Downspout,decoration/building block,Macaw's building block,,
mcwroofs,mcwroofs:gutter_middle_black,Black Rain Gutter Downspout,decoration/building block,Macaw's building block,,
mcwroofs,mcwroofs:gutter_middle_blue,Blue Rain Gutter Downspout,decoration/building block,Macaw's building block,,
mcwroofs,mcwroofs:gutter_middle_brown,Brown Rain Gutter Downspout,decoration/building block,Macaw's building block,,
mcwroofs,mcwroofs:gutter_middle_cyan,Cyan Rain Gutter Downspout,decoration/building block,Macaw's building block,,
mcwroofs,mcwroofs:gutter_middle_gray,Gray Rain Gutter Downspout,decoration/building block,Macaw's building block,,
mcwroofs,mcwroofs:gutter_middle_green,Green Rain Gutter Downspout,decoration/building block,Macaw's building block,,
mcwroofs,mcwroofs:gutter_middle_light_blue,Light Blue Rain Gutter Downspout,decoration/building block,Macaw's building block,,
mcwroofs,mcwroofs:gutter_middle_light_gray,Light Gray Rain Gutter Downspout,decoration/building block,Macaw's building block,,
mcwroofs,mcwroofs:gutter_middle_lime,Lime Rain Gutter Downspout,decoration/building block,Macaw's building block,,
mcwroofs,mcwroofs:gutter_middle_magenta,Magenta Rain Gutter Downspout,decoration/building block,Macaw's building block,,
mcwroofs,mcwroofs:gutter_middle_orange,Orange Rain Gutter Downspout,decoration/building block,Macaw's building block,,
mcwroofs,mcwroofs:gutter_middle_pink,Pink Rain Gutter Downspout,decoration/building block,Macaw's building block,,
mcwroofs,mcwroofs:gutter_middle_purple,Purple Rain Gutter Downspout,decoration/building block,Macaw's building block,,
mcwroofs,mcwroofs:gutter_middle_red,Red Rain Gutter Downspout,decoration/building block,Macaw's building block,,
mcwroofs,mcwroofs:gutter_middle_white,White Rain Gutter Downspout,decoration/building block,Macaw's building block,,
mcwroofs,mcwroofs:gutter_middle_yellow,Yellow Rain Gutter Downspout,decoration/building block,Macaw's building block,,
mcwroofs,mcwroofs:jungle_attic_roof,Jungle Attic Roof,decoration/building block,Macaw's building block,,
mcwroofs,mcwroofs:jungle_lower_roof,Jungle Lower Base Roof,decoration/building block,Macaw's building block,,
mcwroofs,mcwroofs:jungle_planks_attic_roof,Jungle Planks Attic Roof,decoration/building block,Macaw's building block,,
mcwroofs,mcwroofs:jungle_planks_lower_roof,Jungle Planks Lower Base Roof,decoration/building block,Macaw's building block,,
mcwroofs,mcwroofs:jungle_planks_roof,Jungle Planks Roof,decoration/building block,Macaw's building block,,
mcwroofs,mcwroofs:jungle_planks_steep_roof,Jungle Planks Steep Base Roof,decoration/building block,Macaw's building block,,
mcwroofs,mcwroofs:jungle_planks_top_roof,Jungle Planks Top Roof,decoration/building block,Macaw's building block,,
mcwroofs,mcwroofs:jungle_planks_upper_lower_roof,Jungle Planks Lower Top Roof,decoration/building block,Macaw's building block,,
mcwroofs,mcwroofs:jungle_planks_upper_steep_roof,Jungle Planks Steep Top Roof,decoration/building block,Macaw's building block,,
mcwroofs,mcwroofs:jungle_roof,Jungle Roof,decoration/building block,Macaw's building block,,
mcwroofs,mcwroofs:jungle_steep_roof,Jungle Steep Base Roof,decoration/building block,Macaw's building block,,
mcwroofs,mcwroofs:jungle_top_roof,Jungle Top Roof,decoration/building block,Macaw's building block,,
mcwroofs,mcwroofs:jungle_upper_lower_roof,Jungle Lower Top Roof,decoration/building block,Macaw's building block,,
mcwroofs,mcwroofs:jungle_upper_steep_roof,Jungle Steep Top Roof,decoration/building block,Macaw's building block,,
mcwroofs,mcwroofs:light_blue_concrete_attic_roof,Light Blue Concrete Attic Roof,decoration/building block,Macaw's building block,,
mcwroofs,mcwroofs:light_blue_concrete_lower_roof,Light Blue Concrete Lower Base Roof,decoration/building block,Macaw's building block,,
mcwroofs,mcwroofs:light_blue_concrete_roof,Light Blue Concrete Roof,decoration/building block,Macaw's building block,,
mcwroofs,mcwroofs:light_blue_concrete_steep_roof,Light Blue Concrete Steep Base Roof,decoration/building block,Macaw's building block,,
mcwroofs,mcwroofs:light_blue_concrete_top_roof,Light Blue Concrete Top Roof,decoration/building block,Macaw's building block,,
mcwroofs,mcwroofs:light_blue_concrete_upper_lower_roof,Light Blue Concrete Lower Top Roof,decoration/building block,Macaw's building block,,
mcwroofs,mcwroofs:light_blue_concrete_upper_steep_roof,Light Blue Concrete Steep Top Roof,decoration/building block,Macaw's building block,,
mcwroofs,mcwroofs:light_blue_striped_awning,Light Blue Striped Awning,decoration/building block,Macaw's building block,,
mcwroofs,mcwroofs:light_blue_terracotta_attic_roof,Light Blue Terracotta Attic Roof,decoration/building block,Macaw's building block,,
mcwroofs,mcwroofs:light_blue_terracotta_lower_roof,Light Blue Terracotta Lower Base Roof,decoration/building block,Macaw's building block,,
mcwroofs,mcwroofs:light_blue_terracotta_roof,Light Blue Terracotta Roof,decoration/building block,Macaw's building block,,
mcwroofs,mcwroofs:light_blue_terracotta_steep_roof,Light Blue Terracotta Steep Base Roof,decoration/building block,Macaw's building block,,
mcwroofs,mcwroofs:light_blue_terracotta_top_roof,Light Blue Terracotta Top Roof,decoration/building block,Macaw's building block,,
mcwroofs,mcwroofs:light_blue_terracotta_upper_lower_roof,Light Blue Terracotta Lower Top Roof,decoration/building block,Macaw's building block,,
mcwroofs,mcwroofs:light_blue_terracotta_upper_steep_roof,Light Blue Terracotta Steep Top Roof,decoration/building block,Macaw's building block,,
mcwroofs,mcwroofs:light_gray_attic_roof,Light Gray Attic Roof,decoration/building block,Macaw's building block,,
mcwroofs,mcwroofs:light_gray_concrete_attic_roof,Light Gray Concrete Attic Roof,decoration/building block,Macaw's building block,,
mcwroofs,mcwroofs:light_gray_concrete_lower_roof,Light Gray Concrete Lower Base Roof,decoration/building block,Macaw's building block,,
mcwroofs,mcwroofs:light_gray_concrete_roof,Light Gray Concrete Roof,decoration/building block,Macaw's building block,,
mcwroofs,mcwroofs:light_gray_concrete_steep_roof,Light Gray Concrete Steep Base Roof,decoration/building block,Macaw's building block,,
mcwroofs,mcwroofs:light_gray_concrete_top_roof,Light Gray Concrete Top Roof,decoration/building block,Macaw's building block,,
mcwroofs,mcwroofs:light_gray_concrete_upper_lower_roof,Light Gray Concrete Lower Top Roof,decoration/building block,Macaw's building block,,
mcwroofs,mcwroofs:light_gray_concrete_upper_steep_roof,Light Gray Concrete Steep Top Roof,decoration/building block,Macaw's building block,,
mcwroofs,mcwroofs:light_gray_lower_roof,Light Gray Lower Base Roof,decoration/building block,Macaw's building block,,
mcwroofs,mcwroofs:light_gray_roof,Light Gray Roof,decoration/building block,Macaw's building block,,
mcwroofs,mcwroofs:light_gray_roof_block,Light Gray Roof Block,decoration/building block,Macaw's building block,,
mcwroofs,mcwroofs:light_gray_roof_slab,Light Gray Roof Slab,decoration/building block,Macaw's building block,,
mcwroofs,mcwroofs:light_gray_steep_roof,Light Gray Steep Base Roof,decoration/building block,Macaw's building block,,
mcwroofs,mcwroofs:light_gray_striped_awning,Light Gray Striped Awning,decoration/building block,Macaw's building block,,
mcwroofs,mcwroofs:light_gray_terracotta_attic_roof,Light Gray Terracotta Attic Roof,decoration/building block,Macaw's building block,,
mcwroofs,mcwroofs:light_gray_terracotta_lower_roof,Light Gray Terracotta Lower Base Roof,decoration/building block,Macaw's building block,,
mcwroofs,mcwroofs:light_gray_terracotta_roof,Light Gray Terracotta Roof,decoration/building block,Macaw's building block,,
mcwroofs,mcwroofs:light_gray_terracotta_steep_roof,Light Gray Terracotta Steep Base Roof,decoration/building block,Macaw's building block,,
mcwroofs,mcwroofs:light_gray_terracotta_top_roof,Light Gray Terracotta Top Roof,decoration/building block,Macaw's building block,,
mcwroofs,mcwroofs:light_gray_terracotta_upper_lower_roof,Light Gray Terracotta Lower Top Roof,decoration/building block,Macaw's building block,,
mcwroofs,mcwroofs:light_gray_terracotta_upper_steep_roof,Light Gray Terracotta Steep Top Roof,decoration/building block,Macaw's building block,,
mcwroofs,mcwroofs:light_gray_top_roof,Light Gray Top Roof,decoration/building block,Macaw's building block,,
mcwroofs,mcwroofs:light_gray_upper_lower_roof,Light Gray Lower Top Roof,decoration/building block,Macaw's building block,,
mcwroofs,mcwroofs:light_gray_upper_steep_roof,Light Gray Steep Top Roof,decoration/building block,Macaw's building block,,
mcwroofs,mcwroofs:lime_concrete_attic_roof,Lime Concrete Attic Roof,decoration/building block,Macaw's building block,,
mcwroofs,mcwroofs:lime_concrete_lower_roof,Lime Concrete Lower Base Roof,decoration/building block,Macaw's building block,,
mcwroofs,mcwroofs:lime_concrete_roof,Lime Concrete Roof,decoration/building block,Macaw's building block,,
mcwroofs,mcwroofs:lime_concrete_steep_roof,Lime Concrete Steep Base Roof,decoration/building block,Macaw's building block,,
mcwroofs,mcwroofs:lime_concrete_top_roof,Lime Concrete Top Roof,decoration/building block,Macaw's building block,,
mcwroofs,mcwroofs:lime_concrete_upper_lower_roof,Lime Concrete Lower Top Roof,decoration/building block,Macaw's building block,,
mcwroofs,mcwroofs:lime_concrete_upper_steep_roof,Lime Concrete Steep Top Roof,decoration/building block,Macaw's building block,,
mcwroofs,mcwroofs:lime_striped_awning,Lime Striped Awning,decoration/building block,Macaw's building block,,
mcwroofs,mcwroofs:lime_terracotta_attic_roof,Lime Terracotta Attic Roof,decoration/building block,Macaw's building block,,
mcwroofs,mcwroofs:lime_terracotta_lower_roof,Lime Terracotta Lower Base Roof,decoration/building block,Macaw's building block,,
mcwroofs,mcwroofs:lime_terracotta_roof,Lime Terracotta Roof,decoration/building block,Macaw's building block,,
mcwroofs,mcwroofs:lime_terracotta_steep_roof,Lime Terracotta Steep Base Roof,decoration/building block,Macaw's building block,,
mcwroofs,mcwroofs:lime_terracotta_top_roof,Lime Terracotta Top Roof,decoration/building block,Macaw's building block,,
mcwroofs,mcwroofs:lime_terracotta_upper_lower_roof,Lime Terracotta Lower Top Roof,decoration/building block,Macaw's building block,,
mcwroofs,mcwroofs:lime_terracotta_upper_steep_roof,Lime Terracotta Steep Top Roof,decoration/building block,Macaw's building block,,
mcwroofs,mcwroofs:magenta_concrete_attic_roof,Magenta Concrete Attic Roof,decoration/building block,Macaw's building block,,
mcwroofs,mcwroofs:magenta_concrete_lower_roof,Magenta Concrete Lower Base Roof,decoration/building block,Macaw's building block,,
mcwroofs,mcwroofs:magenta_concrete_roof,Magenta Concrete Roof,decoration/building block,Macaw's building block,,
mcwroofs,mcwroofs:magenta_concrete_steep_roof,Magenta Concrete Steep Base Roof,decoration/building block,Macaw's building block,,
mcwroofs,mcwroofs:magenta_concrete_top_roof,Magenta Concrete Top Roof,decoration/building block,Macaw's building block,,
mcwroofs,mcwroofs:magenta_concrete_upper_lower_roof,Magenta Concrete Lower Top Roof,decoration/building block,Macaw's building block,,
mcwroofs,mcwroofs:magenta_concrete_upper_steep_roof,Magenta Concrete Steep Top Roof,decoration/building block,Macaw's building block,,
mcwroofs,mcwroofs:magenta_striped_awning,Magenta Striped Awning,decoration/building block,Macaw's building block,,
mcwroofs,mcwroofs:magenta_terracotta_attic_roof,Magenta Terracotta Attic Roof,decoration/building block,Macaw's building block,,
mcwroofs,mcwroofs:magenta_terracotta_lower_roof,Magenta Terracotta Lower Base Roof,decoration/building block,Macaw's building block,,
mcwroofs,mcwroofs:magenta_terracotta_roof,Magenta Terracotta Roof,decoration/building block,Macaw's building block,,
mcwroofs,mcwroofs:magenta_terracotta_steep_roof,Magenta Terracotta Steep Base Roof,decoration/building block,Macaw's building block,,
mcwroofs,mcwroofs:magenta_terracotta_top_roof,Magenta Terracotta Top Roof,decoration/building block,Macaw's building block,,
mcwroofs,mcwroofs:magenta_terracotta_upper_lower_roof,Magenta Terracotta Lower Top Roof,decoration/building block,Macaw's building block,,
mcwroofs,mcwroofs:magenta_terracotta_upper_steep_roof,Magenta Terracotta Steep Top Roof,decoration/building block,Macaw's building block,,
mcwroofs,mcwroofs:mangrove_attic_roof,Mangrove Attic Roof,decoration/building block,Macaw's building block,,
mcwroofs,mcwroofs:mangrove_lower_roof,Mangrove Lower Base Roof,decoration/building block,Macaw's building block,,
mcwroofs,mcwroofs:mangrove_planks_attic_roof,Mangrove Planks Attic Roof,decoration/building block,Macaw's building block,,
mcwroofs,mcwroofs:mangrove_planks_lower_roof,Mangrove Planks Lower Base Roof,decoration/building block,Macaw's building block,,
mcwroofs,mcwroofs:mangrove_planks_roof,Mangrove Planks Roof,decoration/building block,Macaw's building block,,
mcwroofs,mcwroofs:mangrove_planks_steep_roof,Mangrove Planks Steep Base Roof,decoration/building block,Macaw's building block,,
mcwroofs,mcwroofs:mangrove_planks_top_roof,Mangrove Planks Top Roof,decoration/building block,Macaw's building block,,
mcwroofs,mcwroofs:mangrove_planks_upper_lower_roof,Mangrove Planks Lower Top Roof,decoration/building block,Macaw's building block,,
mcwroofs,mcwroofs:mangrove_planks_upper_steep_roof,Mangrove Planks Steep Top Roof,decoration/building block,Macaw's building block,,
mcwroofs,mcwroofs:mangrove_roof,Mangrove Roof,decoration/building block,Macaw's building block,,
mcwroofs,mcwroofs:mangrove_steep_roof,Mangrove Steep Base Roof,decoration/building block,Macaw's building block,,
mcwroofs,mcwroofs:mangrove_top_roof,Mangrove Top Roof,decoration/building block,Macaw's building block,,
mcwroofs,mcwroofs:mangrove_upper_lower_roof,Mangrove Lower Top Roof,decoration/building block,Macaw's building block,,
mcwroofs,mcwroofs:mangrove_upper_steep_roof,Mangrove Steep Top Roof,decoration/building block,Macaw's building block,,
mcwroofs,mcwroofs:mud_brick_attic_roof,Mud Brick Attic Roof,decoration/building block,Macaw's building block,,
mcwroofs,mcwroofs:mud_brick_lower_roof,Mud Brick Lower Base Roof,decoration/building block,Macaw's building block,,
mcwroofs,mcwroofs:mud_brick_roof,Mud Brick Roof,decoration/building block,Macaw's building block,,
mcwroofs,mcwroofs:mud_brick_steep_roof,Mud Brick Steep Base Roof,decoration/building block,Macaw's building block,,
mcwroofs,mcwroofs:mud_brick_top_roof,Mud Brick Top Roof,decoration/building block,Macaw's building block,,
mcwroofs,mcwroofs:mud_brick_upper_lower_roof,Mud Brick Lower Top Roof,decoration/building block,Macaw's building block,,
mcwroofs,mcwroofs:mud_brick_upper_steep_roof,Mud Brick Steep Top Roof,decoration/building block,Macaw's building block,,
mcwroofs,mcwroofs:nether_bricks_attic_roof,Nether Bricks Attic Roof,decoration/building block,Macaw's building block,,
mcwroofs,mcwroofs:nether_bricks_lower_roof,Nether Bricks Lower Base Roof,decoration/building block,Macaw's building block,,
mcwroofs,mcwroofs:nether_bricks_roof,Nether Bricks Roof,decoration/building block,Macaw's building block,,
mcwroofs,mcwroofs:nether_bricks_steep_roof,Nether Bricks Steep Base Roof,decoration/building block,Macaw's building block,,
mcwroofs,mcwroofs:nether_bricks_top_roof,Nether Bricks Top Roof,decoration/building block,Macaw's building block,,
mcwroofs,mcwroofs:nether_bricks_upper_lower_roof,Nether Bricks Lower Top Roof,decoration/building block,Macaw's building block,,
mcwroofs,mcwroofs:nether_bricks_upper_steep_roof,Nether Bricks Steep Top Roof,decoration/building block,Macaw's building block,,
mcwroofs,mcwroofs:oak_attic_roof,Oak Attic Roof,decoration/building block,Macaw's building block,,
mcwroofs,mcwroofs:oak_lower_roof,Oak Lower Base Roof,decoration/building block,Macaw's building block,,
mcwroofs,mcwroofs:oak_planks_attic_roof,Oak Planks Attic Roof,decoration/building block,Macaw's building block,,
mcwroofs,mcwroofs:oak_planks_lower_roof,Oak Planks Lower Base Roof,decoration/building block,Macaw's building block,,
mcwroofs,mcwroofs:oak_planks_roof,Oak Planks Roof,decoration/building block,Macaw's building block,,
mcwroofs,mcwroofs:oak_planks_steep_roof,Oak Planks Steep Base Roof,decoration/building block,Macaw's building block,,
mcwroofs,mcwroofs:oak_planks_top_roof,Oak Planks Top Roof,decoration/building block,Macaw's building block,,
mcwroofs,mcwroofs:oak_planks_upper_lower_roof,Oak Planks Lower Top Roof,decoration/building block,Macaw's building block,,
mcwroofs,mcwroofs:oak_planks_upper_steep_roof,Oak Planks Steep Top Roof,decoration/building block,Macaw's building block,,
mcwroofs,mcwroofs:oak_roof,Oak Roof,decoration/building block,Macaw's building block,,
mcwroofs,mcwroofs:oak_steep_roof,Oak Steep Base Roof,decoration/building block,Macaw's building block,,
mcwroofs,mcwroofs:oak_top_roof,Oak Top Roof,decoration/building block,Macaw's building block,,
mcwroofs,mcwroofs:oak_upper_lower_roof,Oak Lower Top Roof,decoration/building block,Macaw's building block,,
mcwroofs,mcwroofs:oak_upper_steep_roof,Oak Steep Top Roof,decoration/building block,Macaw's building block,,
mcwroofs,mcwroofs:orange_concrete_attic_roof,Orange Concrete Attic Roof,decoration/building block,Macaw's building block,,
mcwroofs,mcwroofs:orange_concrete_lower_roof,Orange Concrete Lower Base Roof,decoration/building block,Macaw's building block,,
mcwroofs,mcwroofs:orange_concrete_roof,Orange Concrete Roof,decoration/building block,Macaw's building block,,
mcwroofs,mcwroofs:orange_concrete_steep_roof,Orange Concrete Steep Base Roof,decoration/building block,Macaw's building block,,
mcwroofs,mcwroofs:orange_concrete_top_roof,Orange Concrete Top Roof,decoration/building block,Macaw's building block,,
mcwroofs,mcwroofs:orange_concrete_upper_lower_roof,Orange Concrete Lower Top Roof,decoration/building block,Macaw's building block,,
mcwroofs,mcwroofs:orange_concrete_upper_steep_roof,Orange Concrete Steep Top Roof,decoration/building block,Macaw's building block,,
mcwroofs,mcwroofs:orange_striped_awning,Orange Striped Awning,decoration/building block,Macaw's building block,,
mcwroofs,mcwroofs:orange_terracotta_attic_roof,Orange Terracotta Attic Roof,decoration/building block,Macaw's building block,,
mcwroofs,mcwroofs:orange_terracotta_lower_roof,Orange Terracotta Lower Base Roof,decoration/building block,Macaw's building block,,
mcwroofs,mcwroofs:orange_terracotta_roof,Orange Terracotta Roof,decoration/building block,Macaw's building block,,
mcwroofs,mcwroofs:orange_terracotta_steep_roof,Orange Terracotta Steep Base Roof,decoration/building block,Macaw's building block,,
mcwroofs,mcwroofs:orange_terracotta_top_roof,Orange Terracotta Top Roof,decoration/building block,Macaw's building block,,
mcwroofs,mcwroofs:orange_terracotta_upper_lower_roof,Orange Terracotta Lower Top Roof,decoration/building block,Macaw's building block,,
mcwroofs,mcwroofs:orange_terracotta_upper_steep_roof,Orange Terracotta Steep Top Roof,decoration/building block,Macaw's building block,,
mcwroofs,mcwroofs:pink_concrete_attic_roof,Pink Concrete Attic Roof,decoration/building block,Macaw's building block,,
mcwroofs,mcwroofs:pink_concrete_lower_roof,Pink Concrete Lower Base Roof,decoration/building block,Macaw's building block,,
mcwroofs,mcwroofs:pink_concrete_roof,Pink Concrete Roof,decoration/building block,Macaw's building block,,
mcwroofs,mcwroofs:pink_concrete_steep_roof,Pink Concrete Steep Base Roof,decoration/building block,Macaw's building block,,
mcwroofs,mcwroofs:pink_concrete_top_roof,Pink Concrete Top Roof,decoration/building block,Macaw's building block,,
mcwroofs,mcwroofs:pink_concrete_upper_lower_roof,Pink Concrete Lower Top Roof,decoration/building block,Macaw's building block,,
mcwroofs,mcwroofs:pink_concrete_upper_steep_roof,Pink Concrete Steep Top Roof,decoration/building block,Macaw's building block,,
mcwroofs,mcwroofs:pink_striped_awning,Pink Striped Awning,decoration/building block,Macaw's building block,,
mcwroofs,mcwroofs:pink_terracotta_attic_roof,Pink Terracotta Attic Roof,decoration/building block,Macaw's building block,,
mcwroofs,mcwroofs:pink_terracotta_lower_roof,Pink Terracotta Lower Base Roof,decoration/building block,Macaw's building block,,
mcwroofs,mcwroofs:pink_terracotta_roof,Pink Terracotta Roof,decoration/building block,Macaw's building block,,
mcwroofs,mcwroofs:pink_terracotta_steep_roof,Pink Terracotta Steep Base Roof,decoration/building block,Macaw's building block,,
mcwroofs,mcwroofs:pink_terracotta_top_roof,Pink Terracotta Top Roof,decoration/building block,Macaw's building block,,
mcwroofs,mcwroofs:pink_terracotta_upper_lower_roof,Pink Terracotta Lower Top Roof,decoration/building block,Macaw's building block,,
mcwroofs,mcwroofs:pink_terracotta_upper_steep_roof,Pink Terracotta Steep Top Roof,decoration/building block,Macaw's building block,,
mcwroofs,mcwroofs:prismarine_brick_attic_roof,Prismarine Brick Attic Roof,decoration/building block,Macaw's building block,,
mcwroofs,mcwroofs:prismarine_brick_lower_roof,Prismarine Brick Lower Base Roof,decoration/building block,Macaw's building block,,
mcwroofs,mcwroofs:prismarine_brick_roof,Prismarine Brick Roof,decoration/building block,Macaw's building block,,
mcwroofs,mcwroofs:prismarine_brick_steep_roof,Prismarine Brick Steep Base Roof,decoration/building block,Macaw's building block,,
mcwroofs,mcwroofs:prismarine_brick_top_roof,Prismarine Brick Top Roof,decoration/building block,Macaw's building block,,
mcwroofs,mcwroofs:prismarine_brick_upper_lower_roof,Prismarine Brick Lower Top Roof,decoration/building block,Macaw's building block,,
mcwroofs,mcwroofs:prismarine_brick_upper_steep_roof,Prismarine Brick Steep Top Roof,decoration/building block,Macaw's building block,,
mcwroofs,mcwroofs:purple_concrete_attic_roof,Purple Concrete Attic Roof,decoration/building block,Macaw's building block,,
mcwroofs,mcwroofs:purple_concrete_lower_roof,Purple Concrete Lower Base Roof,decoration/building block,Macaw's building block,,
mcwroofs,mcwroofs:purple_concrete_roof,Purple Concrete Roof,decoration/building block,Macaw's building block,,
mcwroofs,mcwroofs:purple_concrete_steep_roof,Purple Concrete Steep Base Roof,decoration/building block,Macaw's building block,,
mcwroofs,mcwroofs:purple_concrete_top_roof,Purple Concrete Top Roof,decoration/building block,Macaw's building block,,
mcwroofs,mcwroofs:purple_concrete_upper_lower_roof,Purple Concrete Lower Top Roof,decoration/building block,Macaw's building block,,
mcwroofs,mcwroofs:purple_concrete_upper_steep_roof,Purple Concrete Steep Top Roof,decoration/building block,Macaw's building block,,
mcwroofs,mcwroofs:purple_striped_awning,Purple Striped Awning,decoration/building block,Macaw's building block,,
mcwroofs,mcwroofs:purple_terracotta_attic_roof,Purple Terracotta Attic Roof,decoration/building block,Macaw's building block,,
mcwroofs,mcwroofs:purple_terracotta_lower_roof,Purple Terracotta Lower Base Roof,decoration/building block,Macaw's building block,,
mcwroofs,mcwroofs:purple_terracotta_roof,Purple Terracotta Roof,decoration/building block,Macaw's building block,,
mcwroofs,mcwroofs:purple_terracotta_steep_roof,Purple Terracotta Steep Base Roof,decoration/building block,Macaw's building block,,
mcwroofs,mcwroofs:purple_terracotta_top_roof,Purple Terracotta Top Roof,decoration/building block,Macaw's building block,,
mcwroofs,mcwroofs:purple_terracotta_upper_lower_roof,Purple Terracotta Lower Top Roof,decoration/building block,Macaw's building block,,
mcwroofs,mcwroofs:purple_terracotta_upper_steep_roof,Purple Terracotta Steep Top Roof,decoration/building block,Macaw's building block,,
mcwroofs,mcwroofs:rain_gutter,Base Rain Gutter,decoration/building block,Macaw's building block,,
mcwroofs,mcwroofs:red_concrete_attic_roof,Red Concrete Attic Roof,decoration/building block,Macaw's building block,,
mcwroofs,mcwroofs:red_concrete_lower_roof,Red Concrete Lower Base Roof,decoration/building block,Macaw's building block,,
mcwroofs,mcwroofs:red_concrete_roof,Red Concrete Roof,decoration/building block,Macaw's building block,,
mcwroofs,mcwroofs:red_concrete_steep_roof,Red Concrete Steep Base Roof,decoration/building block,Macaw's building block,,
mcwroofs,mcwroofs:red_concrete_top_roof,Red Concrete Top Roof,decoration/building block,Macaw's building block,,
mcwroofs,mcwroofs:red_concrete_upper_lower_roof,Red Concrete Lower Top Roof,decoration/building block,Macaw's building block,,
mcwroofs,mcwroofs:red_concrete_upper_steep_roof,Red Concrete Steep Top Roof,decoration/building block,Macaw's building block,,
mcwroofs,mcwroofs:red_nether_bricks_attic_roof,Red Nether Bricks Attic Roof,decoration/building block,Macaw's building block,,
mcwroofs,mcwroofs:red_nether_bricks_lower_roof,Red Nether Bricks Lower Base Roof,decoration/building block,Macaw's building block,,
mcwroofs,mcwroofs:red_nether_bricks_roof,Red Nether Bricks Roof,decoration/building block,Macaw's building block,,
mcwroofs,mcwroofs:red_nether_bricks_steep_roof,Red Nether Bricks Steep Base Roof,decoration/building block,Macaw's building block,,
mcwroofs,mcwroofs:red_nether_bricks_top_roof,Red Nether Bricks Top Roof,decoration/building block,Macaw's building block,,
mcwroofs,mcwroofs:red_nether_bricks_upper_lower_roof,Red Nether Bricks Lower Top Roof,decoration/building block,Macaw's building block,,
mcwroofs,mcwroofs:red_nether_bricks_upper_steep_roof,Red Nether Bricks Steep Top Roof,decoration/building block,Macaw's building block,,
mcwroofs,mcwroofs:red_sandstone_attic_roof,Red Sandstone Attic Roof,decoration/building block,Macaw's building block,,
mcwroofs,mcwroofs:red_sandstone_lower_roof,Red Sandstone Lower Base Roof,decoration/building block,Macaw's building block,,
mcwroofs,mcwroofs:red_sandstone_roof,Red Sandstone Roof,decoration/building block,Macaw's building block,,
mcwroofs,mcwroofs:red_sandstone_steep_roof,Red Sandstone Steep Base Roof,decoration/building block,Macaw's building block,,
mcwroofs,mcwroofs:red_sandstone_top_roof,Red Sandstone Top Roof,decoration/building block,Macaw's building block,,
mcwroofs,mcwroofs:red_sandstone_upper_lower_roof,Red Sandstone Lower Top Roof,decoration/building block,Macaw's building block,,
mcwroofs,mcwroofs:red_sandstone_upper_steep_roof,Red Sandstone Steep Top Roof,decoration/building block,Macaw's building block,,
mcwroofs,mcwroofs:red_striped_awning,Red Striped Awning,decoration/building block,Macaw's building block,,
mcwroofs,mcwroofs:red_terracotta_attic_roof,Red Terracotta Attic Roof,decoration/building block,Macaw's building block,,
mcwroofs,mcwroofs:red_terracotta_lower_roof,Red Terracotta Lower Base Roof,decoration/building block,Macaw's building block,,
mcwroofs,mcwroofs:red_terracotta_roof,Red Terracotta Roof,decoration/building block,Macaw's building block,,
mcwroofs,mcwroofs:red_terracotta_steep_roof,Red Terracotta Steep Base Roof,decoration/building block,Macaw's building block,,
mcwroofs,mcwroofs:red_terracotta_top_roof,Red Terracotta Top Roof,decoration/building block,Macaw's building block,,
mcwroofs,mcwroofs:red_terracotta_upper_lower_roof,Red Terracotta Lower Top Roof,decoration/building block,Macaw's building block,,
mcwroofs,mcwroofs:red_terracotta_upper_steep_roof,Red Terracotta Steep Top Roof,decoration/building block,Macaw's building block,,
mcwroofs,mcwroofs:roofing_hammer,Roofing Hammer,decoration/building block,Macaw's building block,,
mcwroofs,mcwroofs:sandstone_attic_roof,Sandstone Attic Roof,decoration/building block,Macaw's building block,,
mcwroofs,mcwroofs:sandstone_lower_roof,Sandstone Lower Base Roof,decoration/building block,Macaw's building block,,
mcwroofs,mcwroofs:sandstone_roof,Sandstone Roof,decoration/building block,Macaw's building block,,
mcwroofs,mcwroofs:sandstone_steep_roof,Sandstone Steep Base Roof,decoration/building block,Macaw's building block,,
mcwroofs,mcwroofs:sandstone_top_roof,Sandstone Top Roof,decoration/building block,Macaw's building block,,
mcwroofs,mcwroofs:sandstone_upper_lower_roof,Sandstone Lower Top Roof,decoration/building block,Macaw's building block,,
mcwroofs,mcwroofs:sandstone_upper_steep_roof,Sandstone Steep Top Roof,decoration/building block,Macaw's building block,,
mcwroofs,mcwroofs:spruce_attic_roof,Spruce Attic Roof,decoration/building block,Macaw's building block,,
mcwroofs,mcwroofs:spruce_lower_roof,Spruce Lower Base Roof,decoration/building block,Macaw's building block,,
mcwroofs,mcwroofs:spruce_planks_attic_roof,Spruce Planks Attic Roof,decoration/building block,Macaw's building block,,
mcwroofs,mcwroofs:spruce_planks_lower_roof,Spruce Planks Lower Base Roof,decoration/building block,Macaw's building block,,
mcwroofs,mcwroofs:spruce_planks_roof,Spruce Planks Roof,decoration/building block,Macaw's building block,,
mcwroofs,mcwroofs:spruce_planks_steep_roof,Spruce Planks Steep Base Roof,decoration/building block,Macaw's building block,,
mcwroofs,mcwroofs:spruce_planks_top_roof,Spruce Planks Top Roof,decoration/building block,Macaw's building block,,
mcwroofs,mcwroofs:spruce_planks_upper_lower_roof,Spruce Planks Lower Top Roof,decoration/building block,Macaw's building block,,
mcwroofs,mcwroofs:spruce_planks_upper_steep_roof,Spruce Planks Steep Top Roof,decoration/building block,Macaw's building block,,
mcwroofs,mcwroofs:spruce_roof,Spruce Roof,decoration/building block,Macaw's building block,,
mcwroofs,mcwroofs:spruce_steep_roof,Spruce Steep Base Roof,decoration/building block,Macaw's building block,,
mcwroofs,mcwroofs:spruce_top_roof,Spruce Top Roof,decoration/building block,Macaw's building block,,
mcwroofs,mcwroofs:spruce_upper_lower_roof,Spruce Lower Top Roof,decoration/building block,Macaw's building block,,
mcwroofs,mcwroofs:spruce_upper_steep_roof,Spruce Steep Top Roof,decoration/building block,Macaw's building block,,
mcwroofs,mcwroofs:stone_attic_roof,Stone Attic Roof,decoration/building block,Macaw's building block,,
mcwroofs,mcwroofs:stone_bricks_attic_roof,Stone Bricks Attic Roof,decoration/building block,Macaw's building block,,
mcwroofs,mcwroofs:stone_bricks_lower_roof,Stone Bricks Lower Base Roof,decoration/building block,Macaw's building block,,
mcwroofs,mcwroofs:stone_bricks_roof,Stone Bricks Roof,decoration/building block,Macaw's building block,,
mcwroofs,mcwroofs:stone_bricks_steep_roof,Stone Bricks Steep Base Roof,decoration/building block,Macaw's building block,,
mcwroofs,mcwroofs:stone_bricks_top_roof,Stone Bricks Top Roof,decoration/building block,Macaw's building block,,
mcwroofs,mcwroofs:stone_bricks_upper_lower_roof,Stone Bricks Lower Top Roof,decoration/building block,Macaw's building block,,
mcwroofs,mcwroofs:stone_bricks_upper_steep_roof,Stone Bricks Steep Top Roof,decoration/building block,Macaw's building block,,
mcwroofs,mcwroofs:stone_lower_roof,Stone Lower Base Roof,decoration/building block,Macaw's building block,,
mcwroofs,mcwroofs:stone_roof,Stone Roof,decoration/building block,Macaw's building block,,
mcwroofs,mcwroofs:stone_steep_roof,Stone Steep Base Roof,decoration/building block,Macaw's building block,,
mcwroofs,mcwroofs:stone_top_roof,Stone Top Roof,decoration/building block,Macaw's building block,,
mcwroofs,mcwroofs:stone_upper_lower_roof,Stone Lower Top Roof,decoration/building block,Macaw's building block,,
mcwroofs,mcwroofs:stone_upper_steep_roof,Stone Steep Top Roof,decoration/building block,Macaw's building block,,
mcwroofs,mcwroofs:thatch_attic_roof,Thatch Attic Roof,decoration/building block,Macaw's building block,,
mcwroofs,mcwroofs:thatch_lower_roof,Thatch Lower Base Roof,decoration/building block,Macaw's building block,,
mcwroofs,mcwroofs:thatch_roof,Thatch Roof,decoration/building block,Macaw's building block,,
mcwroofs,mcwroofs:thatch_steep_roof,Thatch Steep Base Roof,decoration/building block,Macaw's building block,,
mcwroofs,mcwroofs:thatch_top_roof,Thatch Top Roof,decoration/building block,Macaw's building block,,
mcwroofs,mcwroofs:thatch_upper_lower_roof,Thatch Lower Top Roof,decoration/building block,Macaw's building block,,
mcwroofs,mcwroofs:thatch_upper_steep_roof,Thatch Steep Top Roof,decoration/building block,Macaw's building block,,
mcwroofs,mcwroofs:warped_attic_roof,Warped Attic Roof,decoration/building block,Macaw's building block,,
mcwroofs,mcwroofs:warped_lower_roof,Warped Lower Base Roof,decoration/building block,Macaw's building block,,
mcwroofs,mcwroofs:warped_planks_attic_roof,Warped Planks Attic Roof,decoration/building block,Macaw's building block,,
mcwroofs,mcwroofs:warped_planks_lower_roof,Warped Planks Lower Base Roof,decoration/building block,Macaw's building block,,
mcwroofs,mcwroofs:warped_planks_roof,Warped Planks Roof,decoration/building block,Macaw's building block,,
mcwroofs,mcwroofs:warped_planks_steep_roof,Warped Planks Steep Base Roof,decoration/building block,Macaw's building block,,
mcwroofs,mcwroofs:warped_planks_top_roof,Warped Planks Top Roof,decoration/building block,Macaw's building block,,
mcwroofs,mcwroofs:warped_planks_upper_lower_roof,Warped Planks Lower Top Roof,decoration/building block,Macaw's building block,,
mcwroofs,mcwroofs:warped_planks_upper_steep_roof,Warped Planks Steep Top Roof,decoration/building block,Macaw's building block,,
mcwroofs,mcwroofs:warped_roof,Warped Roof,decoration/building block,Macaw's building block,,
mcwroofs,mcwroofs:warped_steep_roof,Warped Steep Base Roof,decoration/building block,Macaw's building block,,
mcwroofs,mcwroofs:warped_top_roof,Warped Top Roof,decoration/building block,Macaw's building block,,
mcwroofs,mcwroofs:warped_upper_lower_roof,Warped Lower Top Roof,decoration/building block,Macaw's building block,,
mcwroofs,mcwroofs:warped_upper_steep_roof,Warped Steep Top Roof,decoration/building block,Macaw's building block,,
mcwroofs,mcwroofs:white_attic_roof,White Attic Roof,decoration/building block,Macaw's building block,,
mcwroofs,mcwroofs:white_concrete_attic_roof,White Concrete Attic Roof,decoration/building block,Macaw's building block,,
mcwroofs,mcwroofs:white_concrete_lower_roof,White Concrete Lower Base Roof,decoration/building block,Macaw's building block,,
mcwroofs,mcwroofs:white_concrete_roof,White Concrete Roof,decoration/building block,Macaw's building block,,
mcwroofs,mcwroofs:white_concrete_steep_roof,White Concrete Steep Base Roof,decoration/building block,Macaw's building block,,
mcwroofs,mcwroofs:white_concrete_top_roof,White Concrete Top Roof,decoration/building block,Macaw's building block,,
mcwroofs,mcwroofs:white_concrete_upper_lower_roof,White Concrete Lower Top Roof,decoration/building block,Macaw's building block,,
mcwroofs,mcwroofs:white_concrete_upper_steep_roof,White Concrete Steep Top Roof,decoration/building block,Macaw's building block,,
mcwroofs,mcwroofs:white_lower_roof,White Lower Base Roof,decoration/building block,Macaw's building block,,
mcwroofs,mcwroofs:white_roof,White Roof,decoration/building block,Macaw's building block,,
mcwroofs,mcwroofs:white_roof_block,White Roof Block,decoration/building block,Macaw's building block,,
mcwroofs,mcwroofs:white_roof_slab,White Roof Slab,decoration/building block,Macaw's building block,,
mcwroofs,mcwroofs:white_steep_roof,White Steep Base Roof,decoration/building block,Macaw's building block,,
mcwroofs,mcwroofs:white_terracotta_attic_roof,White Terracotta Attic Roof,decoration/building block,Macaw's building block,,
mcwroofs,mcwroofs:white_terracotta_lower_roof,White Terracotta Lower Base Roof,decoration/building block,Macaw's building block,,
mcwroofs,mcwroofs:white_terracotta_roof,White Terracotta Roof,decoration/building block,Macaw's building block,,
mcwroofs,mcwroofs:white_terracotta_steep_roof,White Terracotta Steep Base Roof,decoration/building block,Macaw's building block,,
mcwroofs,mcwroofs:white_terracotta_top_roof,White Terracotta Top Roof,decoration/building block,Macaw's building block,,
mcwroofs,mcwroofs:white_terracotta_upper_lower_roof,White Terracotta Lower Top Roof,decoration/building block,Macaw's building block,,
mcwroofs,mcwroofs:white_terracotta_upper_steep_roof,White Terracotta Steep Top Roof,decoration/building block,Macaw's building block,,
mcwroofs,mcwroofs:white_top_roof,White Top Roof,decoration/building block,Macaw's building block,,
mcwroofs,mcwroofs:white_upper_lower_roof,White Lower Top Roof,decoration/building block,Macaw's building block,,
mcwroofs,mcwroofs:white_upper_steep_roof,White Steep Top Roof,decoration/building block,Macaw's building block,,
mcwroofs,mcwroofs:yellow_concrete_attic_roof,Yellow Concrete Attic Roof,decoration/building block,Macaw's building block,,
mcwroofs,mcwroofs:yellow_concrete_lower_roof,Yellow Concrete Lower Base Roof,decoration/building block,Macaw's building block,,
mcwroofs,mcwroofs:yellow_concrete_roof,Yellow Concrete Roof,decoration/building block,Macaw's building block,,
mcwroofs,mcwroofs:yellow_concrete_steep_roof,Yellow Concrete Steep Base Roof,decoration/building block,Macaw's building block,,
mcwroofs,mcwroofs:yellow_concrete_top_roof,Yellow Concrete Top Roof,decoration/building block,Macaw's building block,,
mcwroofs,mcwroofs:yellow_concrete_upper_lower_roof,Yellow Concrete Lower Top Roof,decoration/building block,Macaw's building block,,
mcwroofs,mcwroofs:yellow_concrete_upper_steep_roof,Yellow Concrete Steep Top Roof,decoration/building block,Macaw's building block,,
mcwroofs,mcwroofs:yellow_striped_awning,Yellow Striped Awning,decoration/building block,Macaw's building block,,
mcwroofs,mcwroofs:yellow_terracotta_attic_roof,Yellow Terracotta Attic Roof,decoration/building block,Macaw's building block,,
mcwroofs,mcwroofs:yellow_terracotta_lower_roof,Yellow Terracotta Lower Base Roof,decoration/building block,Macaw's building block,,
mcwroofs,mcwroofs:yellow_terracotta_roof,Yellow Terracotta Roof,decoration/building block,Macaw's building block,,
mcwroofs,mcwroofs:yellow_terracotta_steep_roof,Yellow Terracotta Steep Base Roof,decoration/building block,Macaw's building block,,
mcwroofs,mcwroofs:yellow_terracotta_top_roof,Yellow Terracotta Top Roof,decoration/building block,Macaw's building block,,
mcwroofs,mcwroofs:yellow_terracotta_upper_lower_roof,Yellow Terracotta Lower Top Roof,decoration/building block,Macaw's building block,,
mcwroofs,mcwroofs:yellow_terracotta_upper_steep_roof,Yellow Terracotta Steep Top Roof,decoration/building block,Macaw's building block,,
mcwwindows,mcwwindows:acacia_blinds,Acacia Blinds,decoration/building block,Macaw's building block,,
mcwwindows,mcwwindows:acacia_curtain_rod,Acacia Curtain Rod,decoration/building block,Macaw's building block,,
mcwwindows,mcwwindows:acacia_four_window,Acacia Four Pane Window,decoration/building block,Macaw's building block,,
mcwwindows,mcwwindows:acacia_log_parapet,Acacia Parapet,decoration/building block,Macaw's building block,,
mcwwindows,mcwwindows:acacia_louvered_shutter,Acacia Louvered Shutter,decoration/building block,Macaw's building block,,
mcwwindows,mcwwindows:acacia_pane_window,Acacia Pane Window,decoration/building block,Macaw's building block,,
mcwwindows,mcwwindows:acacia_plank_four_window,Acacia Planks Four Pane Window,decoration/building block,Macaw's building block,,
mcwwindows,mcwwindows:acacia_plank_pane_window,Acacia Planks Pane Window,decoration/building block,Macaw's building block,,
mcwwindows,mcwwindows:acacia_plank_parapet,Acacia Planks Parapet,decoration/building block,Macaw's building block,,
mcwwindows,mcwwindows:acacia_plank_window,Resizeable Acacia Planks Window,decoration/building block,Macaw's building block,,
mcwwindows,mcwwindows:acacia_plank_window2,Rectangle Acacia Planks Window,decoration/building block,Macaw's building block,,
mcwwindows,mcwwindows:acacia_shutter,Acacia Shutter,decoration/building block,Macaw's building block,,
mcwwindows,mcwwindows:acacia_window,Resizeable Acacia Window,decoration/building block,Macaw's building block,,
mcwwindows,mcwwindows:acacia_window2,Rectangle Acacia Window,decoration/building block,Macaw's building block,,
mcwwindows,mcwwindows:andesite_four_window,Andesite Four Pane Window,decoration/building block,Macaw's building block,,
mcwwindows,mcwwindows:andesite_louvered_shutter,Andesite Louvered Shutter,decoration/building block,Macaw's building block,,
mcwwindows,mcwwindows:andesite_pane_window,Andesite Pane Window,decoration/building block,Macaw's building block,,
mcwwindows,mcwwindows:andesite_parapet,Andesite Parapet,decoration/building block,Macaw's building block,,
mcwwindows,mcwwindows:andesite_window,Resizeable Andesite Window,decoration/building block,Macaw's building block,,
mcwwindows,mcwwindows:andesite_window2,Rectangle Andesite Window,decoration/building block,Macaw's building block,,
mcwwindows,mcwwindows:bamboo_shutter,Bamboo Shutter,decoration/building block,Macaw's building block,,
mcwwindows,mcwwindows:birch_blinds,Birch Blinds,decoration/building block,Macaw's building block,,
mcwwindows,mcwwindows:birch_curtain_rod,Birch Curtain Rod,decoration/building block,Macaw's building block,,
mcwwindows,mcwwindows:birch_four_window,Birch Four Pane Window,decoration/building block,Macaw's building block,,
mcwwindows,mcwwindows:birch_log_parapet,Birch Parapet,decoration/building block,Macaw's building block,,
mcwwindows,mcwwindows:birch_louvered_shutter,Birch Louvered Shutter,decoration/building block,Macaw's building block,,
mcwwindows,mcwwindows:birch_pane_window,Birch Pane Window,decoration/building block,Macaw's building block,,
mcwwindows,mcwwindows:birch_plank_four_window,Birch Planks Four Pane Window,decoration/building block,Macaw's building block,,
mcwwindows,mcwwindows:birch_plank_pane_window,Birch Planks Pane Window,decoration/building block,Macaw's building block,,
mcwwindows,mcwwindows:birch_plank_parapet,Birch Planks Parapet,decoration/building block,Macaw's building block,,
mcwwindows,mcwwindows:birch_plank_window,Resizeable Birch Planks Window,decoration/building block,Macaw's building block,,
mcwwindows,mcwwindows:birch_plank_window2,Rectangle Birch Planks Window,decoration/building block,Macaw's building block,,
mcwwindows,mcwwindows:birch_shutter,Birch Shutter,decoration/building block,Macaw's building block,,
mcwwindows,mcwwindows:birch_window,Resizeable Birch Window,decoration/building block,Macaw's building block,,
mcwwindows,mcwwindows:birch_window2,Rectangle Birch Window,decoration/building block,Macaw's building block,,
mcwwindows,mcwwindows:black_curtain,Black Curtain,decoration/building block,Macaw's building block,,
mcwwindows,mcwwindows:black_mosaic_glass,Black Mosaic Glass,decoration/building block,Macaw's building block,,
mcwwindows,mcwwindows:black_mosaic_glass_pane,Black Mosaic Glass Pane,decoration/building block,Macaw's building block,,
mcwwindows,mcwwindows:blackstone_brick_arrow_slit,Blackstone Brick Arrow Slit,decoration/building block,Macaw's building block,,
mcwwindows,mcwwindows:blackstone_brick_gothic,Blackstone Gothic Window,decoration/building block,Macaw's building block,,
mcwwindows,mcwwindows:blackstone_four_window,Blackstone Four Pane Window,decoration/building block,Macaw's building block,,
mcwwindows,mcwwindows:blackstone_pane_window,Blackstone Pane Window,decoration/building block,Macaw's building block,,
mcwwindows,mcwwindows:blackstone_parapet,Blackstone Parapet,decoration/building block,Macaw's building block,,
mcwwindows,mcwwindows:blackstone_window,Resizeable Blackstone Window,decoration/building block,Macaw's building block,,
mcwwindows,mcwwindows:blackstone_window2,Rectangle Blackstone Window,decoration/building block,Macaw's building block,,
mcwwindows,mcwwindows:blue_curtain,Blue Curtain,decoration/building block,Macaw's building block,,
mcwwindows,mcwwindows:blue_mosaic_glass,Blue Mosaic Glass,decoration/building block,Macaw's building block,,
mcwwindows,mcwwindows:blue_mosaic_glass_pane,Blue Mosaic Glass Pane,decoration/building block,Macaw's building block,,
mcwwindows,mcwwindows:bricks_four_window,Bricks Four Window,decoration/building block,Macaw's building block,,
mcwwindows,mcwwindows:bricks_pane_window,Bricks Pane Window,decoration/building block,Macaw's building block,,
mcwwindows,mcwwindows:bricks_window,Resizeable Bricks Window,decoration/building block,Macaw's building block,,
mcwwindows,mcwwindows:bricks_window2,Rectangle Bricks Window,decoration/building block,Macaw's building block,,
mcwwindows,mcwwindows:brown_curtain,Brown Curtain,decoration/building block,Macaw's building block,,
mcwwindows,mcwwindows:brown_mosaic_glass,Brown Mosaic Glass,decoration/building block,Macaw's building block,,
mcwwindows,mcwwindows:brown_mosaic_glass_pane,Brown Mosaic Glass Pane,decoration/building block,Macaw's building block,,
mcwwindows,mcwwindows:cherry_blinds,Cherry Blinds,decoration/building block,Macaw's building block,,
mcwwindows,mcwwindows:cherry_curtain_rod,Cherry Curtain Rod,decoration/building block,Macaw's building block,,
mcwwindows,mcwwindows:cherry_four_window,Cherry Four Pane Window,decoration/building block,Macaw's building block,,
mcwwindows,mcwwindows:cherry_log_parapet,Cherry Parapet,decoration/building block,Macaw's building block,,
mcwwindows,mcwwindows:cherry_louvered_shutter,Cherry Louvered Shutter,decoration/building block,Macaw's building block,,
mcwwindows,mcwwindows:cherry_pane_window,Cherry Pane Window,decoration/building block,Macaw's building block,,
mcwwindows,mcwwindows:cherry_plank_four_window,Cherry Planks Four Pane Window,decoration/building block,Macaw's building block,,
mcwwindows,mcwwindows:cherry_plank_pane_window,Cherry Planks Pane Window,decoration/building block,Macaw's building block,,
mcwwindows,mcwwindows:cherry_plank_parapet,Cherry Planks Parapet,decoration/building block,Macaw's building block,,
mcwwindows,mcwwindows:cherry_plank_window,Resizeable Cherry Planks Window,decoration/building block,Macaw's building block,,
mcwwindows,mcwwindows:cherry_plank_window2,Rectangle Cherry Planks Window,decoration/building block,Macaw's building block,,
mcwwindows,mcwwindows:cherry_shutter,Cherry Shutter,decoration/building block,Macaw's building block,,
mcwwindows,mcwwindows:cherry_window,Resizeable Cherry Window,decoration/building block,Macaw's building block,,
mcwwindows,mcwwindows:cherry_window2,Rectangle Cherry Window,decoration/building block,Macaw's building block,,
mcwwindows,mcwwindows:cobblestone_arrow_slit,Cobblestone Arrow Slit,decoration/building block,Macaw's building block,,
mcwwindows,mcwwindows:crimson_blinds,Crimson Blinds,decoration/building block,Macaw's building block,,
mcwwindows,mcwwindows:crimson_curtain_rod,Crimson Curtain Rod,decoration/building block,Macaw's building block,,
mcwwindows,mcwwindows:crimson_louvered_shutter,Crimson Louvered Shutter,decoration/building block,Macaw's building block,,
mcwwindows,mcwwindows:crimson_pane_window,Crimson Pane Window,decoration/building block,Macaw's building block,,
mcwwindows,mcwwindows:crimson_plank_pane_window,Crimson Planks Pane Window,decoration/building block,Macaw's building block,,
mcwwindows,mcwwindows:crimson_plank_parapet,Crimson Planks Parapet,decoration/building block,Macaw's building block,,
mcwwindows,mcwwindows:crimson_planks_four_window,Crimson Planks Four Pane Window,decoration/building block,Macaw's building block,,
mcwwindows,mcwwindows:crimson_planks_window,Resizeable Crimson Planks Window,decoration/building block,Macaw's building block,,
mcwwindows,mcwwindows:crimson_planks_window2,Rectangle Crimson Planks Window,decoration/building block,Macaw's building block,,
mcwwindows,mcwwindows:crimson_shutter,Crimson Shutter,decoration/building block,Macaw's building block,,
mcwwindows,mcwwindows:crimson_stem_four_window,Crimson Stem Four Pane Window,decoration/building block,Macaw's building block,,
mcwwindows,mcwwindows:crimson_stem_parapet,Crimson Stem Parapet,decoration/building block,Macaw's building block,,
mcwwindows,mcwwindows:crimson_stem_window,Resizeable Crimson Stem Window,decoration/building block,Macaw's building block,,
mcwwindows,mcwwindows:crimson_stem_window2,Rectangle Crimson Stem Window,decoration/building block,Macaw's building block,,
mcwwindows,mcwwindows:cyan_curtain,Cyan Curtain,decoration/building block,Macaw's building block,,
mcwwindows,mcwwindows:cyan_mosaic_glass,Cyan Mosaic Glass,decoration/building block,Macaw's building block,,
mcwwindows,mcwwindows:cyan_mosaic_glass_pane,Cyan Mosaic Glass Pane,decoration/building block,Macaw's building block,,
mcwwindows,mcwwindows:dark_oak_blinds,Dark Oak Blinds,decoration/building block,Macaw's building block,,
mcwwindows,mcwwindows:dark_oak_curtain_rod,Dark Oak Curtain Rod,decoration/building block,Macaw's building block,,
mcwwindows,mcwwindows:dark_oak_four_window,Dark Oak Four Pane Window,decoration/building block,Macaw's building block,,
mcwwindows,mcwwindows:dark_oak_log_parapet,Dark Oak Parapet,decoration/building block,Macaw's building block,,
mcwwindows,mcwwindows:dark_oak_louvered_shutter,Dark Oak Louvered Shutter,decoration/building block,Macaw's building block,,
mcwwindows,mcwwindows:dark_oak_pane_window,Dark Oak Pane Window,decoration/building block,Macaw's building block,,
mcwwindows,mcwwindows:dark_oak_plank_four_window,Dark Oak Planks Four Pane Window,decoration/building block,Macaw's building block,,
mcwwindows,mcwwindows:dark_oak_plank_pane_window,Dark Planks Oak Pane Window,decoration/building block,Macaw's building block,,
mcwwindows,mcwwindows:dark_oak_plank_parapet,Dark Oak Planks Parapet,decoration/building block,Macaw's building block,,
mcwwindows,mcwwindows:dark_oak_plank_window,Resizeable Dark Oak Planks Window,decoration/building block,Macaw's building block,,
mcwwindows,mcwwindows:dark_oak_plank_window2,Rectangle Dark Oak Planks Window,decoration/building block,Macaw's building block,,
mcwwindows,mcwwindows:dark_oak_shutter,Dark Oak Shutter,decoration/building block,Macaw's building block,,
mcwwindows,mcwwindows:dark_oak_window,Resizeable Dark Oak Window,decoration/building block,Macaw's building block,,
mcwwindows,mcwwindows:dark_oak_window2,Rectangle Dark Oak Window,decoration/building block,Macaw's building block,,
mcwwindows,mcwwindows:dark_prismarine_brick_arrow_slit,Dark Prismarine Brick Arrow Slit,decoration/building block,Macaw's building block,,
mcwwindows,mcwwindows:dark_prismarine_brick_gothic,Dark Prismarine Gothic Window,decoration/building block,Macaw's building block,,
mcwwindows,mcwwindows:dark_prismarine_four_window,Dark Prismarine Four Pane Window,decoration/building block,Macaw's building block,,
mcwwindows,mcwwindows:dark_prismarine_pane_window,Dark Prismarine Pane Window,decoration/building block,Macaw's building block,,
mcwwindows,mcwwindows:dark_prismarine_parapet,Dark Prismarine Parapet,decoration/building block,Macaw's building block,,
mcwwindows,mcwwindows:dark_prismarine_window,Resizeable Dark Prismarine Window,decoration/building block,Macaw's building block,,
mcwwindows,mcwwindows:dark_prismarine_window2,Rectangle Dark Prismarine Window,decoration/building block,Macaw's building block,,
mcwwindows,mcwwindows:deepslate_four_window,Deepslate Four Window,decoration/building block,Macaw's building block,,
mcwwindows,mcwwindows:deepslate_pane_window,Deepslate Pane Window,decoration/building block,Macaw's building block,,
mcwwindows,mcwwindows:deepslate_window,Resizeable Deepslate Window,decoration/building block,Macaw's building block,,
mcwwindows,mcwwindows:deepslate_window2,Rectangle Deepslate Window,decoration/building block,Macaw's building block,,
mcwwindows,mcwwindows:diorite_four_window,Diorite Four Pane Window,decoration/building block,Macaw's building block,,
mcwwindows,mcwwindows:diorite_louvered_shutter,Diorite Louvered Shutter,decoration/building block,Macaw's building block,,
mcwwindows,mcwwindows:diorite_pane_window,Diorite Pane Window,decoration/building block,Macaw's building block,,
mcwwindows,mcwwindows:diorite_parapet,Diorite Parapet,decoration/building block,Macaw's building block,,
mcwwindows,mcwwindows:diorite_window,Resizeable Diorite Window,decoration/building block,Macaw's building block,,
mcwwindows,mcwwindows:diorite_window2,Rectangle Diorite Window,decoration/building block,Macaw's building block,,
mcwwindows,mcwwindows:end_brick_gothic,End Brick Gothic Window,decoration/building block,Macaw's building block,,
mcwwindows,mcwwindows:ender_brick_arrow_slit,End Brick Arrow Slit,decoration/building block,Macaw's building block,,
mcwwindows,mcwwindows:golden_curtain_rod,Golden Curtain Rod,decoration/building block,Macaw's building block,,
mcwwindows,mcwwindows:granite_four_window,Granite Four Pane Window,decoration/building block,Macaw's building block,,
mcwwindows,mcwwindows:granite_louvered_shutter,Granite Louvered Shutter,decoration/building block,Macaw's building block,,
mcwwindows,mcwwindows:granite_pane_window,Granite Pane Window,decoration/building block,Macaw's building block,,
mcwwindows,mcwwindows:granite_parapet,Granite Parapet,decoration/building block,Macaw's building block,,
mcwwindows,mcwwindows:granite_window,Resizeable Granite Window,decoration/building block,Macaw's building block,,
mcwwindows,mcwwindows:granite_window2,Rectangle Granite Window,decoration/building block,Macaw's building block,,
mcwwindows,mcwwindows:gray_curtain,Gray Curtain,decoration/building block,Macaw's building block,,
mcwwindows,mcwwindows:gray_mosaic_glass,Gray Mosaic Glass,decoration/building block,Macaw's building block,,
mcwwindows,mcwwindows:gray_mosaic_glass_pane,Gray Mosaic Glass Pane,decoration/building block,Macaw's building block,,
mcwwindows,mcwwindows:green_curtain,Green Curtain,decoration/building block,Macaw's building block,,
mcwwindows,mcwwindows:green_mosaic_glass,Green Mosaic Glass,decoration/building block,Macaw's building block,,
mcwwindows,mcwwindows:green_mosaic_glass_pane,Green Mosaic Glass Pane,decoration/building block,Macaw's building block,,
mcwwindows,mcwwindows:hammer,Window Hammer,decoration/building block,Macaw's building block,,
mcwwindows,mcwwindows:iron_shutter,Iron Shutter,decoration/building block,Macaw's building block,,
mcwwindows,mcwwindows:jungle_blinds,Jungle Blinds,decoration/building block,Macaw's building block,,
mcwwindows,mcwwindows:jungle_curtain_rod,Jungle Curtain Rod,decoration/building block,Macaw's building block,,
mcwwindows,mcwwindows:jungle_four_window,Jungle Four Pane Window,decoration/building block,Macaw's building block,,
mcwwindows,mcwwindows:jungle_log_parapet,Jungle Parapet,decoration/building block,Macaw's building block,,
mcwwindows,mcwwindows:jungle_louvered_shutter,Jungle Louvered Shutter,decoration/building block,Macaw's building block,,
mcwwindows,mcwwindows:jungle_pane_window,Jungle Pane Window,decoration/building block,Macaw's building block,,
mcwwindows,mcwwindows:jungle_plank_four_window,Jungle Planks Four Pane Window,decoration/building block,Macaw's building block,,
mcwwindows,mcwwindows:jungle_plank_pane_window,Jungle Planks Pane Window,decoration/building block,Macaw's building block,,
mcwwindows,mcwwindows:jungle_plank_parapet,Jungle Planks Parapet,decoration/building block,Macaw's building block,,
mcwwindows,mcwwindows:jungle_plank_window,Resizeable Jungle Planks Window,decoration/building block,Macaw's building block,,
mcwwindows,mcwwindows:jungle_plank_window2,Rectangle Jungle Planks Window,decoration/building block,Macaw's building block,,
mcwwindows,mcwwindows:jungle_shutter,Jungle Shutter,decoration/building block,Macaw's building block,,
mcwwindows,mcwwindows:jungle_window,Resizeable Jungle Window,decoration/building block,Macaw's building block,,
mcwwindows,mcwwindows:jungle_window2,Rectangle Jungle Window,decoration/building block,Macaw's building block,,
mcwwindows,mcwwindows:key,Window Key,decoration/building block,Macaw's building block,,
mcwwindows,mcwwindows:light_blue_curtain,Light Blue Curtain,decoration/building block,Macaw's building block,,
mcwwindows,mcwwindows:light_blue_mosaic_glass,Light Blue Mosaic Glass,decoration/building block,Macaw's building block,,
mcwwindows,mcwwindows:light_blue_mosaic_glass_pane,Light Blue Mosaic Glass Pane,decoration/building block,Macaw's building block,,
mcwwindows,mcwwindows:light_gray_curtain,Light Gray Curtain,decoration/building block,Macaw's building block,,
mcwwindows,mcwwindows:light_gray_mosaic_glass,Light Gray Mosaic Glass,decoration/building block,Macaw's building block,,
mcwwindows,mcwwindows:light_gray_mosaic_glass_pane,Light Gray Mosaic Glass Pane,decoration/building block,Macaw's building block,,
mcwwindows,mcwwindows:lime_curtain,Lime Curtain,decoration/building block,Macaw's building block,,
mcwwindows,mcwwindows:lime_mosaic_glass,Lime Mosaic Glass,decoration/building block,Macaw's building block,,
mcwwindows,mcwwindows:lime_mosaic_glass_pane,Lime Mosaic Glass Pane,decoration/building block,Macaw's building block,,
mcwwindows,mcwwindows:magenta_curtain,Magenta Curtain,decoration/building block,Macaw's building block,,
mcwwindows,mcwwindows:magenta_mosaic_glass,Magenta Mosaic Glass,decoration/building block,Macaw's building block,,
mcwwindows,mcwwindows:magenta_mosaic_glass_pane,Magenta Mosaic Glass Pane,decoration/building block,Macaw's building block,,
mcwwindows,mcwwindows:mangrove_blinds,Mangrove Blinds,decoration/building block,Macaw's building block,,
mcwwindows,mcwwindows:mangrove_curtain_rod,Mangrove Curtain Rod,decoration/building block,Macaw's building block,,
mcwwindows,mcwwindows:mangrove_four_window,Mangrove Four Pane Window,decoration/building block,Macaw's building block,,
mcwwindows,mcwwindows:mangrove_log_parapet,Mangrove Parapet,decoration/building block,Macaw's building block,,
mcwwindows,mcwwindows:mangrove_louvered_shutter,Mangrove Louvered Shutter,decoration/building block,Macaw's building block,,
mcwwindows,mcwwindows:mangrove_pane_window,Mangrove Pane Window,decoration/building block,Macaw's building block,,
mcwwindows,mcwwindows:mangrove_plank_four_window,Mangrove Planks Four Pane Window,decoration/building block,Macaw's building block,,
mcwwindows,mcwwindows:mangrove_plank_pane_window,Mangrove Planks Pane Window,decoration/building block,Macaw's building block,,
mcwwindows,mcwwindows:mangrove_plank_parapet,Mangrove Planks Parapet,decoration/building block,Macaw's building block,,
mcwwindows,mcwwindows:mangrove_plank_window,Resizeable Mangrove Planks Window,decoration/building block,Macaw's building block,,
mcwwindows,mcwwindows:mangrove_plank_window2,Rectangle Mangrove Planks Window,decoration/building block,Macaw's building block,,
mcwwindows,mcwwindows:mangrove_shutter,Mangrove Shutter,decoration/building block,Macaw's building block,,
mcwwindows,mcwwindows:mangrove_window,Resizeable Mangrove Window,decoration/building block,Macaw's building block,,
mcwwindows,mcwwindows:mangrove_window2,Rectangle Mangrove Window,decoration/building block,Macaw's building block,,
mcwwindows,mcwwindows:metal_curtain_rod,Metal Curtain Rod,decoration/building block,Macaw's building block,,
mcwwindows,mcwwindows:metal_four_window,Metal Four Window,decoration/building block,Macaw's building block,,
mcwwindows,mcwwindows:metal_pane_window,Metal Pane Window,decoration/building block,Macaw's building block,,
mcwwindows,mcwwindows:metal_window,Resizeable Metal Window,decoration/building block,Macaw's building block,,
mcwwindows,mcwwindows:metal_window2,Rectangle Metal Window,decoration/building block,Macaw's building block,,
mcwwindows,mcwwindows:mud_brick_arrow_slit,Mud Brick Arrow Slit,decoration/building block,Macaw's building block,,
mcwwindows,mcwwindows:mud_brick_gothic,Mud Brick Gothic Window,decoration/building block,Macaw's building block,,
mcwwindows,mcwwindows:nether_brick_arrow_slit,Nether Brick Arrow Slit,decoration/building block,Macaw's building block,,
mcwwindows,mcwwindows:nether_brick_gothic,Nether Brick Gothic Window,decoration/building block,Macaw's building block,,
mcwwindows,mcwwindows:oak_blinds,Oak Blinds,decoration/building block,Macaw's building block,,
mcwwindows,mcwwindows:oak_curtain_rod,Oak Curtain Rod,decoration/building block,Macaw's building block,,
mcwwindows,mcwwindows:oak_four_window,Oak Four Pane Window,decoration/building block,Macaw's building block,,
mcwwindows,mcwwindows:oak_log_parapet,Oak Parapet,decoration/building block,Macaw's building block,,
mcwwindows,mcwwindows:oak_louvered_shutter,Oak Louvered Shutter,decoration/building block,Macaw's building block,,
mcwwindows,mcwwindows:oak_pane_window,Oak Pane Window,decoration/building block,Macaw's building block,,
mcwwindows,mcwwindows:oak_plank_four_window,Oak Planks Four Pane Window,decoration/building block,Macaw's building block,,
mcwwindows,mcwwindows:oak_plank_pane_window,Oak Planks Pane Window,decoration/building block,Macaw's building block,,
mcwwindows,mcwwindows:oak_plank_parapet,Oak Planks Parapet,decoration/building block,Macaw's building block,,
mcwwindows,mcwwindows:oak_plank_window,Resizeable Oak Planks Window,decoration/building block,Macaw's building block,,
mcwwindows,mcwwindows:oak_plank_window2,Rectangle Oak Planks Window,decoration/building block,Macaw's building block,,
mcwwindows,mcwwindows:oak_shutter,Oak Shutter,decoration/building block,Macaw's building block,,
mcwwindows,mcwwindows:oak_window,Resizeable Oak Window,decoration/building block,Macaw's building block,,
mcwwindows,mcwwindows:oak_window2,Rectangle Oak Window,decoration/building block,Macaw's building block,,
mcwwindows,mcwwindows:one_way_glass,One Way Glass,decoration/building block,Macaw's building block,,
mcwwindows,mcwwindows:one_way_glass_pane,One Way Glass Pane,decoration/building block,Macaw's building block,,
mcwwindows,mcwwindows:orange_curtain,Orange Curtain,decoration/building block,Macaw's building block,,
mcwwindows,mcwwindows:orange_mosaic_glass,Orange Mosaic Glass,decoration/building block,Macaw's building block,,
mcwwindows,mcwwindows:orange_mosaic_glass_pane,Orange Mosaic Glass Pane,decoration/building block,Macaw's building block,,
mcwwindows,mcwwindows:pink_curtain,Pink Curtain,decoration/building block,Macaw's building block,,
mcwwindows,mcwwindows:pink_mosaic_glass,Pink Mosaic Glass,decoration/building block,Macaw's building block,,
mcwwindows,mcwwindows:pink_mosaic_glass_pane,Pink Mosaic Glass Pane,decoration/building block,Macaw's building block,,
mcwwindows,mcwwindows:prismarine_brick_arrow_slit,Prismarine Brick Arrow Slit,decoration/building block,Macaw's building block,,
mcwwindows,mcwwindows:prismarine_brick_gothic,Prismarine Brick Gothic Window,decoration/building block,Macaw's building block,,
mcwwindows,mcwwindows:prismarine_four_window,Prismarine Four Pane Window,decoration/building block,Macaw's building block,,
mcwwindows,mcwwindows:prismarine_pane_window,Prismarine Pane Window,decoration/building block,Macaw's building block,,
mcwwindows,mcwwindows:prismarine_parapet,Prismarine Parapet,decoration/building block,Macaw's building block,,
mcwwindows,mcwwindows:prismarine_window,Resizeable Prismarine Window,decoration/building block,Macaw's building block,,
mcwwindows,mcwwindows:prismarine_window2,Rectangle Prismarine Window,decoration/building block,Macaw's building block,,
mcwwindows,mcwwindows:purple_curtain,Purple Curtain,decoration/building block,Macaw's building block,,
mcwwindows,mcwwindows:purple_mosaic_glass,Purple Mosaic Glass,decoration/building block,Macaw's building block,,
mcwwindows,mcwwindows:purple_mosaic_glass_pane,Purple Mosaic Glass Pane,decoration/building block,Macaw's building block,,
mcwwindows,mcwwindows:quartz_four_window,Quartz Four Window,decoration/building block,Macaw's building block,,
mcwwindows,mcwwindows:quartz_pane_window,Quartz Pane Window,decoration/building block,Macaw's building block,,
mcwwindows,mcwwindows:quartz_window,Resizeable Quartz Window,decoration/building block,Macaw's building block,,
mcwwindows,mcwwindows:quartz_window2,Rectangle Quartz Window,decoration/building block,Macaw's building block,,
mcwwindows,mcwwindows:red_curtain,Red Curtain,decoration/building block,Macaw's building block,,
mcwwindows,mcwwindows:red_mosaic_glass,Red Mosaic Glass,decoration/building block,Macaw's building block,,
mcwwindows,mcwwindows:red_mosaic_glass_pane,Red Mosaic Glass Pane,decoration/building block,Macaw's building block,,
mcwwindows,mcwwindows:red_sandstone_four_window,Red Sandstone Four Window,decoration/building block,Macaw's building block,,
mcwwindows,mcwwindows:red_sandstone_pane_window,Red Sandstone Pane Window,decoration/building block,Macaw's building block,,
mcwwindows,mcwwindows:red_sandstone_window,Resizeable Red Sandstone Window,decoration/building block,Macaw's building block,,
mcwwindows,mcwwindows:red_sandstone_window2,Rectangle Red Sandstone Window,decoration/building block,Macaw's building block,,
mcwwindows,mcwwindows:sandstone_four_window,Sandstone Four Window,decoration/building block,Macaw's building block,,
mcwwindows,mcwwindows:sandstone_pane_window,Sandstone Pane Window,decoration/building block,Macaw's building block,,
mcwwindows,mcwwindows:sandstone_window,Resizeable Sandstone Window,decoration/building block,Macaw's building block,,
mcwwindows,mcwwindows:sandstone_window2,Rectangle Sandstone Window,decoration/building block,Macaw's building block,,
mcwwindows,mcwwindows:spruce_blinds,Spruce Blinds,decoration/building block,Macaw's building block,,
mcwwindows,mcwwindows:spruce_curtain_rod,Spruce Curtain Rod,decoration/building block,Macaw's building block,,
mcwwindows,mcwwindows:spruce_four_window,Spruce Four Pane Window,decoration/building block,Macaw's building block,,
mcwwindows,mcwwindows:spruce_log_parapet,Spruce Parapet,decoration/building block,Macaw's building block,,
mcwwindows,mcwwindows:spruce_louvered_shutter,Spruce Louvered Shutter,decoration/building block,Macaw's building block,,
mcwwindows,mcwwindows:spruce_pane_window,Spruce Pane Window,decoration/building block,Macaw's building block,,
mcwwindows,mcwwindows:spruce_plank_four_window,Spruce Planks Four Pane Window,decoration/building block,Macaw's building block,,
mcwwindows,mcwwindows:spruce_plank_pane_window,Spruce Planks Pane Window,decoration/building block,Macaw's building block,,
mcwwindows,mcwwindows:spruce_plank_parapet,Spruce Planks Parapet,decoration/building block,Macaw's building block,,
mcwwindows,mcwwindows:spruce_plank_window,Resizeable Spruce Planks Window,decoration/building block,Macaw's building block,,
mcwwindows,mcwwindows:spruce_plank_window2,Rectangle Spruce Planks Window,decoration/building block,Macaw's building block,,
mcwwindows,mcwwindows:spruce_shutter,Spruce Shutter,decoration/building block,Macaw's building block,,
mcwwindows,mcwwindows:spruce_window,Resizeable Spruce Window,decoration/building block,Macaw's building block,,
mcwwindows,mcwwindows:spruce_window2,Rectangle Spruce Window,decoration/building block,Macaw's building block,,
mcwwindows,mcwwindows:stone_brick_arrow_slit,Stone Brick Arrow Slit,decoration/building block,Macaw's building block,,
mcwwindows,mcwwindows:stone_brick_gothic,Stone Brick Gothic Window,decoration/building block,Macaw's building block,,
mcwwindows,mcwwindows:stone_four_window,Stone Four Pane Window,decoration/building block,Macaw's building block,,
mcwwindows,mcwwindows:stone_pane_window,Stone Pane Window,decoration/building block,Macaw's building block,,
mcwwindows,mcwwindows:stone_window,Resizeable Stone Window,decoration/building block,Macaw's building block,,
mcwwindows,mcwwindows:stone_window2,Rectangle Stone Window,decoration/building block,Macaw's building block,,
mcwwindows,mcwwindows:stripped_acacia_log_four_window,Stripped Acacia Four Pane Window,decoration/building block,Macaw's building block,,
mcwwindows,mcwwindows:stripped_acacia_log_window,Resizeable Stripped Acacia Window,decoration/building block,Macaw's building block,,
mcwwindows,mcwwindows:stripped_acacia_log_window2,Rectangle Stripped Acacia Window,decoration/building block,Macaw's building block,,
mcwwindows,mcwwindows:stripped_acacia_pane_window,Stripped Acacia Pane Window,decoration/building block,Macaw's building block,,
mcwwindows,mcwwindows:stripped_acacia_window,,decoration/building block,Macaw's building block,,
mcwwindows,mcwwindows:stripped_birch_log_four_window,Stripped Birch Four Pane Window,decoration/building block,Macaw's building block,,
mcwwindows,mcwwindows:stripped_birch_log_window,Resizeable Stripped Birch Window,decoration/building block,Macaw's building block,,
mcwwindows,mcwwindows:stripped_birch_log_window2,Rectangle Stripped Birch Window,decoration/building block,Macaw's building block,,
mcwwindows,mcwwindows:stripped_birch_pane_window,Stripped Birch Pane Window,decoration/building block,Macaw's building block,,
mcwwindows,mcwwindows:stripped_birch_window,,decoration/building block,Macaw's building block,,
mcwwindows,mcwwindows:stripped_cherry_log_four_window,Stripped Cherry Four Pane Window,decoration/building block,Macaw's building block,,
mcwwindows,mcwwindows:stripped_cherry_log_window,Resizeable Stripped Cherry Window,decoration/building block,Macaw's building block,,
mcwwindows,mcwwindows:stripped_cherry_log_window2,Rectangle Stripped Cherry Window,decoration/building block,Macaw's building block,,
mcwwindows,mcwwindows:stripped_cherry_pane_window,Stripped Cherry Pane Window,decoration/building block,Macaw's building block,,
mcwwindows,mcwwindows:stripped_cherry_window,,decoration/building block,Macaw's building block,,
mcwwindows,mcwwindows:stripped_crimson_pane_window,Stripped Crimson Pane Window,decoration/building block,Macaw's building block,,
mcwwindows,mcwwindows:stripped_crimson_stem_four_window,Stripped Crimson Four Pane Window,decoration/building block,Macaw's building block,,
mcwwindows,mcwwindows:stripped_crimson_stem_window,Resizeable Stripped Crimson Window,decoration/building block,Macaw's building block,,
mcwwindows,mcwwindows:stripped_crimson_stem_window2,Rectangle Stripped Crimson Window,decoration/building block,Macaw's building block,,
mcwwindows,mcwwindows:stripped_crimson_window,,decoration/building block,Macaw's building block,,
mcwwindows,mcwwindows:stripped_dark_oak_log_four_window,Stripped Dark Oak Four Pane Window,decoration/building block,Macaw's building block,,
mcwwindows,mcwwindows:stripped_dark_oak_log_window,Resizeable Stripped Dark Oak Window,decoration/building block,Macaw's building block,,
mcwwindows,mcwwindows:stripped_dark_oak_log_window2,Rectangle Stripped Dark Oak Window,decoration/building block,Macaw's building block,,
mcwwindows,mcwwindows:stripped_dark_oak_pane_window,Stripped Dark Oak Pane Window,decoration/building block,Macaw's building block,,
mcwwindows,mcwwindows:stripped_dark_oak_window,,decoration/building block,Macaw's building block,,
mcwwindows,mcwwindows:stripped_jungle_log_four_window,Stripped Jungle Four Pane Window,decoration/building block,Macaw's building block,,
mcwwindows,mcwwindows:stripped_jungle_log_window,Resizeable Stripped Jungle Window,decoration/building block,Macaw's building block,,
mcwwindows,mcwwindows:stripped_jungle_log_window2,Rectangle Stripped Jungle Window,decoration/building block,Macaw's building block,,
mcwwindows,mcwwindows:stripped_jungle_pane_window,Stripped Jungle Pane Window,decoration/building block,Macaw's building block,,
mcwwindows,mcwwindows:stripped_jungle_window,,decoration/building block,Macaw's building block,,
mcwwindows,mcwwindows:stripped_mangrove_log_four_window,Stripped Mangrove Four Pane Window,decoration/building block,Macaw's building block,,
mcwwindows,mcwwindows:stripped_mangrove_log_window,Resizeable Stripped Mangrove Window,decoration/building block,Macaw's building block,,
mcwwindows,mcwwindows:stripped_mangrove_log_window2,Rectangle Stripped Mangrove Window,decoration/building block,Macaw's building block,,
mcwwindows,mcwwindows:stripped_mangrove_pane_window,Stripped Mangrove Pane Window,decoration/building block,Macaw's building block,,
mcwwindows,mcwwindows:stripped_mangrove_window,,decoration/building block,Macaw's building block,,
mcwwindows,mcwwindows:stripped_oak_log_four_window,Stripped Oak Four Pane Window,decoration/building block,Macaw's building block,,
mcwwindows,mcwwindows:stripped_oak_log_window,Resizeable Stripped Oak Window,decoration/building block,Macaw's building block,,
mcwwindows,mcwwindows:stripped_oak_log_window2,Rectangle Stripped Oak Window,decoration/building block,Macaw's building block,,
mcwwindows,mcwwindows:stripped_oak_pane_window,Stripped Oak Pane Window,decoration/building block,Macaw's building block,,
mcwwindows,mcwwindows:stripped_oak_window,,decoration/building block,Macaw's building block,,
mcwwindows,mcwwindows:stripped_spruce_log_four_window,Stripped Spruce Four Pane Window,decoration/building block,Macaw's building block,,
mcwwindows,mcwwindows:stripped_spruce_log_window,Resizeable Stripped Spruce Window,decoration/building block,Macaw's building block,,
mcwwindows,mcwwindows:stripped_spruce_log_window2,Rectangle Stripped Spruce Window,decoration/building block,Macaw's building block,,
mcwwindows,mcwwindows:stripped_spruce_pane_window,Stripped Spruce Pane Window,decoration/building block,Macaw's building block,,
mcwwindows,mcwwindows:stripped_spruce_window,,decoration/building block,Macaw's building block,,
mcwwindows,mcwwindows:stripped_warped_pane_window,Stripped Warped Pane Window,decoration/building block,Macaw's building block,,
mcwwindows,mcwwindows:stripped_warped_stem_four_window,Stripped Warped Four Pane Window,decoration/building block,Macaw's building block,,
mcwwindows,mcwwindows:stripped_warped_stem_window,Resizeable Stripped Warped Window,decoration/building block,Macaw's building block,,
mcwwindows,mcwwindows:stripped_warped_stem_window2,Rectangle Stripped Warped Window,decoration/building block,Macaw's building block,,
mcwwindows,mcwwindows:stripped_warped_window,,decoration/building block,Macaw's building block,,
mcwwindows,mcwwindows:warped_blinds,Warped Blinds,decoration/building block,Macaw's building block,,
mcwwindows,mcwwindows:warped_curtain_rod,Warped Curtain Rod,decoration/building block,Macaw's building block,,
mcwwindows,mcwwindows:warped_louvered_shutter,Warped Louvered Shutter,decoration/building block,Macaw's building block,,
mcwwindows,mcwwindows:warped_pane_window,Warped Pane Window,decoration/building block,Macaw's building block,,
mcwwindows,mcwwindows:warped_plank_pane_window,Warped Planks Pane Window,decoration/building block,Macaw's building block,,
mcwwindows,mcwwindows:warped_plank_parapet,Warped Planks Parapet,decoration/building block,Macaw's building block,,
mcwwindows,mcwwindows:warped_planks_four_window,Warped Planks Four Pane Window,decoration/building block,Macaw's building block,,
mcwwindows,mcwwindows:warped_planks_window,Resizeable Warped Planks Window,decoration/building block,Macaw's building block,,
mcwwindows,mcwwindows:warped_planks_window2,Rectangle Warped Planks Window,decoration/building block,Macaw's building block,,
mcwwindows,mcwwindows:warped_shutter,Warped Shutter,decoration/building block,Macaw's building block,,
mcwwindows,mcwwindows:warped_stem_four_window,Warped Stem Four Pane Window,decoration/building block,Macaw's building block,,
mcwwindows,mcwwindows:warped_stem_parapet,Warped Stem Parapet,decoration/building block,Macaw's building block,,
mcwwindows,mcwwindows:warped_stem_window,Resizeable Warped Stem Window,decoration/building block,Macaw's building block,,
mcwwindows,mcwwindows:warped_stem_window2,Rectangle Warped Stem Window,decoration/building block,Macaw's building block,,
mcwwindows,mcwwindows:white_curtain,White Curtain,decoration/building block,Macaw's building block,,
mcwwindows,mcwwindows:white_mosaic_glass,White Mosaic Glass,decoration/building block,Macaw's building block,,
mcwwindows,mcwwindows:white_mosaic_glass_pane,White Mosaic Glass Pane,decoration/building block,Macaw's building block,,
mcwwindows,mcwwindows:window_bar,,decoration/building block,Macaw's building block,,
mcwwindows,mcwwindows:window_base,Window Base,decoration/building block,Macaw's building block,,
mcwwindows,mcwwindows:window_centre_bar_base,Window Four Pane Base,decoration/building block,Macaw's building block,,
mcwwindows,mcwwindows:window_half_bar_base,Window Half Pane Base,decoration/building block,Macaw's building block,,
mcwwindows,mcwwindows:yellow_curtain,Yellow Curtain,decoration/building block,Macaw's building block,,
mcwwindows,mcwwindows:yellow_mosaic_glass,Yellow Mosaic Glass,decoration/building block,Macaw's building block,,
mcwwindows,mcwwindows:yellow_mosaic_glass_pane,Yellow Mosaic Glass Pane,decoration/building block,Macaw's building block,,
mcwdoors,mcwdoors:acacia_bamboo_door,Acacia Mesh Door,decoration/building block,Macaw's building block,,
mcwdoors,mcwdoors:acacia_bark_glass_door,Acacia Bark Glass Door,decoration/building block,Macaw's building block,,
mcwdoors,mcwdoors:acacia_barn_door,Acacia Barn Door,decoration/building block,Macaw's building block,,
mcwdoors,mcwdoors:acacia_barn_glass_door,Acacia Barn Glassed Door,decoration/building block,Macaw's building block,,
mcwdoors,mcwdoors:acacia_beach_door,Acacia Beach Door,decoration/building block,Macaw's building block,,
mcwdoors,mcwdoors:acacia_classic_door,Acacia Classic Door,decoration/building block,Macaw's building block,,
mcwdoors,mcwdoors:acacia_cottage_door,Acacia Cottage Door,decoration/building block,Macaw's building block,,
mcwdoors,mcwdoors:acacia_four_panel_door,Acacia Four Panel Door,decoration/building block,Macaw's building block,,
mcwdoors,mcwdoors:acacia_glass_door,Acacia Glass Door,decoration/building block,Macaw's building block,,
mcwdoors,mcwdoors:acacia_japanese2_door,Acacia Shoji Whole Door,decoration/building block,Macaw's building block,,
mcwdoors,mcwdoors:acacia_japanese_door,Acacia Shoji Door,decoration/building block,Macaw's building block,,
mcwdoors,mcwdoors:acacia_modern_door,Acacia Modern Door,decoration/building block,Macaw's building block,,
mcwdoors,mcwdoors:acacia_mystic_door,Acacia Mystic Door,decoration/building block,Macaw's building block,,
mcwdoors,mcwdoors:acacia_nether_door,Acacia Nether Door,decoration/building block,Macaw's building block,,
mcwdoors,mcwdoors:acacia_paper_door,Acacia Paper Door,decoration/building block,Macaw's building block,,
mcwdoors,mcwdoors:acacia_stable_door,Acacia Stable Door,decoration/building block,Macaw's building block,,
mcwdoors,mcwdoors:acacia_stable_head_door,Acacia Stable Horse Door,decoration/building block,Macaw's building block,,
mcwdoors,mcwdoors:acacia_swamp_door,Acacia Swamp Door,decoration/building block,Macaw's building block,,
mcwdoors,mcwdoors:acacia_waffle_door,Acacia Waffle Door,decoration/building block,Macaw's building block,,
mcwdoors,mcwdoors:acacia_western_door,Acacia Western Door,decoration/building block,Macaw's building block,,
mcwdoors,mcwdoors:acacia_whispering_door,Acacia Whispering Door,decoration/building block,Macaw's building block,,
mcwdoors,mcwdoors:bamboo_bark_glass_door,Bamboo Bark Glass Door,decoration/building block,Macaw's building block,,
mcwdoors,mcwdoors:bamboo_barn_door,Bamboo Barn Door,decoration/building block,Macaw's building block,,
mcwdoors,mcwdoors:bamboo_barn_glass_door,Bamboo Barn Glassed Door,decoration/building block,Macaw's building block,,
mcwdoors,mcwdoors:bamboo_beach_door,Bamboo Beach Door,decoration/building block,Macaw's building block,,
mcwdoors,mcwdoors:bamboo_classic_door,Bamboo Classic Door,decoration/building block,Macaw's building block,,
mcwdoors,mcwdoors:bamboo_cottage_door,Bamboo Cottage Door,decoration/building block,Macaw's building block,,
mcwdoors,mcwdoors:bamboo_four_panel_door,Bamboo Four Panel Door,decoration/building block,Macaw's building block,,
mcwdoors,mcwdoors:bamboo_glass_door,Bamboo Glass Door,decoration/building block,Macaw's building block,,
mcwdoors,mcwdoors:bamboo_japanese2_door,Bamboo Shoji Whole Door,decoration/building block,Macaw's building block,,
mcwdoors,mcwdoors:bamboo_japanese_door,Bamboo Shoji Door,decoration/building block,Macaw's building block,,
mcwdoors,mcwdoors:bamboo_modern_door,Bamboo Modern Door,decoration/building block,Macaw's building block,,
mcwdoors,mcwdoors:bamboo_mystic_door,Bamboo Mystic Door,decoration/building block,Macaw's building block,,
mcwdoors,mcwdoors:bamboo_nether_door,Bamboo Nether Door,decoration/building block,Macaw's building block,,
mcwdoors,mcwdoors:bamboo_paper_door,Bamboo Paper Door,decoration/building block,Macaw's building block,,
mcwdoors,mcwdoors:bamboo_stable_door,Bamboo Stable Door,decoration/building block,Macaw's building block,,
mcwdoors,mcwdoors:bamboo_stable_head_door,Bamboo Stable Horse Door,decoration/building block,Macaw's building block,,
mcwdoors,mcwdoors:bamboo_swamp_door,Bamboo Swamp Door,decoration/building block,Macaw's building block,,
mcwdoors,mcwdoors:bamboo_tropical_door,Bamboo Tropical Door,decoration/building block,Macaw's building block,,
mcwdoors,mcwdoors:bamboo_waffle_door,Bamboo Waffle Door,decoration/building block,Macaw's building block,,
mcwdoors,mcwdoors:bamboo_western_door,Bamboo Western Door,decoration/building block,Macaw's building block,,
mcwdoors,mcwdoors:bamboo_whispering_door,Bamboo Whispering Door,decoration/building block,Macaw's building block,,
mcwdoors,mcwdoors:birch_bamboo_door,Birch Mesh Door,decoration/building block,Macaw's building block,,
mcwdoors,mcwdoors:birch_bark_glass_door,Birch Bark Glass Door,decoration/building block,Macaw's building block,,
mcwdoors,mcwdoors:birch_barn_door,Birch Barn Door,decoration/building block,Macaw's building block,,
mcwdoors,mcwdoors:birch_barn_glass_door,Birch Barn Glassed Door,decoration/building block,Macaw's building block,,
mcwdoors,mcwdoors:birch_beach_door,Birch Beach Door,decoration/building block,Macaw's building block,,
mcwdoors,mcwdoors:birch_classic_door,Birch Classic Door,decoration/building block,Macaw's building block,,
mcwdoors,mcwdoors:birch_cottage_door,Birch Cottage Door,decoration/building block,Macaw's building block,,
mcwdoors,mcwdoors:birch_four_panel_door,Birch Four Panel Door,decoration/building block,Macaw's building block,,
mcwdoors,mcwdoors:birch_glass_door,Birch Glass Door,decoration/building block,Macaw's building block,,
mcwdoors,mcwdoors:birch_japanese2_door,Birch Shoji Whole Door,decoration/building block,Macaw's building block,,
mcwdoors,mcwdoors:birch_japanese_door,Birch Shoji Door,decoration/building block,Macaw's building block,,
mcwdoors,mcwdoors:birch_modern_door,Birch Modern Door,decoration/building block,Macaw's building block,,
mcwdoors,mcwdoors:birch_mystic_door,Birch Mystic Door,decoration/building block,Macaw's building block,,
mcwdoors,mcwdoors:birch_nether_door,Birch Nether Door,decoration/building block,Macaw's building block,,
mcwdoors,mcwdoors:birch_stable_door,Birch Stable Door,decoration/building block,Macaw's building block,,
mcwdoors,mcwdoors:birch_stable_head_door,Birch Stable Horse Door,decoration/building block,Macaw's building block,,
mcwdoors,mcwdoors:birch_swamp_door,Birch Swamp Door,decoration/building block,Macaw's building block,,
mcwdoors,mcwdoors:birch_tropical_door,Birch Tropical Door,decoration/building block,Macaw's building block,,
mcwdoors,mcwdoors:birch_waffle_door,Birch Waffle Door,decoration/building block,Macaw's building block,,
mcwdoors,mcwdoors:birch_western_door,Birch Western Door,decoration/building block,Macaw's building block,,
mcwdoors,mcwdoors:birch_whispering_door,Birch Whispering Door,decoration/building block,Macaw's building block,,
mcwdoors,mcwdoors:cherry_bamboo_door,Cherry Mesh Door,decoration/building block,Macaw's building block,,
mcwdoors,mcwdoors:cherry_bark_glass_door,Cherry Bark Glass Door,decoration/building block,Macaw's building block,,
mcwdoors,mcwdoors:cherry_barn_door,Cherry Barn Door,decoration/building block,Macaw's building block,,
mcwdoors,mcwdoors:cherry_barn_glass_door,Cherry Barn Glassed Door,decoration/building block,Macaw's building block,,
mcwdoors,mcwdoors:cherry_beach_door,Cherry Beach Door,decoration/building block,Macaw's building block,,
mcwdoors,mcwdoors:cherry_classic_door,Cherry Classic Door,decoration/building block,Macaw's building block,,
mcwdoors,mcwdoors:cherry_cottage_door,Cherry Cottage Door,decoration/building block,Macaw's building block,,
mcwdoors,mcwdoors:cherry_four_panel_door,Cherry Four Panel Door,decoration/building block,Macaw's building block,,
mcwdoors,mcwdoors:cherry_glass_door,Cherry Glass Door,decoration/building block,Macaw's building block,,
mcwdoors,mcwdoors:cherry_japanese2_door,Cherry Shoji Whole Door,decoration/building block,Macaw's building block,,
mcwdoors,mcwdoors:cherry_japanese_door,Cherry Shoji Door,decoration/building block,Macaw's building block,,
mcwdoors,mcwdoors:cherry_modern_door,Cherry Modern Door,decoration/building block,Macaw's building block,,
mcwdoors,mcwdoors:cherry_mystic_door,Cherry Mystic Door,decoration/building block,Macaw's building block,,
mcwdoors,mcwdoors:cherry_nether_door,Cherry Nether Door,decoration/building block,Macaw's building block,,
mcwdoors,mcwdoors:cherry_paper_door,Cherry Paper Door,decoration/building block,Macaw's building block,,
mcwdoors,mcwdoors:cherry_stable_door,Cherry Stable Door,decoration/building block,Macaw's building block,,
mcwdoors,mcwdoors:cherry_stable_head_door,Cherry Stable Horse Door,decoration/building block,Macaw's building block,,
mcwdoors,mcwdoors:cherry_swamp_door,Cherry Swamp Door,decoration/building block,Macaw's building block,,
mcwdoors,mcwdoors:cherry_tropical_door,Cherry Tropical Door,decoration/building block,Macaw's building block,,
mcwdoors,mcwdoors:cherry_waffle_door,,decoration/building block,Macaw's building block,,
mcwdoors,mcwdoors:cherry_western_door,Cherry Western Door,decoration/building block,Macaw's building block,,
mcwdoors,mcwdoors:cherry_whispering_door,Cherry Whispering Door,decoration/building block,Macaw's building block,,
mcwdoors,mcwdoors:crimson_bamboo_door,Crimson Mesh Door,decoration/building block,Macaw's building block,,
mcwdoors,mcwdoors:crimson_barn_door,Crimson Barn Door,decoration/building block,Macaw's building block,,
mcwdoors,mcwdoors:crimson_barn_glass_door,Crimson Barn Glassed Door,decoration/building block,Macaw's building block,,
mcwdoors,mcwdoors:crimson_beach_door,Crimson Beach Door,decoration/building block,Macaw's building block,,
mcwdoors,mcwdoors:crimson_classic_door,Crimson Classic Door,decoration/building block,Macaw's building block,,
mcwdoors,mcwdoors:crimson_cottage_door,Crimson Cottage Door,decoration/building block,Macaw's building block,,
mcwdoors,mcwdoors:crimson_four_panel_door,Crimson Four Panel Door,decoration/building block,Macaw's building block,,
mcwdoors,mcwdoors:crimson_glass_door,Crimson Glass Door,decoration/building block,Macaw's building block,,
mcwdoors,mcwdoors:crimson_japanese2_door,Crimson Shoji Whole Door,decoration/building block,Macaw's building block,,
mcwdoors,mcwdoors:crimson_japanese_door,Crimson Shoji Door,decoration/building block,Macaw's building block,,
mcwdoors,mcwdoors:crimson_modern_door,Crimson Modern Door,decoration/building block,Macaw's building block,,
mcwdoors,mcwdoors:crimson_mystic_door,Crimson Mystic Door,decoration/building block,Macaw's building block,,
mcwdoors,mcwdoors:crimson_nether_door,Crimson Nether Door,decoration/building block,Macaw's building block,,
mcwdoors,mcwdoors:crimson_paper_door,Crimson Paper Door,decoration/building block,Macaw's building block,,
mcwdoors,mcwdoors:crimson_stable_door,Crimson Stable Door,decoration/building block,Macaw's building block,,
mcwdoors,mcwdoors:crimson_stable_head_door,Crimson Stable Horse Door,decoration/building block,Macaw's building block,,
mcwdoors,mcwdoors:crimson_stem_glass_door,Crimson Stem Glass Door,decoration/building block,Macaw's building block,,
mcwdoors,mcwdoors:crimson_swamp_door,Crimson Swamp Door,decoration/building block,Macaw's building block,,
mcwdoors,mcwdoors:crimson_tropical_door,Crimson Tropical Door,decoration/building block,Macaw's building block,,
mcwdoors,mcwdoors:crimson_waffle_door,Crimson Waffle Door,decoration/building block,Macaw's building block,,
mcwdoors,mcwdoors:crimson_western_door,Crimson Western Door,decoration/building block,Macaw's building block,,
mcwdoors,mcwdoors:crimson_whispering_door,Crimson Whispering Door,decoration/building block,Macaw's building block,,
mcwdoors,mcwdoors:dark_oak_bamboo_door,Dark Oak Mesh Door,decoration/building block,Macaw's building block,,
mcwdoors,mcwdoors:dark_oak_bark_glass_door,Dark Oak Bark Glass Door,decoration/building block,Macaw's building block,,
mcwdoors,mcwdoors:dark_oak_barn_door,Dark Oak Barn Door,decoration/building block,Macaw's building block,,
mcwdoors,mcwdoors:dark_oak_barn_glass_door,Dark Oak Barn Glassed Door,decoration/building block,Macaw's building block,,
mcwdoors,mcwdoors:dark_oak_beach_door,Dark Oak Beach Door,decoration/building block,Macaw's building block,,
mcwdoors,mcwdoors:dark_oak_classic_door,Dark Oak Classic Door,decoration/building block,Macaw's building block,,
mcwdoors,mcwdoors:dark_oak_cottage_door,Dark Oak Cottage Door,decoration/building block,Macaw's building block,,
mcwdoors,mcwdoors:dark_oak_glass_door,Dark Oak Glass Door,decoration/building block,Macaw's building block,,
mcwdoors,mcwdoors:dark_oak_japanese2_door,Dark Oak Shoji Whole Door,decoration/building block,Macaw's building block,,
mcwdoors,mcwdoors:dark_oak_japanese_door,Dark Oak Shoji Door,decoration/building block,Macaw's building block,,
mcwdoors,mcwdoors:dark_oak_modern_door,Dark Modern Door,decoration/building block,Macaw's building block,,
mcwdoors,mcwdoors:dark_oak_mystic_door,Dark Oak Mystic Door,decoration/building block,Macaw's building block,,
mcwdoors,mcwdoors:dark_oak_nether_door,Dark Oak Nether Door,decoration/building block,Macaw's building block,,
mcwdoors,mcwdoors:dark_oak_paper_door,Dark Oak Paper Door,decoration/building block,Macaw's building block,,
mcwdoors,mcwdoors:dark_oak_stable_door,Dark Oak Stable Door,decoration/building block,Macaw's building block,,
mcwdoors,mcwdoors:dark_oak_stable_head_door,Dark Oak Stable Horse Door,decoration/building block,Macaw's building block,,
mcwdoors,mcwdoors:dark_oak_swamp_door,Dark Oak Swamp Door,decoration/building block,Macaw's building block,,
mcwdoors,mcwdoors:dark_oak_tropical_door,Dark Oak Tropical Door,decoration/building block,Macaw's building block,,
mcwdoors,mcwdoors:dark_oak_waffle_door,Dark Oak Waffle Door,decoration/building block,Macaw's building block,,
mcwdoors,mcwdoors:dark_oak_western_door,Dark Oak Western Door,decoration/building block,Macaw's building block,,
mcwdoors,mcwdoors:dark_oak_whispering_door,Dark Oak Whispering Door,decoration/building block,Macaw's building block,,
mcwdoors,mcwdoors:garage_black_door,Black Garage Door,decoration/building block,Macaw's building block,,
mcwdoors,mcwdoors:garage_gray_door,Gray Garage Door,decoration/building block,Macaw's building block,,
mcwdoors,mcwdoors:garage_remote,Garage Remote,tool,remote,,
mcwdoors,mcwdoors:garage_silver_door,Silver Garage Door,decoration/building block,Macaw's building block,,
mcwdoors,mcwdoors:garage_white_door,White Garage Door,decoration/building block,Macaw's building block,,
mcwdoors,mcwdoors:iron_portcullis,Iron Portcullis,decoration/building block,Macaw's building block,,
mcwdoors,mcwdoors:jail_door,Jail Door,decoration/building block,Macaw's building block,,
mcwdoors,mcwdoors:jungle_bamboo_door,Jungle Mesh Door,decoration/building block,Macaw's building block,,
mcwdoors,mcwdoors:jungle_bark_glass_door,Jungle Bark Glass Door,decoration/building block,Macaw's building block,,
mcwdoors,mcwdoors:jungle_barn_door,Jungle Barn Door,decoration/building block,Macaw's building block,,
mcwdoors,mcwdoors:jungle_barn_glass_door,Jungle Barn Glassed Door,decoration/building block,Macaw's building block,,
mcwdoors,mcwdoors:jungle_classic_door,Jungle Classic Door,decoration/building block,Macaw's building block,,
mcwdoors,mcwdoors:jungle_cottage_door,Jungle Cottage Door,decoration/building block,Macaw's building block,,
mcwdoors,mcwdoors:jungle_four_panel_door,Jungle Four Panel Door,decoration/building block,Macaw's building block,,
mcwdoors,mcwdoors:jungle_glass_door,Jungle Glass Door,decoration/building block,Macaw's building block,,
mcwdoors,mcwdoors:jungle_japanese2_door,Jungle Shoji Whole Door,decoration/building block,Macaw's building block,,
mcwdoors,mcwdoors:jungle_japanese_door,Jungle Shoji Door,decoration/building block,Macaw's building block,,
mcwdoors,mcwdoors:jungle_modern_door,Jungle Modern Door,decoration/building block,Macaw's building block,,
mcwdoors,mcwdoors:jungle_mystic_door,Jungle Mystic Door,decoration/building block,Macaw's building block,,
mcwdoors,mcwdoors:jungle_nether_door,Jungle Nether Door,decoration/building block,Macaw's building block,,
mcwdoors,mcwdoors:jungle_paper_door,Jungle Paper Door,decoration/building block,Macaw's building block,,
mcwdoors,mcwdoors:jungle_stable_door,Jungle Stable Door,decoration/building block,Macaw's building block,,
mcwdoors,mcwdoors:jungle_stable_head_door,Jungle Stable Horse Door,decoration/building block,Macaw's building block,,
mcwdoors,mcwdoors:jungle_swamp_door,Jungle Swamp Door,decoration/building block,Macaw's building block,,
mcwdoors,mcwdoors:jungle_tropical_door,Jungle Tropical Door,decoration/building block,Macaw's building block,,
mcwdoors,mcwdoors:jungle_waffle_door,Jungle Waffle Door,decoration/building block,Macaw's building block,,
mcwdoors,mcwdoors:jungle_western_door,Jungle Western Door,decoration/building block,Macaw's building block,,
mcwdoors,mcwdoors:jungle_whispering_door,Jungle Whispering Door,decoration/building block,Macaw's building block,,
mcwdoors,mcwdoors:mangrove_bamboo_door,Mangrove Mesh Door,decoration/building block,Macaw's building block,,
mcwdoors,mcwdoors:mangrove_bark_glass_door,Mangrove Bark Glass Door,decoration/building block,Macaw's building block,,
mcwdoors,mcwdoors:mangrove_barn_door,Mangrove Barn Door,decoration/building block,Macaw's building block,,
mcwdoors,mcwdoors:mangrove_barn_glass_door,Mangrove Barn Glassed Door,decoration/building block,Macaw's building block,,
mcwdoors,mcwdoors:mangrove_beach_door,Mangrove Beach Door,decoration/building block,Macaw's building block,,
mcwdoors,mcwdoors:mangrove_classic_door,Mangrove Classic Door,decoration/building block,Macaw's building block,,
mcwdoors,mcwdoors:mangrove_cottage_door,Mangrove Cottage Door,decoration/building block,Macaw's building block,,
mcwdoors,mcwdoors:mangrove_four_panel_door,Mangrove Four Panel Door,decoration/building block,Macaw's building block,,
mcwdoors,mcwdoors:mangrove_glass_door,Mangrove Glass Door,decoration/building block,Macaw's building block,,
mcwdoors,mcwdoors:mangrove_japanese2_door,Mangrove Shoji Whole Door,decoration/building block,Macaw's building block,,
mcwdoors,mcwdoors:mangrove_japanese_door,Mangrove Shoji Door,decoration/building block,Macaw's building block,,
mcwdoors,mcwdoors:mangrove_modern_door,Mangrove Modern Door,decoration/building block,Macaw's building block,,
mcwdoors,mcwdoors:mangrove_mystic_door,Mangrove Mystic Door,decoration/building block,Macaw's building block,,
mcwdoors,mcwdoors:mangrove_nether_door,Mangrove Nether Door,decoration/building block,Macaw's building block,,
mcwdoors,mcwdoors:mangrove_paper_door,Mangrove Paper Door,decoration/building block,Macaw's building block,,
mcwdoors,mcwdoors:mangrove_stable_door,Mangrove Stable Door,decoration/building block,Macaw's building block,,
mcwdoors,mcwdoors:mangrove_stable_head_door,Mangrove Stable Horse Door,decoration/building block,Macaw's building block,,
mcwdoors,mcwdoors:mangrove_tropical_door,Mangrove Tropical Door,decoration/building block,Macaw's building block,,
mcwdoors,mcwdoors:mangrove_waffle_door,Mangrove Waffle Door,decoration/building block,Macaw's building block,,
mcwdoors,mcwdoors:mangrove_western_door,Mangrove Western Door,decoration/building block,Macaw's building block,,
mcwdoors,mcwdoors:mangrove_whispering_door,Mangrove Whispering Door,decoration/building block,Macaw's building block,,
mcwdoors,mcwdoors:metal_door,Metal Door,decoration/building block,Macaw's building block,,
mcwdoors,mcwdoors:metal_hospital_door,Metal Hospital Door,decoration/building block,Macaw's building block,,
mcwdoors,mcwdoors:metal_reinforced_door,Metal Reinforced Door,decoration/building block,Macaw's building block,,
mcwdoors,mcwdoors:metal_warning_door,Metal Warning Door,decoration/building block,Macaw's building block,,
mcwdoors,mcwdoors:metal_windowed_door,Metal Windowed Door,decoration/building block,Macaw's building block,,
mcwdoors,mcwdoors:oak_bamboo_door,Oak Mesh Door,decoration/building block,Macaw's building block,,
mcwdoors,mcwdoors:oak_bark_glass_door,Oak Bark Glass Door,decoration/building block,Macaw's building block,,
mcwdoors,mcwdoors:oak_barn_door,Oak Barn Door,decoration/building block,Macaw's building block,,
mcwdoors,mcwdoors:oak_barn_glass_door,Oak Barn Glassed Door,decoration/building block,Macaw's building block,,
mcwdoors,mcwdoors:oak_beach_door,Oak Beach Door,decoration/building block,Macaw's building block,,
mcwdoors,mcwdoors:oak_cottage_door,Oak Cottage Door,decoration/building block,Macaw's building block,,
mcwdoors,mcwdoors:oak_four_panel_door,Oak Four Panel Door,decoration/building block,Macaw's building block,,
mcwdoors,mcwdoors:oak_glass_door,Oak Glass Door,decoration/building block,Macaw's building block,,
mcwdoors,mcwdoors:oak_japanese2_door,Oak Shoji Whole Door,decoration/building block,Macaw's building block,,
mcwdoors,mcwdoors:oak_japanese_door,Oak Shoji Door,decoration/building block,Macaw's building block,,
mcwdoors,mcwdoors:oak_modern_door,Oak Modern Door,decoration/building block,Macaw's building block,,
mcwdoors,mcwdoors:oak_mystic_door,Oak Mystic Door,decoration/building block,Macaw's building block,,
mcwdoors,mcwdoors:oak_nether_door,Oak Nether Door,decoration/building block,Macaw's building block,,
mcwdoors,mcwdoors:oak_paper_door,Oak Paper Door,decoration/building block,Macaw's building block,,
mcwdoors,mcwdoors:oak_stable_door,Oak Stable Door,decoration/building block,Macaw's building block,,
mcwdoors,mcwdoors:oak_stable_head_door,Oak Stable Horse Door,decoration/building block,Macaw's building block,,
mcwdoors,mcwdoors:oak_swamp_door,Oak Swamp Door,decoration/building block,Macaw's building block,,
mcwdoors,mcwdoors:oak_tropical_door,Oak Tropical Door,decoration/building block,Macaw's building block,,
mcwdoors,mcwdoors:oak_waffle_door,Oak Waffle Door,decoration/building block,Macaw's building block,,
mcwdoors,mcwdoors:oak_western_door,Oak Western Door,decoration/building block,Macaw's building block,,
mcwdoors,mcwdoors:oak_whispering_door,Oak Whispering Door,decoration/building block,Macaw's building block,,
mcwdoors,mcwdoors:print_acacia,Tropical Door Print,decoration/building block,Macaw's building block,,
mcwdoors,mcwdoors:print_bamboo,Mesh Door Print,decoration/building block,Macaw's building block,,
mcwdoors,mcwdoors:print_birch,Paper Door Print,decoration/building block,Macaw's building block,,
mcwdoors,mcwdoors:print_dark_oak,Four Panel Door Print,decoration/building block,Macaw's building block,,
mcwdoors,mcwdoors:print_jungle,Beach Door Print,decoration/building block,Macaw's building block,,
mcwdoors,mcwdoors:print_mystic,Mystic Door Print,decoration/building block,Macaw's building block,,
mcwdoors,mcwdoors:print_nether,Nether Door Print,decoration/building block,Macaw's building block,,
mcwdoors,mcwdoors:print_oak,Classic Door Print,decoration/building block,Macaw's building block,,
mcwdoors,mcwdoors:print_spruce,Cottage Door Print,decoration/building block,Macaw's building block,,
mcwdoors,mcwdoors:print_swamp,Swamp Door Print,decoration/building block,Macaw's building block,,
mcwdoors,mcwdoors:print_waffle,Waffle Door Print,decoration/building block,Macaw's building block,,
mcwdoors,mcwdoors:print_whispering,Whispering Door Print,decoration/building block,Macaw's building block,,
mcwdoors,mcwdoors:sliding_glass_door,Sliding Glass Door,decoration/building block,Macaw's building block,,
mcwdoors,mcwdoors:spruce_bamboo_door,Spruce Mesh Door,decoration/building block,Macaw's building block,,
mcwdoors,mcwdoors:spruce_bark_glass_door,Spruce Bark Glass Door,decoration/building block,Macaw's building block,,
mcwdoors,mcwdoors:spruce_barn_door,Spruce Barn Door,decoration/building block,Macaw's building block,,
mcwdoors,mcwdoors:spruce_barn_glass_door,Spruce Barn Glassed Door,decoration/building block,Macaw's building block,,
mcwdoors,mcwdoors:spruce_beach_door,Spruce Beach Door,decoration/building block,Macaw's building block,,
mcwdoors,mcwdoors:spruce_classic_door,Spruce Classic Door,decoration/building block,Macaw's building block,,
mcwdoors,mcwdoors:spruce_four_panel_door,Spruce Four Panel Door,decoration/building block,Macaw's building block,,
mcwdoors,mcwdoors:spruce_glass_door,Spruce Glass Door,decoration/building block,Macaw's building block,,
mcwdoors,mcwdoors:spruce_japanese2_door,Spruce Shoji Whole Door,decoration/building block,Macaw's building block,,
mcwdoors,mcwdoors:spruce_japanese_door,Spruce Shoji Door,decoration/building block,Macaw's building block,,
mcwdoors,mcwdoors:spruce_modern_door,Spruce Modern Door,decoration/building block,Macaw's building block,,
mcwdoors,mcwdoors:spruce_mystic_door,Spruce Mystic Door,decoration/building block,Macaw's building block,,
mcwdoors,mcwdoors:spruce_nether_door,Spruce Nether Door,decoration/building block,Macaw's building block,,
mcwdoors,mcwdoors:spruce_paper_door,Spruce Paper Door,decoration/building block,Macaw's building block,,
mcwdoors,mcwdoors:spruce_stable_door,Spruce Stable Door,decoration/building block,Macaw's building block,,
mcwdoors,mcwdoors:spruce_stable_head_door,Spruce Stable Horse Door,decoration/building block,Macaw's building block,,
mcwdoors,mcwdoors:spruce_swamp_door,Spruce Swamp Door,decoration/building block,Macaw's building block,,
mcwdoors,mcwdoors:spruce_tropical_door,Spruce Tropical Door,decoration/building block,Macaw's building block,,
mcwdoors,mcwdoors:spruce_waffle_door,Spruce Waffle Door,decoration/building block,Macaw's building block,,
mcwdoors,mcwdoors:spruce_western_door,Spruce Western Door,decoration/building block,Macaw's building block,,
mcwdoors,mcwdoors:spruce_whispering_door,Spruce Whispering Door,decoration/building block,Macaw's building block,,
mcwdoors,mcwdoors:store_door,Store Door,decoration/building block,Macaw's building block,,
mcwdoors,mcwdoors:warped_bamboo_door,Warped Mesh Door,decoration/building block,Macaw's building block,,
mcwdoors,mcwdoors:warped_barn_door,Warped Barn Door,decoration/building block,Macaw's building block,,
mcwdoors,mcwdoors:warped_barn_glass_door,Warped Barn Glassed Door,decoration/building block,Macaw's building block,,
mcwdoors,mcwdoors:warped_beach_door,Warped Beach Door,decoration/building block,Macaw's building block,,
mcwdoors,mcwdoors:warped_classic_door,Warped Classic Door,decoration/building block,Macaw's building block,,
mcwdoors,mcwdoors:warped_cottage_door,Warped Cottage Door,decoration/building block,Macaw's building block,,
mcwdoors,mcwdoors:warped_four_panel_door,Warped Four Panel Door,decoration/building block,Macaw's building block,,
mcwdoors,mcwdoors:warped_glass_door,Warped Glass Door,decoration/building block,Macaw's building block,,
mcwdoors,mcwdoors:warped_japanese2_door,Warped Shoji Whole Door,decoration/building block,Macaw's building block,,
mcwdoors,mcwdoors:warped_japanese_door,Warped Shoji Door,decoration/building block,Macaw's building block,,
mcwdoors,mcwdoors:warped_modern_door,Warped Modern Door,decoration/building block,Macaw's building block,,
mcwdoors,mcwdoors:warped_mystic_door,Warped Mystic Door,decoration/building block,Macaw's building block,,
mcwdoors,mcwdoors:warped_nether_door,Warped Nether Door,decoration/building block,Macaw's building block,,
mcwdoors,mcwdoors:warped_paper_door,Warped Paper Door,decoration/building block,Macaw's building block,,
mcwdoors,mcwdoors:warped_stable_door,Warped Stable Door,decoration/building block,Macaw's building block,,
mcwdoors,mcwdoors:warped_stable_head_door,Warped Stable Horse Door,decoration/building block,Macaw's building block,,
mcwdoors,mcwdoors:warped_stem_glass_door,Warped Stem Glass Door,decoration/building block,Macaw's building block,,
mcwdoors,mcwdoors:warped_swamp_door,Warped Swamp Door,decoration/building block,Macaw's building block,,
mcwdoors,mcwdoors:warped_tropical_door,Warped Tropical Door,decoration/building block,Macaw's building block,,
mcwdoors,mcwdoors:warped_waffle_door,Warped Waffle Door,decoration/building block,Macaw's building block,,
mcwdoors,mcwdoors:warped_western_door,Warped Western Door,decoration/building block,Macaw's building block,,
mcwdoors,mcwdoors:warped_whispering_door,Warped Whispering Door,decoration/building block,Macaw's building block,,
mcwdoors,mcwdoors:wooden_portcullis,Wooden Portcullis,decoration/building block,Macaw's building block,,
mcwtrpdoors,mcwtrpdoors:acacia_bamboo_trapdoor,Acacia Mesh Trapdoor,decoration/building block,Macaw's building block,,
mcwtrpdoors,mcwtrpdoors:acacia_bark_trapdoor,Acacia Bark Trapdoor,decoration/building block,Macaw's building block,,
mcwtrpdoors,mcwtrpdoors:acacia_barn_trapdoor,Acacia Barn Trapdoor,decoration/building block,Macaw's building block,,
mcwtrpdoors,mcwtrpdoors:acacia_barred_trapdoor,Acacia Barred Trapdoor,decoration/building block,Macaw's building block,,
mcwtrpdoors,mcwtrpdoors:acacia_barrel_trapdoor,Acacia Barrel Trapdoor,decoration/building block,Macaw's building block,,
mcwtrpdoors,mcwtrpdoors:acacia_beach_trapdoor,Acacia Beach Trapdoor,decoration/building block,Macaw's building block,,
mcwtrpdoors,mcwtrpdoors:acacia_blossom_trapdoor,Acacia Waffle Trapdoor,decoration/building block,Macaw's building block,,
mcwtrpdoors,mcwtrpdoors:acacia_classic_trapdoor,Acacia Classic Trapdoor,decoration/building block,Macaw's building block,,
mcwtrpdoors,mcwtrpdoors:acacia_cottage_trapdoor,Acacia Cottage Trapdoor,decoration/building block,Macaw's building block,,
mcwtrpdoors,mcwtrpdoors:acacia_four_panel_trapdoor,Acacia Four Panel Trapdoor,decoration/building block,Macaw's building block,,
mcwtrpdoors,mcwtrpdoors:acacia_glass_trapdoor,Acacia Glass Trapdoor,decoration/building block,Macaw's building block,,
mcwtrpdoors,mcwtrpdoors:acacia_mystic_trapdoor,Acacia Mystic Trapdoor,decoration/building block,Macaw's building block,,
mcwtrpdoors,mcwtrpdoors:acacia_paper_trapdoor,Acacia Paper Trapdoor,decoration/building block,Macaw's building block,,
mcwtrpdoors,mcwtrpdoors:acacia_ranch_trapdoor,Acacia Ranch Trapdoor,decoration/building block,Macaw's building block,,
mcwtrpdoors,mcwtrpdoors:acacia_swamp_trapdoor,Acacia Swamp Trapdoor,decoration/building block,Macaw's building block,,
mcwtrpdoors,mcwtrpdoors:acacia_whispering_trapdoor,Acacia Whispering Trapdoor,decoration/building block,Macaw's building block,,
mcwtrpdoors,mcwtrpdoors:bamboo_bark_trapdoor,Bamboo Bark Trapdoor,decoration/building block,Macaw's building block,,
mcwtrpdoors,mcwtrpdoors:bamboo_barn_trapdoor,Bamboo Barn Trapdoor,decoration/building block,Macaw's building block,,
mcwtrpdoors,mcwtrpdoors:bamboo_barred_trapdoor,Bamboo Barred Trapdoor,decoration/building block,Macaw's building block,,
mcwtrpdoors,mcwtrpdoors:bamboo_barrel_trapdoor,Bamboo Barrel Trapdoor,decoration/building block,Macaw's building block,,
mcwtrpdoors,mcwtrpdoors:bamboo_beach_trapdoor,Bamboo Beach Trapdoor,decoration/building block,Macaw's building block,,
mcwtrpdoors,mcwtrpdoors:bamboo_blossom_trapdoor,Bamboo Waffle Trapdoor,decoration/building block,Macaw's building block,,
mcwtrpdoors,mcwtrpdoors:bamboo_classic_trapdoor,Bamboo Classic Trapdoor,decoration/building block,Macaw's building block,,
mcwtrpdoors,mcwtrpdoors:bamboo_cottage_trapdoor,Bamboo Cottage Trapdoor,decoration/building block,Macaw's building block,,
mcwtrpdoors,mcwtrpdoors:bamboo_four_panel_trapdoor,Bamboo Four Panel Trapdoor,decoration/building block,Macaw's building block,,
mcwtrpdoors,mcwtrpdoors:bamboo_glass_trapdoor,Bamboo Glass Trapdoor,decoration/building block,Macaw's building block,,
mcwtrpdoors,mcwtrpdoors:bamboo_mystic_trapdoor,Bamboo Mystic Trapdoor,decoration/building block,Macaw's building block,,
mcwtrpdoors,mcwtrpdoors:bamboo_paper_trapdoor,Bamboo Paper Trapdoor,decoration/building block,Macaw's building block,,
mcwtrpdoors,mcwtrpdoors:bamboo_swamp_trapdoor,Bamboo Swamp Trapdoor,decoration/building block,Macaw's building block,,
mcwtrpdoors,mcwtrpdoors:bamboo_trapdoor,Bamboo Trapdoor,decoration/building block,Macaw's building block,,
mcwtrpdoors,mcwtrpdoors:bamboo_tropical_trapdoor,Bamboo Tropical Trapdoor,decoration/building block,Macaw's building block,,
mcwtrpdoors,mcwtrpdoors:bamboo_whispering_trapdoor,Bamboo Whispering Trapdoor,decoration/building block,Macaw's building block,,
mcwtrpdoors,mcwtrpdoors:birch_bamboo_trapdoor,Birch Mesh Trapdoor,decoration/building block,Macaw's building block,,
mcwtrpdoors,mcwtrpdoors:birch_bark_trapdoor,Birch Bark Trapdoor,decoration/building block,Macaw's building block,,
mcwtrpdoors,mcwtrpdoors:birch_barn_trapdoor,Birch Barn Trapdoor,decoration/building block,Macaw's building block,,
mcwtrpdoors,mcwtrpdoors:birch_barred_trapdoor,Birch Barred Trapdoor,decoration/building block,Macaw's building block,,
mcwtrpdoors,mcwtrpdoors:birch_barrel_trapdoor,Birch Barrel Trapdoor,decoration/building block,Macaw's building block,,
mcwtrpdoors,mcwtrpdoors:birch_beach_trapdoor,Birch Beach Trapdoor,decoration/building block,Macaw's building block,,
mcwtrpdoors,mcwtrpdoors:birch_blossom_trapdoor,Birch Waffle Trapdoor,decoration/building block,Macaw's building block,,
mcwtrpdoors,mcwtrpdoors:birch_classic_trapdoor,Birch Classic Trapdoor,decoration/building block,Macaw's building block,,
mcwtrpdoors,mcwtrpdoors:birch_cottage_trapdoor,Birch Cottage Trapdoor,decoration/building block,Macaw's building block,,
mcwtrpdoors,mcwtrpdoors:birch_four_panel_trapdoor,Birch Four Panel Trapdoor,decoration/building block,Macaw's building block,,
mcwtrpdoors,mcwtrpdoors:birch_glass_trapdoor,Birch Glass Trapdoor,decoration/building block,Macaw's building block,,
mcwtrpdoors,mcwtrpdoors:birch_mystic_trapdoor,Birch Mystic Trapdoor,decoration/building block,Macaw's building block,,
mcwtrpdoors,mcwtrpdoors:birch_ranch_trapdoor,Birch Ranch Trapdoor,decoration/building block,Macaw's building block,,
mcwtrpdoors,mcwtrpdoors:birch_swamp_trapdoor,Birch Swamp Trapdoor,decoration/building block,Macaw's building block,,
mcwtrpdoors,mcwtrpdoors:birch_tropical_trapdoor,Birch Tropical Trapdoor,decoration/building block,Macaw's building block,,
mcwtrpdoors,mcwtrpdoors:birch_whispering_trapdoor,Birch Whispering Trapdoor,decoration/building block,Macaw's building block,,
mcwtrpdoors,mcwtrpdoors:cherry_bamboo_trapdoor,Cherry Mesh Trapdoor,decoration/building block,Macaw's building block,,
mcwtrpdoors,mcwtrpdoors:cherry_bark_trapdoor,Cherry Bark Trapdoor,decoration/building block,Macaw's building block,,
mcwtrpdoors,mcwtrpdoors:cherry_barn_trapdoor,Cherry Barn Trapdoor,decoration/building block,Macaw's building block,,
mcwtrpdoors,mcwtrpdoors:cherry_barred_trapdoor,Cherry Barred Trapdoor,decoration/building block,Macaw's building block,,
mcwtrpdoors,mcwtrpdoors:cherry_barrel_trapdoor,Cherry Barrel Trapdoor,decoration/building block,Macaw's building block,,
mcwtrpdoors,mcwtrpdoors:cherry_beach_trapdoor,Cherry Beach Trapdoor,decoration/building block,Macaw's building block,,
mcwtrpdoors,mcwtrpdoors:cherry_classic_trapdoor,Cherry Classic Trapdoor,decoration/building block,Macaw's building block,,
mcwtrpdoors,mcwtrpdoors:cherry_cottage_trapdoor,Cherry Cottage Trapdoor,decoration/building block,Macaw's building block,,
mcwtrpdoors,mcwtrpdoors:cherry_four_panel_trapdoor,Cherry Four Panel Trapdoor,decoration/building block,Macaw's building block,,
mcwtrpdoors,mcwtrpdoors:cherry_glass_trapdoor,Cherry Glass Trapdoor,decoration/building block,Macaw's building block,,
mcwtrpdoors,mcwtrpdoors:cherry_mystic_trapdoor,Cherry Mystic Trapdoor,decoration/building block,Macaw's building block,,
mcwtrpdoors,mcwtrpdoors:cherry_paper_trapdoor,Cherry Paper Trapdoor,decoration/building block,Macaw's building block,,
mcwtrpdoors,mcwtrpdoors:cherry_ranch_trapdoor,Cherry Ranch Trapdoor,decoration/building block,Macaw's building block,,
mcwtrpdoors,mcwtrpdoors:cherry_swamp_trapdoor,Cherry Swamp Trapdoor,decoration/building block,Macaw's building block,,
mcwtrpdoors,mcwtrpdoors:cherry_tropical_trapdoor,Cherry Tropical Trapdoor,decoration/building block,Macaw's building block,,
mcwtrpdoors,mcwtrpdoors:cherry_whispering_trapdoor,Cherry Whispering Trapdoor,decoration/building block,Macaw's building block,,
mcwtrpdoors,mcwtrpdoors:crimson_bamboo_trapdoor,Crimson Mesh Trapdoor,decoration/building block,Macaw's building block,,
mcwtrpdoors,mcwtrpdoors:crimson_bark_trapdoor,Crimson Bark Trapdoor,decoration/building block,Macaw's building block,,
mcwtrpdoors,mcwtrpdoors:crimson_barn_trapdoor,Crimson Barn Trapdoor,decoration/building block,Macaw's building block,,
mcwtrpdoors,mcwtrpdoors:crimson_barrel_trapdoor,Crimson Barrel Trapdoor,decoration/building block,Macaw's building block,,
mcwtrpdoors,mcwtrpdoors:crimson_beach_trapdoor,Crimson Beach Trapdoor,decoration/building block,Macaw's building block,,
mcwtrpdoors,mcwtrpdoors:crimson_blossom_trapdoor,Crimson Waffle Trapdoor,decoration/building block,Macaw's building block,,
mcwtrpdoors,mcwtrpdoors:crimson_classic_trapdoor,Crimson Classic Trapdoor,decoration/building block,Macaw's building block,,
mcwtrpdoors,mcwtrpdoors:crimson_cottage_trapdoor,Crimson Cottage Trapdoor,decoration/building block,Macaw's building block,,
mcwtrpdoors,mcwtrpdoors:crimson_four_panel_trapdoor,Crimson Four Panel Trapdoor,decoration/building block,Macaw's building block,,
mcwtrpdoors,mcwtrpdoors:crimson_glass_trapdoor,Crimson Glass Trapdoor,decoration/building block,Macaw's building block,,
mcwtrpdoors,mcwtrpdoors:crimson_mystic_trapdoor,Crimson Mystic Trapdoor,decoration/building block,Macaw's building block,,
mcwtrpdoors,mcwtrpdoors:crimson_paper_trapdoor,Crimson Paper Trapdoor,decoration/building block,Macaw's building block,,
mcwtrpdoors,mcwtrpdoors:crimson_ranch_trapdoor,Crimson Ranch Trapdoor,decoration/building block,Macaw's building block,,
mcwtrpdoors,mcwtrpdoors:crimson_swamp_trapdoor,Crimson Swamp Trapdoor,decoration/building block,Macaw's building block,,
mcwtrpdoors,mcwtrpdoors:crimson_tropical_trapdoor,Crimson Tropical Trapdoor,decoration/building block,Macaw's building block,,
mcwtrpdoors,mcwtrpdoors:crimson_whispering_trapdoor,Crimson Whispering Trapdoor,decoration/building block,Macaw's building block,,
mcwtrpdoors,mcwtrpdoors:dark_oak_bamboo_trapdoor,Dark Oak Mesh Trapdoor,decoration/building block,Macaw's building block,,
mcwtrpdoors,mcwtrpdoors:dark_oak_bark_trapdoor,Dark Oak Bark Trapdoor,decoration/building block,Macaw's building block,,
mcwtrpdoors,mcwtrpdoors:dark_oak_barn_trapdoor,Dark Oak Barn Trapdoor,decoration/building block,Macaw's building block,,
mcwtrpdoors,mcwtrpdoors:dark_oak_barred_trapdoor,Dark Oak Barred Trapdoor,decoration/building block,Macaw's building block,,
mcwtrpdoors,mcwtrpdoors:dark_oak_barrel_trapdoor,Dark Oak Barrel Trapdoor,decoration/building block,Macaw's building block,,
mcwtrpdoors,mcwtrpdoors:dark_oak_beach_trapdoor,Dark Oak Beach Trapdoor,decoration/building block,Macaw's building block,,
mcwtrpdoors,mcwtrpdoors:dark_oak_blossom_trapdoor,Dark Oak Waffle Trapdoor,decoration/building block,Macaw's building block,,
mcwtrpdoors,mcwtrpdoors:dark_oak_classic_trapdoor,Dark Oak Classic Trapdoor,decoration/building block,Macaw's building block,,
mcwtrpdoors,mcwtrpdoors:dark_oak_cottage_trapdoor,Dark Oak Cottage Trapdoor,decoration/building block,Macaw's building block,,
mcwtrpdoors,mcwtrpdoors:dark_oak_glass_trapdoor,Dark Oak Glass Trapdoor,decoration/building block,Macaw's building block,,
mcwtrpdoors,mcwtrpdoors:dark_oak_mystic_trapdoor,Dark Oak Mystic Trapdoor,decoration/building block,Macaw's building block,,
mcwtrpdoors,mcwtrpdoors:dark_oak_paper_trapdoor,Dark Oak Paper Trapdoor,decoration/building block,Macaw's building block,,
mcwtrpdoors,mcwtrpdoors:dark_oak_ranch_trapdoor,Dark Oak Ranch Trapdoor,decoration/building block,Macaw's building block,,
mcwtrpdoors,mcwtrpdoors:dark_oak_swamp_trapdoor,Dark Oak Swamp Trapdoor,decoration/building block,Macaw's building block,,
mcwtrpdoors,mcwtrpdoors:dark_oak_tropical_trapdoor,Dark Oak Tropical Trapdoor,decoration/building block,Macaw's building block,,
mcwtrpdoors,mcwtrpdoors:dark_oak_whispering_trapdoor,Dark Oak Whispering Trapdoor,decoration/building block,Macaw's building block,,
mcwtrpdoors,mcwtrpdoors:jungle_bamboo_trapdoor,Jungle Mesh Trapdoor,decoration/building block,Macaw's building block,,
mcwtrpdoors,mcwtrpdoors:jungle_bark_trapdoor,Jungle Bark Trapdoor,decoration/building block,Macaw's building block,,
mcwtrpdoors,mcwtrpdoors:jungle_barn_trapdoor,Jungle Barn Trapdoor,decoration/building block,Macaw's building block,,
mcwtrpdoors,mcwtrpdoors:jungle_barred_trapdoor,Jungle Barred Trapdoor,decoration/building block,Macaw's building block,,
mcwtrpdoors,mcwtrpdoors:jungle_barrel_trapdoor,Jungle Barrel Trapdoor,decoration/building block,Macaw's building block,,
mcwtrpdoors,mcwtrpdoors:jungle_blossom_trapdoor,Jungle Waffle Trapdoor,decoration/building block,Macaw's building block,,
mcwtrpdoors,mcwtrpdoors:jungle_classic_trapdoor,Jungle Classic Trapdoor,decoration/building block,Macaw's building block,,
mcwtrpdoors,mcwtrpdoors:jungle_cottage_trapdoor,Jungle Cottage Trapdoor,decoration/building block,Macaw's building block,,
mcwtrpdoors,mcwtrpdoors:jungle_four_panel_trapdoor,Jungle Four Panel Trapdoor,decoration/building block,Macaw's building block,,
mcwtrpdoors,mcwtrpdoors:jungle_glass_trapdoor,Jungle Glass Trapdoor,decoration/building block,Macaw's building block,,
mcwtrpdoors,mcwtrpdoors:jungle_mystic_trapdoor,Jungle Mystic Trapdoor,decoration/building block,Macaw's building block,,
mcwtrpdoors,mcwtrpdoors:jungle_paper_trapdoor,Jungle Paper Trapdoor,decoration/building block,Macaw's building block,,
mcwtrpdoors,mcwtrpdoors:jungle_ranch_trapdoor,Jungle Ranch Trapdoor,decoration/building block,Macaw's building block,,
mcwtrpdoors,mcwtrpdoors:jungle_swamp_trapdoor,Jungle Swamp Trapdoor,decoration/building block,Macaw's building block,,
mcwtrpdoors,mcwtrpdoors:jungle_tropical_trapdoor,Jungle Tropical Trapdoor,decoration/building block,Macaw's building block,,
mcwtrpdoors,mcwtrpdoors:jungle_whispering_trapdoor,Jungle Whispering Trapdoor,decoration/building block,Macaw's building block,,
mcwtrpdoors,mcwtrpdoors:mangrove_bamboo_trapdoor,Mangrove Mesh Trapdoor,decoration/building block,Macaw's building block,,
mcwtrpdoors,mcwtrpdoors:mangrove_bark_trapdoor,Mangrove Bark Trapdoor,decoration/building block,Macaw's building block,,
mcwtrpdoors,mcwtrpdoors:mangrove_barn_trapdoor,Mangrove Barn Trapdoor,decoration/building block,Macaw's building block,,
mcwtrpdoors,mcwtrpdoors:mangrove_barred_trapdoor,Mangrove Barred Trapdoor,decoration/building block,Macaw's building block,,
mcwtrpdoors,mcwtrpdoors:mangrove_barrel_trapdoor,Mangrove Barrel Trapdoor,decoration/building block,Macaw's building block,,
mcwtrpdoors,mcwtrpdoors:mangrove_beach_trapdoor,Mangrove Beach Trapdoor,decoration/building block,Macaw's building block,,
mcwtrpdoors,mcwtrpdoors:mangrove_blossom_trapdoor,Mangrove Waffle Trapdoor,decoration/building block,Macaw's building block,,
mcwtrpdoors,mcwtrpdoors:mangrove_classic_trapdoor,Mangrove Classic Trapdoor,decoration/building block,Macaw's building block,,
mcwtrpdoors,mcwtrpdoors:mangrove_cottage_trapdoor,Mangrove Cottage Trapdoor,decoration/building block,Macaw's building block,,
mcwtrpdoors,mcwtrpdoors:mangrove_four_panel_trapdoor,Mangrove Four Panel Trapdoor,decoration/building block,Macaw's building block,,
mcwtrpdoors,mcwtrpdoors:mangrove_glass_trapdoor,Mangrove Glass Trapdoor,decoration/building block,Macaw's building block,,
mcwtrpdoors,mcwtrpdoors:mangrove_mystic_trapdoor,Mangrove Mystic Trapdoor,decoration/building block,Macaw's building block,,
mcwtrpdoors,mcwtrpdoors:mangrove_paper_trapdoor,Mangrove Paper Trapdoor,decoration/building block,Macaw's building block,,
mcwtrpdoors,mcwtrpdoors:mangrove_ranch_trapdoor,Mangrove Ranch Trapdoor,decoration/building block,Macaw's building block,,
mcwtrpdoors,mcwtrpdoors:mangrove_tropical_trapdoor,Mangrove Tropical Trapdoor,decoration/building block,Macaw's building block,,
mcwtrpdoors,mcwtrpdoors:mangrove_whispering_trapdoor,Mangrove Whispering Trapdoor,decoration/building block,Macaw's building block,,
mcwtrpdoors,mcwtrpdoors:metal_full_trapdoor,Metal Trapdoor,decoration/building block,Macaw's building block,,
mcwtrpdoors,mcwtrpdoors:metal_trapdoor,Metal Glass Trapdoor,decoration/building block,Macaw's building block,,
mcwtrpdoors,mcwtrpdoors:metal_warning_trapdoor,Warning Trapdoor,decoration/building block,Macaw's building block,,
mcwtrpdoors,mcwtrpdoors:oak_bamboo_trapdoor,Oak Mesh Trapdoor,decoration/building block,Macaw's building block,,
mcwtrpdoors,mcwtrpdoors:oak_bark_trapdoor,Oak Bark Trapdoor,decoration/building block,Macaw's building block,,
mcwtrpdoors,mcwtrpdoors:oak_barn_trapdoor,Oak Barn Trapdoor,decoration/building block,Macaw's building block,,
mcwtrpdoors,mcwtrpdoors:oak_barred_trapdoor,Oak Barred Trapdoor,decoration/building block,Macaw's building block,,
mcwtrpdoors,mcwtrpdoors:oak_barrel_trapdoor,Oak Barrel Trapdoor,decoration/building block,Macaw's building block,,
mcwtrpdoors,mcwtrpdoors:oak_beach_trapdoor,Oak Beach Trapdoor,decoration/building block,Macaw's building block,,
mcwtrpdoors,mcwtrpdoors:oak_blossom_trapdoor,Oak Waffle Trapdoor,decoration/building block,Macaw's building block,,
mcwtrpdoors,mcwtrpdoors:oak_cottage_trapdoor,Oak Cottage Trapdoor,decoration/building block,Macaw's building block,,
mcwtrpdoors,mcwtrpdoors:oak_four_panel_trapdoor,Oak Four Panel Trapdoor,decoration/building block,Macaw's building block,,
mcwtrpdoors,mcwtrpdoors:oak_glass_trapdoor,Oak Glass Trapdoor,decoration/building block,Macaw's building block,,
mcwtrpdoors,mcwtrpdoors:oak_mystic_trapdoor,Oak Mystic Trapdoor,decoration/building block,Macaw's building block,,
mcwtrpdoors,mcwtrpdoors:oak_paper_trapdoor,Oak Paper Trapdoor,decoration/building block,Macaw's building block,,
mcwtrpdoors,mcwtrpdoors:oak_ranch_trapdoor,Oak Ranch Trapdoor,decoration/building block,Macaw's building block,,
mcwtrpdoors,mcwtrpdoors:oak_swamp_trapdoor,Oak Swamp Trapdoor,decoration/building block,Macaw's building block,,
mcwtrpdoors,mcwtrpdoors:oak_tropical_trapdoor,Oak Tropical Trapdoor,decoration/building block,Macaw's building block,,
mcwtrpdoors,mcwtrpdoors:oak_whispering_trapdoor,Oak Whispering Trapdoor,decoration/building block,Macaw's building block,,
mcwtrpdoors,mcwtrpdoors:print_bamboo,Mesh Trapdoor Print,decoration/building block,Macaw's building block,,
mcwtrpdoors,mcwtrpdoors:print_barred,Barred Trapdoor Print,decoration/building block,Macaw's building block,,
mcwtrpdoors,mcwtrpdoors:print_beach,Beach Trapdoor Print,decoration/building block,Macaw's building block,,
mcwtrpdoors,mcwtrpdoors:print_blossom,Waffle Trapdoor Print,decoration/building block,Macaw's building block,,
mcwtrpdoors,mcwtrpdoors:print_classic,Classic Trapdoor Print,decoration/building block,Macaw's building block,,
mcwtrpdoors,mcwtrpdoors:print_cottage,Cottage Trapdoor Print,decoration/building block,Macaw's building block,,
mcwtrpdoors,mcwtrpdoors:print_four_panel,Four Panel Trapdoor Print,decoration/building block,Macaw's building block,,
mcwtrpdoors,mcwtrpdoors:print_mystic,Mystic Trapdoor Print,decoration/building block,Macaw's building block,,
mcwtrpdoors,mcwtrpdoors:print_paper,Paper Trapdoor Print,decoration/building block,Macaw's building block,,
mcwtrpdoors,mcwtrpdoors:print_swamp,Swamp Trapdoor Print,decoration/building block,Macaw's building block,,
mcwtrpdoors,mcwtrpdoors:print_tropical,Tropical Trapdoor Print,decoration/building block,Macaw's building block,,
mcwtrpdoors,mcwtrpdoors:print_whispering,Whispering Trapdoor Print,decoration/building block,Macaw's building block,,
mcwtrpdoors,mcwtrpdoors:spruce_bamboo_trapdoor,Spruce Mesh Trapdoor,decoration/building block,Macaw's building block,,
mcwtrpdoors,mcwtrpdoors:spruce_bark_trapdoor,Spruce Bark Trapdoor,decoration/building block,Macaw's building block,,
mcwtrpdoors,mcwtrpdoors:spruce_barn_trapdoor,Spruce Barn Trapdoor,decoration/building block,Macaw's building block,,
mcwtrpdoors,mcwtrpdoors:spruce_barred_trapdoor,Spruce Barred Trapdoor,decoration/building block,Macaw's building block,,
mcwtrpdoors,mcwtrpdoors:spruce_barrel_trapdoor,Spruce Barrel Trapdoor,decoration/building block,Macaw's building block,,
mcwtrpdoors,mcwtrpdoors:spruce_beach_trapdoor,Spruce Beach Trapdoor,decoration/building block,Macaw's building block,,
mcwtrpdoors,mcwtrpdoors:spruce_blossom_trapdoor,Spruce Waffle Trapdoor,decoration/building block,Macaw's building block,,
mcwtrpdoors,mcwtrpdoors:spruce_classic_trapdoor,Spruce Classic Trapdoor,decoration/building block,Macaw's building block,,
mcwtrpdoors,mcwtrpdoors:spruce_four_panel_trapdoor,Spruce Four Panel Trapdoor,decoration/building block,Macaw's building block,,
mcwtrpdoors,mcwtrpdoors:spruce_glass_trapdoor,Spruce Glass Trapdoor,decoration/building block,Macaw's building block,,
mcwtrpdoors,mcwtrpdoors:spruce_mystic_trapdoor,Spruce Mystic Trapdoor,decoration/building block,Macaw's building block,,
mcwtrpdoors,mcwtrpdoors:spruce_paper_trapdoor,Spruce Paper Trapdoor,decoration/building block,Macaw's building block,,
mcwtrpdoors,mcwtrpdoors:spruce_ranch_trapdoor,Spruce Ranch Trapdoor,decoration/building block,Macaw's building block,,
mcwtrpdoors,mcwtrpdoors:spruce_swamp_trapdoor,Spruce Swamp Trapdoor,decoration/building block,Macaw's building block,,
mcwtrpdoors,mcwtrpdoors:spruce_tropical_trapdoor,Spruce Tropical Trapdoor,decoration/building block,Macaw's building block,,
mcwtrpdoors,mcwtrpdoors:spruce_whispering_trapdoor,Spruce Whispering Trapdoor,decoration/building block,Macaw's building block,,
mcwtrpdoors,mcwtrpdoors:warped_bamboo_trapdoor,Warped Mesh Trapdoor,decoration/building block,Macaw's building block,,
mcwtrpdoors,mcwtrpdoors:warped_bark_trapdoor,Warped Bark Trapdoor,decoration/building block,Macaw's building block,,
mcwtrpdoors,mcwtrpdoors:warped_barn_trapdoor,Warped Barn Trapdoor,decoration/building block,Macaw's building block,,
mcwtrpdoors,mcwtrpdoors:warped_barred_trapdoor,Warped Barred Trapdoor,decoration/building block,Macaw's building block,,
mcwtrpdoors,mcwtrpdoors:warped_barrel_trapdoor,Warped Barrel Trapdoor,decoration/building block,Macaw's building block,,
mcwtrpdoors,mcwtrpdoors:warped_beach_trapdoor,Warped Beach Trapdoor,decoration/building block,Macaw's building block,,
mcwtrpdoors,mcwtrpdoors:warped_blossom_trapdoor,Warped Waffle Trapdoor,decoration/building block,Macaw's building block,,
mcwtrpdoors,mcwtrpdoors:warped_classic_trapdoor,Warped Classic Trapdoor,decoration/building block,Macaw's building block,,
mcwtrpdoors,mcwtrpdoors:warped_cottage_trapdoor,Warped Cottage Trapdoor,decoration/building block,Macaw's building block,,
mcwtrpdoors,mcwtrpdoors:warped_four_panel_trapdoor,Warped Four Panel Trapdoor,decoration/building block,Macaw's building block,,
mcwtrpdoors,mcwtrpdoors:warped_glass_trapdoor,Warped Glass Trapdoor,decoration/building block,Macaw's building block,,
mcwtrpdoors,mcwtrpdoors:warped_paper_trapdoor,Warped Paper Trapdoor,decoration/building block,Macaw's building block,,
mcwtrpdoors,mcwtrpdoors:warped_ranch_trapdoor,Warped Ranch Trapdoor,decoration/building block,Macaw's building block,,
mcwtrpdoors,mcwtrpdoors:warped_swamp_trapdoor,Warped Swamp Trapdoor,decoration/building block,Macaw's building block,,
mcwtrpdoors,mcwtrpdoors:warped_tropical_trapdoor,Warped Tropical Trapdoor,decoration/building block,Macaw's building block,,
mcwtrpdoors,mcwtrpdoors:warped_whispering_trapdoor,Warped Whispering Trapdoor,decoration/building block,Macaw's building block,,
mcwfences,mcwfences:acacia_curved_gate,Acacia Curved Gate,decoration/building block,Macaw's building block,,
mcwfences,mcwfences:acacia_hedge,Acacia Hedge,decoration/building block,Macaw's building block,,
mcwfences,mcwfences:acacia_highley_gate,Acacia Highley Gate,decoration/building block,Macaw's building block,,
mcwfences,mcwfences:acacia_horse_fence,Acacia Horse Fence,decoration/building block,Macaw's building block,,
mcwfences,mcwfences:acacia_picket_fence,Acacia Picket Fence,decoration/building block,Macaw's building block,,
mcwfences,mcwfences:acacia_pyramid_gate,Acacia Pyramid Gate,decoration/building block,Macaw's building block,,
mcwfences,mcwfences:acacia_stockade_fence,Acacia Stockade Fence,decoration/building block,Macaw's building block,,
mcwfences,mcwfences:acacia_wired_fence,Acacia Wired Fence,decoration/building block,Macaw's building block,,
mcwfences,mcwfences:acorn_metal_fence,Acorn Metal Fence,decoration/building block,Macaw's building block,,
mcwfences,mcwfences:andesite_grass_topped_wall,Andesite Grass Topped Wall,decoration/building block,Macaw's building block,,
mcwfences,mcwfences:andesite_pillar_wall,Andesite Pillar Wall,decoration/building block,Macaw's building block,,
mcwfences,mcwfences:andesite_railing_gate,Andesite Railing Gate,decoration/building block,Macaw's building block,,
mcwfences,mcwfences:azalea_hedge,Azalea Hedge,decoration/building block,Macaw's building block,,
mcwfences,mcwfences:bamboo_curved_gate,Bamboo Curved Gate,decoration/building block,Macaw's building block,,
mcwfences,mcwfences:bamboo_fence,Bamboo Fence,decoration/building block,Macaw's building block,,
mcwfences,mcwfences:bamboo_highley_gate,Bamboo Highley Gate,decoration/building block,Macaw's building block,,
mcwfences,mcwfences:bamboo_horse_fence,Bamboo Horse Fence,decoration/building block,Macaw's building block,,
mcwfences,mcwfences:bamboo_picket_fence,Bamboo Picket Fence,decoration/building block,Macaw's building block,,
mcwfences,mcwfences:bamboo_pyramid_gate,Bamboo Pyramid Gate,decoration/building block,Macaw's building block,,
mcwfences,mcwfences:bamboo_stockade_fence,Bamboo Stockade Fence,decoration/building block,Macaw's building block,,
mcwfences,mcwfences:bamboo_wired_fence,Bamboo Wired Fence,decoration/building block,Macaw's building block,,
mcwfences,mcwfences:bastion_metal_fence,Bastion Metal Fence,decoration/building block,Macaw's building block,,
mcwfences,mcwfences:bastion_metal_fence_gate,Bastion Metal Fence Gate,decoration/building block,Macaw's building block,,
mcwfences,mcwfences:birch_curved_gate,Birch Curved Gate,decoration/building block,Macaw's building block,,
mcwfences,mcwfences:birch_hedge,Birch Hedge,decoration/building block,Macaw's building block,,
mcwfences,mcwfences:birch_highley_gate,Birch Highley Gate,decoration/building block,Macaw's building block,,
mcwfences,mcwfences:birch_horse_fence,Birch Horse Fence,decoration/building block,Macaw's building block,,
mcwfences,mcwfences:birch_picket_fence,Birch Picket Fence,decoration/building block,Macaw's building block,,
mcwfences,mcwfences:birch_pyramid_gate,Birch Pyramid Gate,decoration/building block,Macaw's building block,,
mcwfences,mcwfences:birch_stockade_fence,Birch Stockade Fence,decoration/building block,Macaw's building block,,
mcwfences,mcwfences:birch_wired_fence,Birch Wired Fence,decoration/building block,Macaw's building block,,
mcwfences,mcwfences:blackstone_brick_railing_gate,Blackstone Brick Railing Gate,decoration/building block,Macaw's building block,,
mcwfences,mcwfences:blackstone_grass_topped_wall,Blackstone Grass Topped Wall,decoration/building block,Macaw's building block,,
mcwfences,mcwfences:blackstone_pillar_wall,Blackstone Pillar Wall,decoration/building block,Macaw's building block,,
mcwfences,mcwfences:blackstone_railing_gate,Blackstone Railing Gate,decoration/building block,Macaw's building block,,
mcwfences,mcwfences:cathedral_metal_fence,Cathedral Metal Fence,decoration/building block,Macaw's building block,,
mcwfences,mcwfences:cherry_curved_gate,Cherry Curved Gate,decoration/building block,Macaw's building block,,
mcwfences,mcwfences:cherry_hedge,Cherry Hedge,decoration/building block,Macaw's building block,,
mcwfences,mcwfences:cherry_highley_gate,Cherry Highley Gate,decoration/building block,Macaw's building block,,
mcwfences,mcwfences:cherry_horse_fence,Cherry Horse Fence,decoration/building block,Macaw's building block,,
mcwfences,mcwfences:cherry_picket_fence,Cherry Picket Fence,decoration/building block,Macaw's building block,,
mcwfences,mcwfences:cherry_pyramid_gate,Cherry Pyramid Gate,decoration/building block,Macaw's building block,,
mcwfences,mcwfences:cherry_stockade_fence,Cherry Stockade Fence,decoration/building block,Macaw's building block,,
mcwfences,mcwfences:cherry_wired_fence,Cherry Wired Fence,decoration/building block,Macaw's building block,,
mcwfences,mcwfences:crimson_curved_gate,Crimson Curved Gate,decoration/building block,Macaw's building block,,
mcwfences,mcwfences:crimson_highley_gate,Crimson Highley Gate,decoration/building block,Macaw's building block,,
mcwfences,mcwfences:crimson_horse_fence,Crimson Horse Fence,decoration/building block,Macaw's building block,,
mcwfences,mcwfences:crimson_picket_fence,Crimson Picket Fence,decoration/building block,Macaw's building block,,
mcwfences,mcwfences:crimson_pyramid_gate,Crimson Pyramid Gate,decoration/building block,Macaw's building block,,
mcwfences,mcwfences:crimson_stockade_fence,Crimson Stockade Fence,decoration/building block,Macaw's building block,,
mcwfences,mcwfences:crimson_wired_fence,Crimson Wired Fence,decoration/building block,Macaw's building block,,
mcwfences,mcwfences:curved_metal_fence,Curved Metal Fence,decoration/building block,Macaw's building block,,
mcwfences,mcwfences:curved_metal_fence_gate,Curved Metal Fence Gate,decoration/building block,Macaw's building block,,
mcwfences,mcwfences:dark_oak_curved_gate,Dark Oak Curved Gate,decoration/building block,Macaw's building block,,
mcwfences,mcwfences:dark_oak_hedge,Dark Oak Hedge,decoration/building block,Macaw's building block,,
mcwfences,mcwfences:dark_oak_highley_gate,Dark Oak Highley Gate,decoration/building block,Macaw's building block,,
mcwfences,mcwfences:dark_oak_horse_fence,Dark Oak Horse Fence,decoration/building block,Macaw's building block,,
mcwfences,mcwfences:dark_oak_picket_fence,Dark Oak Picket Fence,decoration/building block,Macaw's building block,,
mcwfences,mcwfences:dark_oak_pyramid_gate,Dark Oak Pyramid Gate,decoration/building block,Macaw's building block,,
mcwfences,mcwfences:dark_oak_stockade_fence,Dark Oak Stockade Fence,decoration/building block,Macaw's building block,,
mcwfences,mcwfences:dark_oak_wired_fence,Dark Oak Wired Fence,decoration/building block,Macaw's building block,,
mcwfences,mcwfences:deepslate_brick_grass_topped_wall,Deepslate Brick Grass Topped Wall,decoration/building block,Macaw's building block,,
mcwfences,mcwfences:deepslate_brick_pillar_wall,Deepslate Brick Pillar Wall,decoration/building block,Macaw's building block,,
mcwfences,mcwfences:deepslate_brick_railing_gate,Deepslate Brick Railing Gate,decoration/building block,Macaw's building block,,
mcwfences,mcwfences:deepslate_grass_topped_wall,Deepslate Grass Topped Wall,decoration/building block,Macaw's building block,,
mcwfences,mcwfences:deepslate_pillar_wall,Deepslate Pillar Wall,decoration/building block,Macaw's building block,,
mcwfences,mcwfences:deepslate_railing_gate,Deepslate Railing Gate,decoration/building block,Macaw's building block,,
mcwfences,mcwfences:diorite_grass_topped_wall,Diorite Grass Topped Wall,decoration/building block,Macaw's building block,,
mcwfences,mcwfences:diorite_pillar_wall,Diorite Pillar Wall,decoration/building block,Macaw's building block,,
mcwfences,mcwfences:diorite_railing_gate,Diorite Railing Gate,decoration/building block,Macaw's building block,,
mcwfences,mcwfences:double_curved_metal_fence,Double Curved Metal Fence,decoration/building block,Macaw's building block,,
mcwfences,mcwfences:end_brick_grass_topped_wall,End Brick Grass Topped Wall,decoration/building block,Macaw's building block,,
mcwfences,mcwfences:end_brick_pillar_wall,End Brick Pillar Wall,decoration/building block,Macaw's building block,,
mcwfences,mcwfences:end_brick_railing_gate,End Brick Railing Gate,decoration/building block,Macaw's building block,,
mcwfences,mcwfences:expanded_mesh_metal_fence,Expanded Mesh Metal Fence,decoration/building block,Macaw's building block,,
mcwfences,mcwfences:flowering_azalea_hedge,Flowering Azalea Hedge,decoration/building block,Macaw's building block,,
mcwfences,mcwfences:fortress_metal_fence,Fortress Metal Fence,decoration/building block,Macaw's building block,,
mcwfences,mcwfences:gothic_metal_fence,Gothic Metal Fence,decoration/building block,Macaw's building block,,
mcwfences,mcwfences:granite_grass_topped_wall,Granite Grass Topped Wall,decoration/building block,Macaw's building block,,
mcwfences,mcwfences:granite_pillar_wall,Granite Pillar Wall,decoration/building block,Macaw's building block,,
mcwfences,mcwfences:granite_railing_gate,Granite Railing Gate,decoration/building block,Macaw's building block,,
mcwfences,mcwfences:guardian_metal_fence,Guardian Metal Fence,decoration/building block,Macaw's building block,,
mcwfences,mcwfences:iron_cheval_de_frise,Iron Cheval De Frise,decoration/building block,Macaw's building block,,
mcwfences,mcwfences:jungle_curved_gate,Jungle Curved Gate,decoration/building block,Macaw's building block,,
mcwfences,mcwfences:jungle_hedge,Jungle Hedge,decoration/building block,Macaw's building block,,
mcwfences,mcwfences:jungle_highley_gate,Jungle Highley Gate,decoration/building block,Macaw's building block,,
mcwfences,mcwfences:jungle_horse_fence,Jungle Horse Fence,decoration/building block,Macaw's building block,,
mcwfences,mcwfences:jungle_picket_fence,Jungle Picket Fence,decoration/building block,Macaw's building block,,
mcwfences,mcwfences:jungle_pyramid_gate,Jungle Pyramid Gate,decoration/building block,Macaw's building block,,
mcwfences,mcwfences:jungle_stockade_fence,Jungle Stockade Fence,decoration/building block,Macaw's building block,,
mcwfences,mcwfences:jungle_wired_fence,Jungle Wired Fence,decoration/building block,Macaw's building block,,
mcwfences,mcwfences:majestic_metal_fence_gate,Majestic Metal Fence Gate,decoration/building block,Macaw's building block,,
mcwfences,mcwfences:mangrove_curved_gate,Mangrove Curved Gate,decoration/building block,Macaw's building block,,
mcwfences,mcwfences:mangrove_hedge,Mangrove Hedge,decoration/building block,Macaw's building block,,
mcwfences,mcwfences:mangrove_highley_gate,Mangrove Highley Gate,decoration/building block,Macaw's building block,,
mcwfences,mcwfences:mangrove_horse_fence,Mangrove Horse Fence,decoration/building block,Macaw's building block,,
mcwfences,mcwfences:mangrove_picket_fence,Mangrove Picket Fence,decoration/building block,Macaw's building block,,
mcwfences,mcwfences:mangrove_pyramid_gate,Mangrove Pyramid Gate,decoration/building block,Macaw's building block,,
mcwfences,mcwfences:mangrove_stockade_fence,Mangrove Stockade Fence,decoration/building block,Macaw's building block,,
mcwfences,mcwfences:mangrove_wired_fence,Mangrove Wired Fence,decoration/building block,Macaw's building block,,
mcwfences,mcwfences:mesh_metal_fence,Mesh Metal Fence,decoration/building block,Macaw's building block,,
mcwfences,mcwfences:mesh_metal_fence_gate,Mesh Metal Fence Gate,decoration/building block,Macaw's building block,,
mcwfences,mcwfences:modern_andesite_wall,Modern Andesite Wall,decoration/building block,Macaw's building block,,
mcwfences,mcwfences:modern_blackstone_wall,Modern Blackstone Wall,decoration/building block,Macaw's building block,,
mcwfences,mcwfences:modern_deepslate_brick_wall,Modern Deepslate Brick Wall,decoration/building block,Macaw's building block,,
mcwfences,mcwfences:modern_deepslate_wall,Modern Deepslate Wall,decoration/building block,Macaw's building block,,
mcwfences,mcwfences:modern_diorite_wall,Modern Diorite Wall,decoration/building block,Macaw's building block,,
mcwfences,mcwfences:modern_end_brick_wall,Modern End Brick Wall,decoration/building block,Macaw's building block,,
mcwfences,mcwfences:modern_granite_wall,Modern Granite Wall,decoration/building block,Macaw's building block,,
mcwfences,mcwfences:modern_mud_brick_wall,Modern Mud Brick Wall,decoration/building block,Macaw's building block,,
mcwfences,mcwfences:modern_nether_brick_wall,Modern Nether Brick Wall,decoration/building block,Macaw's building block,,
mcwfences,mcwfences:modern_prismarine_wall,Modern Prismarine Wall,decoration/building block,Macaw's building block,,
mcwfences,mcwfences:modern_quartz_wall,Modern Quartz Wall,decoration/building block,Macaw's building block,,
mcwfences,mcwfences:modern_red_sandstone_wall,Modern Red Sandstone Wall,decoration/building block,Macaw's building block,,
mcwfences,mcwfences:modern_sandstone_wall,Modern Sandstone Wall,decoration/building block,Macaw's building block,,
mcwfences,mcwfences:modern_stone_brick_wall,Modern Stone Brick Wall,decoration/building block,Macaw's building block,,
mcwfences,mcwfences:mud_brick_grass_topped_wall,Mud Brick Grass Topped Wall,decoration/building block,Macaw's building block,,
mcwfences,mcwfences:mud_brick_pillar_wall,Mud Brick Pillar Wall,decoration/building block,Macaw's building block,,
mcwfences,mcwfences:mud_brick_railing_gate,Mud Brick Railing Gate,decoration/building block,Macaw's building block,,
mcwfences,mcwfences:nether_brick_grass_topped_wall,Nether Brick Grass Topped Wall,decoration/building block,Macaw's building block,,
mcwfences,mcwfences:nether_brick_pillar_wall,Nether Brick Pillar Wall,decoration/building block,Macaw's building block,,
mcwfences,mcwfences:nether_brick_railing_gate,Nether Brick Railing Gate,decoration/building block,Macaw's building block,,
mcwfences,mcwfences:oak_curved_gate,Oak Curved Gate,decoration/building block,Macaw's building block,,
mcwfences,mcwfences:oak_hedge,Oak Hedge,decoration/building block,Macaw's building block,,
mcwfences,mcwfences:oak_highley_gate,Oak Highley Gate,decoration/building block,Macaw's building block,,
mcwfences,mcwfences:oak_horse_fence,Oak Horse Fence,decoration/building block,Macaw's building block,,
mcwfences,mcwfences:oak_picket_fence,Oak Picket Fence,decoration/building block,Macaw's building block,,
mcwfences,mcwfences:oak_pyramid_gate,Oak Pyramid Gate,decoration/building block,Macaw's building block,,
mcwfences,mcwfences:oak_stockade_fence,Oak Stockade Fence,decoration/building block,Macaw's building block,,
mcwfences,mcwfences:oak_wired_fence,Oak Wired Fence,decoration/building block,Macaw's building block,,
mcwfences,mcwfences:ornate_metal_fence,Ornate Metal Fence,decoration/building block,Macaw's building block,,
mcwfences,mcwfences:panelled_metal_fence,Panelled Metal Fence,decoration/building block,Macaw's building block,,
mcwfences,mcwfences:panelled_metal_fence_gate,Panelled Metal Fence Gate,decoration/building block,Macaw's building block,,
mcwfences,mcwfences:prismarine_grass_topped_wall,Prismarine Grass Topped Wall,decoration/building block,Macaw's building block,,
mcwfences,mcwfences:prismarine_pillar_wall,Prismarine Pillar Wall,decoration/building block,Macaw's building block,,
mcwfences,mcwfences:prismarine_railing_gate,Prismarine Railing Gate,decoration/building block,Macaw's building block,,
mcwfences,mcwfences:quartz_grass_topped_wall,Quartz Grass Topped Wall,decoration/building block,Macaw's building block,,
mcwfences,mcwfences:quartz_pillar_wall,Quartz Pillar Wall,decoration/building block,Macaw's building block,,
mcwfences,mcwfences:quartz_railing_gate,Quartz Railing Gate,decoration/building block,Macaw's building block,,
mcwfences,mcwfences:railing_andesite_wall,Railing Andesite Wall,decoration/building block,Macaw's building block,,
mcwfences,mcwfences:railing_blackstone_wall,Railing Blackstone Wall,decoration/building block,Macaw's building block,,
mcwfences,mcwfences:railing_deepslate_brick_wall,Railing Deepslate Brick Wall,decoration/building block,Macaw's building block,,
mcwfences,mcwfences:railing_deepslate_wall,Railing Deepslate Wall,decoration/building block,Macaw's building block,,
mcwfences,mcwfences:railing_diorite_wall,Railing Diorite Wall,decoration/building block,Macaw's building block,,
mcwfences,mcwfences:railing_end_brick_wall,Railing End Brick Wall,decoration/building block,Macaw's building block,,
mcwfences,mcwfences:railing_granite_wall,Railing Granite Wall,decoration/building block,Macaw's building block,,
mcwfences,mcwfences:railing_mud_brick_wall,Railing Mud Brick Wall,decoration/building block,Macaw's building block,,
mcwfences,mcwfences:railing_nether_brick_wall,Railing Nether Brick Wall,decoration/building block,Macaw's building block,,
mcwfences,mcwfences:railing_prismarine_wall,Railing Prismarine Wall,decoration/building block,Macaw's building block,,
mcwfences,mcwfences:railing_quartz_wall,Railing Quartz Wall,decoration/building block,Macaw's building block,,
mcwfences,mcwfences:railing_red_sandstone_wall,Railing Red Sandstone Wall,decoration/building block,Macaw's building block,,
mcwfences,mcwfences:railing_sandstone_wall,Railing Sandstone Wall,decoration/building block,Macaw's building block,,
mcwfences,mcwfences:railing_stone_brick_wall,Railing Stone Brick Wall,decoration/building block,Macaw's building block,,
mcwfences,mcwfences:red_sandstone_grass_topped_wall,Red Sandstone Grass Topped Wall,decoration/building block,Macaw's building block,,
mcwfences,mcwfences:red_sandstone_pillar_wall,Red Sandstone Pillar Wall,decoration/building block,Macaw's building block,,
mcwfences,mcwfences:red_sandstone_railing_gate,Red Sandstone Railing Gate,decoration/building block,Macaw's building block,,
mcwfences,mcwfences:sandstone_grass_topped_wall,Sandstone Grass Topped Wall,decoration/building block,Macaw's building block,,
mcwfences,mcwfences:sandstone_pillar_wall,Sandstone Pillar Wall,decoration/building block,Macaw's building block,,
mcwfences,mcwfences:sandstone_railing_gate,Sandstone Railing Gate,decoration/building block,Macaw's building block,,
mcwfences,mcwfences:spruce_curved_gate,Spruce Curved Gate,decoration/building block,Macaw's building block,,
mcwfences,mcwfences:spruce_hedge,Spruce Hedge,decoration/building block,Macaw's building block,,
mcwfences,mcwfences:spruce_highley_gate,Spruce Highley Gate,decoration/building block,Macaw's building block,,
mcwfences,mcwfences:spruce_horse_fence,Spruce Horse Fence,decoration/building block,Macaw's building block,,
mcwfences,mcwfences:spruce_picket_fence,Spruce Picket Fence,decoration/building block,Macaw's building block,,
mcwfences,mcwfences:spruce_pyramid_gate,Spruce Pyramid Gate,decoration/building block,Macaw's building block,,
mcwfences,mcwfences:spruce_stockade_fence,Spruce Stockade Fence,decoration/building block,Macaw's building block,,
mcwfences,mcwfences:spruce_wired_fence,Spruce Wired Fence,decoration/building block,Macaw's building block,,
mcwfences,mcwfences:stone_brick_railing_gate,Stone Brick Railing Gate,decoration/building block,Macaw's building block,,
mcwfences,mcwfences:stone_grass_topped_wall,Stone Grass Topped Wall,decoration/building block,Macaw's building block,,
mcwfences,mcwfences:stone_pillar_wall,Stone Pillar Wall,decoration/building block,Macaw's building block,,
mcwfences,mcwfences:twilight_metal_fence,Twilight Metal Fence,decoration/building block,Macaw's building block,,
mcwfences,mcwfences:vintage_metal_fence,Vintage Metal Fence,decoration/building block,Macaw's building block,,
mcwfences,mcwfences:warped_curved_gate,Warped Curved Gate,decoration/building block,Macaw's building block,,
mcwfences,mcwfences:warped_highley_gate,Warped Highley Gate,decoration/building block,Macaw's building block,,
mcwfences,mcwfences:warped_horse_fence,Warped Horse Fence,decoration/building block,Macaw's building block,,
mcwfences,mcwfences:warped_picket_fence,Warped Picket Fence,decoration/building block,Macaw's building block,,
mcwfences,mcwfences:warped_pyramid_gate,Warped Pyramid Gate,decoration/building block,Macaw's building block,,
mcwfences,mcwfences:warped_stockade_fence,Warped Stockade Fence,decoration/building block,Macaw's building block,,
mcwfences,mcwfences:warped_wired_fence,Warped Wired Fence,decoration/building block,Macaw's building block,,
mcwfences,mcwfences:wooden_cheval_de_frise,Wooden Cheval De Frise,decoration/building block,Macaw's building block,,
mcwlights,mcwlights:acacia_ceiling_fan_light,Acacia Ceiling Fan Light,light source,lamp,,
mcwlights,mcwlights:acacia_tiki_torch,Acacia Tiki Torch,light source,lamp,,
mcwlights,mcwlights:bamboo_tiki_torch,Bamboo Tiki Torch,light source,lamp,,
mcwlights,mcwlights:bell_lantern,Bell Lantern,light source,lamp,,
mcwlights,mcwlights:bell_wall_lantern,Bell Wall Lantern,light source,lamp,,
mcwlights,mcwlights:birch_ceiling_fan_light,Birch Ceiling Fan Light,light source,lamp,,
mcwlights,mcwlights:birch_tiki_torch,Birch Tiki Torch,light source,lamp,,
mcwlights,mcwlights:black_ceiling_light,Black Ceiling Light,light source,lamp,,
mcwlights,mcwlights:black_lamp,Black Lamp,light source,lamp,,
mcwlights,mcwlights:black_paper_lamp,Black Paper Lamp,light source,lamp,,
mcwlights,mcwlights:blue_ceiling_light,Blue Ceiling Light,light source,lamp,,
mcwlights,mcwlights:blue_lamp,Blue Lamp,light source,lamp,,
mcwlights,mcwlights:blue_paper_lamp,Blue Paper Lamp,light source,lamp,,
mcwlights,mcwlights:brown_ceiling_light,Brown Ceiling Light,light source,lamp,,
mcwlights,mcwlights:brown_lamp,Brown Lamp,light source,lamp,,
mcwlights,mcwlights:brown_paper_lamp,Brown Paper Lamp,light source,lamp,,
mcwlights,mcwlights:chain_lantern,Chain Lantern,light source,lamp,,
mcwlights,mcwlights:chain_wall_lantern,Chain Wall Lantern,light source,lamp,,
mcwlights,mcwlights:cherry_ceiling_fan_light,Cherry Ceiling Fan Light,light source,lamp,,
mcwlights,mcwlights:cherry_tiki_torch,Cherry Tiki Torch,light source,lamp,,
mcwlights,mcwlights:classic_street_lamp,Street Lamp Post,light source,lamp,,
mcwlights,mcwlights:copper_candle_holder,Copper Candle Holder,light source,lamp,,
mcwlights,mcwlights:copper_chain,Copper Chain,light source,lamp,,
mcwlights,mcwlights:copper_chandelier,Copper Chandelier,light source,lamp,,
mcwlights,mcwlights:copper_double_candle_holder,Copper Double Candle Holder,light source,lamp,,
mcwlights,mcwlights:copper_low_candle_holder,Copper Low Candle Holder,light source,lamp,,
mcwlights,mcwlights:copper_small_chandelier,Copper Small Chandelier,light source,lamp,,
mcwlights,mcwlights:copper_triple_candle_holder,Copper Triple Candle Holder,light source,lamp,,
mcwlights,mcwlights:copper_wall_candle_holder,Copper Wall Candle Holder,light source,lamp,,
mcwlights,mcwlights:covered_garden_light,Covered Garden Light,light source,lamp,,
mcwlights,mcwlights:covered_lantern,Covered Lantern,light source,lamp,,
mcwlights,mcwlights:covered_wall_lantern,Covered Wall Lantern,light source,lamp,,
mcwlights,mcwlights:crimson_ceiling_fan_light,Crimson Ceiling Fan Light,light source,lamp,,
mcwlights,mcwlights:crimson_tiki_torch,Crimson Tiki Torch,light source,lamp,,
mcwlights,mcwlights:cross_lantern,Cross Lantern,light source,lamp,,
mcwlights,mcwlights:cross_wall_lantern,Cross Wall Lantern,light source,lamp,,
mcwlights,mcwlights:cyan_ceiling_light,Cyan Ceiling Light,light source,lamp,,
mcwlights,mcwlights:cyan_lamp,Cyan Lamp,light source,lamp,,
mcwlights,mcwlights:cyan_paper_lamp,Cyan Paper Lamp,light source,lamp,,
mcwlights,mcwlights:dark_oak_ceiling_fan_light,Dark Oak Ceiling Fan Light,light source,lamp,,
mcwlights,mcwlights:dark_oak_tiki_torch,Dark Oak Tiki Torch,light source,lamp,,
mcwlights,mcwlights:double_street_lamp,Double Street Lamp Post,light source,lamp,,
mcwlights,mcwlights:festive_lantern,Festive Lantern,light source,lamp,,
mcwlights,mcwlights:festive_wall_lantern,Festive Wall Lantern,light source,lamp,,
mcwlights,mcwlights:framed_torch,Framed Torch,light source,lamp,,
mcwlights,mcwlights:garden_light,Garden Light,light source,lamp,,
mcwlights,mcwlights:glowstone_slab,Glowstone Slab,light source,lamp,,
mcwlights,mcwlights:golden_candle_holder,Golden Candle Holder,light source,lamp,,
mcwlights,mcwlights:golden_chain,Golden Chain,light source,lamp,,
mcwlights,mcwlights:golden_chandelier,Golden Chandelier,light source,lamp,,
mcwlights,mcwlights:golden_double_candle_holder,Golden Double Candle Holder,light source,lamp,,
mcwlights,mcwlights:golden_low_candle_holder,Golden Low Candle Holder,light source,lamp,,
mcwlights,mcwlights:golden_small_chandelier,Golden Small Chandelier,light source,lamp,,
mcwlights,mcwlights:golden_triple_candle_holder,Golden Triple Candle Holder,light source,lamp,,
mcwlights,mcwlights:golden_wall_candle_holder,Golden Wall Candle Holder,light source,lamp,,
mcwlights,mcwlights:gray_ceiling_light,Gray Ceiling Light,light source,lamp,,
mcwlights,mcwlights:gray_lamp,Gray Lamp,light source,lamp,,
mcwlights,mcwlights:gray_paper_lamp,Gray Paper Lamp,light source,lamp,,
mcwlights,mcwlights:green_ceiling_light,Green Ceiling Light,light source,lamp,,
mcwlights,mcwlights:green_lamp,Green Lamp,light source,lamp,,
mcwlights,mcwlights:green_paper_lamp,Green Paper Lamp,light source,lamp,,
mcwlights,mcwlights:iron_candle_holder,Iron Candle Holder,light source,lamp,,
mcwlights,mcwlights:iron_chandelier,Iron Chandelier,light source,lamp,,
mcwlights,mcwlights:iron_double_candle_holder,Iron Double Candle Holder,light source,lamp,,
mcwlights,mcwlights:iron_framed_torch,Iron Framed Torch,light source,lamp,,
mcwlights,mcwlights:iron_low_candle_holder,Iron Low Candle Holder,light source,lamp,,
mcwlights,mcwlights:iron_small_chandelier,Iron Small Chandelier,light source,lamp,,
mcwlights,mcwlights:iron_triple_candle_holder,Iron Triple Candle Holder,light source,lamp,,
mcwlights,mcwlights:iron_wall_candle_holder,Iron Wall Candle Holder,light source,lamp,,
mcwlights,mcwlights:jungle_ceiling_fan_light,Jungle Ceiling Fan Light,light source,lamp,,
mcwlights,mcwlights:jungle_tiki_torch,Jungle Tiki Torch,light source,lamp,,
mcwlights,mcwlights:lava_lamp,Lava Lamp,light source,lamp,,
mcwlights,mcwlights:light_blue_ceiling_light,Light Blue Ceiling Light,light source,lamp,,
mcwlights,mcwlights:light_blue_lamp,Light Blue Lamp,light source,lamp,,
mcwlights,mcwlights:light_blue_paper_lamp,Light Blue Paper Lamp,light source,lamp,,
mcwlights,mcwlights:light_gray_ceiling_light,Light Gray Ceiling Light,light source,lamp,,
mcwlights,mcwlights:light_gray_lamp,Light Gray Lamp,light source,lamp,,
mcwlights,mcwlights:light_gray_paper_lamp,Light Gray Paper Lamp,light source,lamp,,
mcwlights,mcwlights:lime_ceiling_light,Lime Ceiling Light,light source,lamp,,
mcwlights,mcwlights:lime_lamp,Lime Lamp,light source,lamp,,
mcwlights,mcwlights:lime_paper_lamp,Lime Paper Lamp,light source,lamp,,
mcwlights,mcwlights:magenta_ceiling_light,Magenta Ceiling Light,light source,lamp,,
mcwlights,mcwlights:magenta_lamp,Magenta Lamp,light source,lamp,,
mcwlights,mcwlights:magenta_paper_lamp,Magenta Paper Lamp,light source,lamp,,
mcwlights,mcwlights:mangrove_ceiling_fan_light,Mangrove Ceiling Fan Light,light source,lamp,,
mcwlights,mcwlights:mangrove_tiki_torch,Mangrove Tiki Torch,light source,lamp,,
mcwlights,mcwlights:oak_ceiling_fan_light,Oak Ceiling Fan Light,light source,lamp,,
mcwlights,mcwlights:oak_tiki_torch,Oak Tiki Torch,light source,lamp,,
mcwlights,mcwlights:orange_ceiling_light,Orange Ceiling Light,light source,lamp,,
mcwlights,mcwlights:orange_lamp,Orange Lamp,light source,lamp,,
mcwlights,mcwlights:orange_paper_lamp,Orange Paper Lamp,light source,lamp,,
mcwlights,mcwlights:pink_ceiling_light,Pink Ceiling Light,light source,lamp,,
mcwlights,mcwlights:pink_lamp,Pink Lamp,light source,lamp,,
mcwlights,mcwlights:pink_paper_lamp,Pink Paper Lamp,light source,lamp,,
mcwlights,mcwlights:purple_ceiling_light,Purple Ceiling Light,light source,lamp,,
mcwlights,mcwlights:purple_lamp,Purple Lamp,light source,lamp,,
mcwlights,mcwlights:purple_paper_lamp,Purple Paper Lamp,light source,lamp,,
mcwlights,mcwlights:red_ceiling_light,Red Ceiling Light,light source,lamp,,
mcwlights,mcwlights:red_lamp,Red Lamp,light source,lamp,,
mcwlights,mcwlights:red_paper_lamp,Red Paper Lamp,light source,lamp,,
mcwlights,mcwlights:redstone_lamp_slab,Redstone Lamp Slab,light source,lamp,,
mcwlights,mcwlights:reinforced_torch,Reinforced Torch,light source,lamp,,
mcwlights,mcwlights:round_garden_light,Round Garden Light,light source,lamp,,
mcwlights,mcwlights:rustic_torch,Rustic Torch,light source,lamp,,
mcwlights,mcwlights:sea_lantern_slab,Sea Lantern Slab,light source,lamp,,
mcwlights,mcwlights:shroomlight_slab,Shroomlight Slab,light source,lamp,,
mcwlights,mcwlights:soul_acacia_tiki_torch,Soul Acacia Tiki Torch,light source,lamp,,
mcwlights,mcwlights:soul_bamboo_tiki_torch,Soul Bamboo Tiki Torch,light source,lamp,,
mcwlights,mcwlights:soul_birch_tiki_torch,Soul Birch Tiki Torch,light source,lamp,,
mcwlights,mcwlights:soul_cherry_tiki_torch,Soul Cherry Tiki Torch,light source,lamp,,
mcwlights,mcwlights:soul_classic_street_lamp,Soul Street Lamp Post,light source,lamp,,
mcwlights,mcwlights:soul_crimson_tiki_torch,Soul Crimson Tiki Torch,light source,lamp,,
mcwlights,mcwlights:soul_dark_oak_tiki_torch,Soul Dark Oak Tiki Torch,light source,lamp,,
mcwlights,mcwlights:soul_double_street_lamp,Soul Double Street Lamp Post,light source,lamp,,
mcwlights,mcwlights:soul_jungle_tiki_torch,Soul Jungle Tiki Torch,light source,lamp,,
mcwlights,mcwlights:soul_mangrove_tiki_torch,Soul Mangrove Tiki Torch,light source,lamp,,
mcwlights,mcwlights:soul_oak_tiki_torch,Soul Oak Tiki Torch,light source,lamp,,
mcwlights,mcwlights:soul_spruce_tiki_torch,Soul Spruce Tiki Torch,light source,lamp,,
mcwlights,mcwlights:soul_warped_tiki_torch,Soul Warped Tiki Torch,light source,lamp,,
mcwlights,mcwlights:spruce_ceiling_fan_light,Spruce Ceiling Fan Light,light source,lamp,,
mcwlights,mcwlights:spruce_tiki_torch,Spruce Tiki Torch,light source,lamp,,
mcwlights,mcwlights:square_wall_lamp,Square Wall Lamp,light source,lamp,,
mcwlights,mcwlights:striped_garden_light,Striped Garden Light,light source,lamp,,
mcwlights,mcwlights:striped_lantern,Striped Lantern,light source,lamp,,
mcwlights,mcwlights:striped_wall_lantern,Striped Wall Lantern,light source,lamp,,
mcwlights,mcwlights:tavern_lantern,Tavern Lantern,light source,lamp,,
mcwlights,mcwlights:tavern_wall_lantern,Tavern Wall Lantern,light source,lamp,,
mcwlights,mcwlights:thin_garden_light,Thin Garden Light,light source,lamp,,
mcwlights,mcwlights:tower_garden_light,Tower Garden Light,light source,lamp,,
mcwlights,mcwlights:upgraded_torch,Upgraded Torch,light source,lamp,,
mcwlights,mcwlights:wall_lamp,Wall Lamp,light source,lamp,,
mcwlights,mcwlights:wall_lantern,Wall Lantern,light source,lamp,,
mcwlights,mcwlights:warped_ceiling_fan_light,Warped Ceiling Fan Light,light source,lamp,,
mcwlights,mcwlights:warped_tiki_torch,Warped Tiki Torch,light source,lamp,,
mcwlights,mcwlights:white_ceiling_light,White Ceiling Light,light source,lamp,,
mcwlights,mcwlights:white_lamp,White Lamp,light source,lamp,,
mcwlights,mcwlights:white_paper_lamp,White Paper Lamp,light source,lamp,,
mcwlights,mcwlights:yellow_ceiling_light,Yellow Ceiling Light,light source,lamp,,
mcwlights,mcwlights:yellow_lamp,Yellow Lamp,light source,lamp,,
mcwlights,mcwlights:yellow_paper_lamp,Yellow Paper Lamp,light source,lamp,,
mcwpaths,mcwpaths:acacia_planks_path,Acacia Planks Path,decoration/building block,Macaw's building block,,
mcwpaths,mcwpaths:andesite_basket_weave_paving,Andesite Basket Weave Paving,decoration/building block,Macaw's building block,,
mcwpaths,mcwpaths:andesite_clover_paving,Andesite Clover Paving,decoration/building block,Macaw's building block,,
mcwpaths,mcwpaths:andesite_crystal_floor,Andesite Crystal Floor,decoration/building block,Macaw's building block,,
mcwpaths,mcwpaths:andesite_crystal_floor_path,Andesite Crystal Floor Path,decoration/building block,Macaw's building block,,
mcwpaths,mcwpaths:andesite_crystal_floor_slab,Andesite Crystal Floor Slab,decoration/building block,Macaw's building block,,
mcwpaths,mcwpaths:andesite_crystal_floor_stairs,Andesite Crystal Floor Stairs,decoration/building block,Macaw's building block,,
mcwpaths,mcwpaths:andesite_diamond_paving,Andesite Diamond Paving,decoration/building block,Macaw's building block,,
mcwpaths,mcwpaths:andesite_dumble_paving,Andesite Dumble Paving,decoration/building block,Macaw's building block,,
mcwpaths,mcwpaths:andesite_flagstone,Andesite Flagstone,decoration/building block,Macaw's building block,,
mcwpaths,mcwpaths:andesite_flagstone_path,Andesite Flagstone Path,decoration/building block,Macaw's building block,,
mcwpaths,mcwpaths:andesite_flagstone_slab,Andesite Flagstone Slab,decoration/building block,Macaw's building block,,
mcwpaths,mcwpaths:andesite_flagstone_stairs,Andesite Flagstone Stairs,decoration/building block,Macaw's building block,,
mcwpaths,mcwpaths:andesite_honeycomb_paving,Andesite Honeycomb Paving,decoration/building block,Macaw's building block,,
mcwpaths,mcwpaths:andesite_running_bond,Andesite Running Bond,decoration/building block,Macaw's building block,,
mcwpaths,mcwpaths:andesite_running_bond_path,Andesite Running Bond Path,decoration/building block,Macaw's building block,,
mcwpaths,mcwpaths:andesite_running_bond_slab,Andesite Running Bond Slab,decoration/building block,Macaw's building block,,
mcwpaths,mcwpaths:andesite_running_bond_stairs,Andesite Running Bond Stairs,decoration/building block,Macaw's building block,,
mcwpaths,mcwpaths:andesite_square_paving,Andesite Square Paving,decoration/building block,Macaw's building block,,
mcwpaths,mcwpaths:andesite_strewn_rocky_path,Andesite Strewn Rocky Path,decoration/building block,Macaw's building block,,
mcwpaths,mcwpaths:andesite_windmill_weave,Andesite Windmill Weave,decoration/building block,Macaw's building block,,
mcwpaths,mcwpaths:andesite_windmill_weave_path,Andesite Windmill Weave Path,decoration/building block,Macaw's building block,,
mcwpaths,mcwpaths:andesite_windmill_weave_slab,Andesite Windmill Weave Slab,decoration/building block,Macaw's building block,,
mcwpaths,mcwpaths:andesite_windmill_weave_stairs,Andesite Windmill Weave Stairs,decoration/building block,Macaw's building block,,
mcwpaths,mcwpaths:bamboo_planks_path,Bamboo Planks Path,decoration/building block,Macaw's building block,,
mcwpaths,mcwpaths:birch_planks_path,Birch Planks Path,decoration/building block,Macaw's building block,,
mcwpaths,mcwpaths:blackstone_basket_weave_paving,Blackstone Basket Weave Paving,decoration/building block,Macaw's building block,,
mcwpaths,mcwpaths:blackstone_clover_paving,Blackstone Clover Paving,decoration/building block,Macaw's building block,,
mcwpaths,mcwpaths:blackstone_crystal_floor,Blackstone Crystal Floor,decoration/building block,Macaw's building block,,
mcwpaths,mcwpaths:blackstone_crystal_floor_path,Blackstone Crystal Floor Path,decoration/building block,Macaw's building block,,
mcwpaths,mcwpaths:blackstone_crystal_floor_slab,Blackstone Crystal Floor Slab,decoration/building block,Macaw's building block,,
mcwpaths,mcwpaths:blackstone_crystal_floor_stairs,Blackstone Crystal Floor Stairs,decoration/building block,Macaw's building block,,
mcwpaths,mcwpaths:blackstone_diamond_paving,Blackstone Diamond Paving,decoration/building block,Macaw's building block,,
mcwpaths,mcwpaths:blackstone_dumble_paving,Blackstone Dumble Paving,decoration/building block,Macaw's building block,,
mcwpaths,mcwpaths:blackstone_flagstone,Blackstone Flagstone,decoration/building block,Macaw's building block,,
mcwpaths,mcwpaths:blackstone_flagstone_path,Blackstone Flagstone Path,decoration/building block,Macaw's building block,,
mcwpaths,mcwpaths:blackstone_flagstone_slab,Blackstone Flagstone Slab,decoration/building block,Macaw's building block,,
mcwpaths,mcwpaths:blackstone_flagstone_stairs,Blackstone Flagstone Stairs,decoration/building block,Macaw's building block,,
mcwpaths,mcwpaths:blackstone_honeycomb_paving,Blackstone Honeycomb Paving,decoration/building block,Macaw's building block,,
mcwpaths,mcwpaths:blackstone_running_bond,Blackstone Running Bond,decoration/building block,Macaw's building block,,
mcwpaths,mcwpaths:blackstone_running_bond_path,Blackstone Running Bond Path,decoration/building block,Macaw's building block,,
mcwpaths,mcwpaths:blackstone_running_bond_slab,Blackstone Running Bond Slab,decoration/building block,Macaw's building block,,
mcwpaths,mcwpaths:blackstone_running_bond_stairs,Blackstone Running Bond Stairs,decoration/building block,Macaw's building block,,
mcwpaths,mcwpaths:blackstone_square_paving,Blackstone Square Paving,decoration/building block,Macaw's building block,,
mcwpaths,mcwpaths:blackstone_strewn_rocky_path,Blackstone Strewn Rocky Path,decoration/building block,Macaw's building block,,
mcwpaths,mcwpaths:blackstone_windmill_weave,Blackstone Windmill Weave,decoration/building block,Macaw's building block,,
mcwpaths,mcwpaths:blackstone_windmill_weave_path,Blackstone Windmill Weave Path,decoration/building block,Macaw's building block,,
mcwpaths,mcwpaths:blackstone_windmill_weave_slab,Blackstone Windmill Weave Slab,decoration/building block,Macaw's building block,,
mcwpaths,mcwpaths:blackstone_windmill_weave_stairs,Blackstone Windmill Weave Stairs,decoration/building block,Macaw's building block,,
mcwpaths,mcwpaths:brick_basket_weave_paving,Brick Basket Weave Paving,decoration/building block,Macaw's building block,,
mcwpaths,mcwpaths:brick_clover_paving,Brick Clover Paving,decoration/building block,Macaw's building block,,
mcwpaths,mcwpaths:brick_crystal_floor,Brick Crystal Floor,decoration/building block,Macaw's building block,,
mcwpaths,mcwpaths:brick_crystal_floor_path,Brick Crystal Floor Path,decoration/building block,Macaw's building block,,
mcwpaths,mcwpaths:brick_crystal_floor_slab,Brick Crystal Floor Slab,decoration/building block,Macaw's building block,,
mcwpaths,mcwpaths:brick_crystal_floor_stairs,Brick Crystal Floor Stairs,decoration/building block,Macaw's building block,,
mcwpaths,mcwpaths:brick_diamond_paving,Brick Diamond Paving,decoration/building block,Macaw's building block,,
mcwpaths,mcwpaths:brick_dumble_paving,Brick Dumble Paving,decoration/building block,Macaw's building block,,
mcwpaths,mcwpaths:brick_flagstone,Brick Flagstone,decoration/building block,Macaw's building block,,
mcwpaths,mcwpaths:brick_flagstone_path,Brick Flagstone Path,decoration/building block,Macaw's building block,,
mcwpaths,mcwpaths:brick_flagstone_slab,Brick Flagstone Slab,decoration/building block,Macaw's building block,,
mcwpaths,mcwpaths:brick_flagstone_stairs,Brick Flagstone Stairs,decoration/building block,Macaw's building block,,
mcwpaths,mcwpaths:brick_honeycomb_paving,Brick Honeycomb Paving,decoration/building block,Macaw's building block,,
mcwpaths,mcwpaths:brick_running_bond,Brick Running Bond,decoration/building block,Macaw's building block,,
mcwpaths,mcwpaths:brick_running_bond_path,Brick Running Bond Path,decoration/building block,Macaw's building block,,
mcwpaths,mcwpaths:brick_running_bond_slab,Brick Running Bond Slab,decoration/building block,Macaw's building block,,
mcwpaths,mcwpaths:brick_running_bond_stairs,Brick Running Bond Stairs,decoration/building block,Macaw's building block,,
mcwpaths,mcwpaths:brick_square_paving,Brick Square Paving,decoration/building block,Macaw's building block,,
mcwpaths,mcwpaths:brick_strewn_rocky_path,Brick Strewn Rocky Path,decoration/building block,Macaw's building block,,
mcwpaths,mcwpaths:brick_windmill_weave,Brick Windmill Weave,decoration/building block,Macaw's building block,,
mcwpaths,mcwpaths:brick_windmill_weave_path,Brick Windmill Weave Path,decoration/building block,Macaw's building block,,
mcwpaths,mcwpaths:brick_windmill_weave_slab,Brick Windmill Weave Slab,decoration/building block,Macaw's building block,,
mcwpaths,mcwpaths:brick_windmill_weave_stairs,Brick Windmill Weave Stairs,decoration/building block,Macaw's building block,,
mcwpaths,mcwpaths:cherry_planks_path,Cherry Planks Path,decoration/building block,Macaw's building block,,
mcwpaths,mcwpaths:cobbled_deepslate_basket_weave_paving,Cobbled Deepslate Basket Weave Paving,decoration/building block,Macaw's building block,,
mcwpaths,mcwpaths:cobbled_deepslate_clover_paving,Cobbled Deepslate Clover Paving,decoration/building block,Macaw's building block,,
mcwpaths,mcwpaths:cobbled_deepslate_crystal_floor,Cobbled Deepslate Crystal Floor,decoration/building block,Macaw's building block,,
mcwpaths,mcwpaths:cobbled_deepslate_crystal_floor_path,Cobbled Deepslate Crystal Floor Path,decoration/building block,Macaw's building block,,
mcwpaths,mcwpaths:cobbled_deepslate_crystal_floor_slab,Cobbled Deepslate Crystal Floor Slab,decoration/building block,Macaw's building block,,
mcwpaths,mcwpaths:cobbled_deepslate_crystal_floor_stairs,Cobbled Deepslate Crystal Floor Stairs,decoration/building block,Macaw's building block,,
mcwpaths,mcwpaths:cobbled_deepslate_diamond_paving,Cobbled Deepslate Diamond Paving,decoration/building block,Macaw's building block,,
mcwpaths,mcwpaths:cobbled_deepslate_dumble_paving,Cobbled Deepslate Dumble Paving,decoration/building block,Macaw's building block,,
mcwpaths,mcwpaths:cobbled_deepslate_flagstone,Cobbled Deepslate Flagstone,decoration/building block,Macaw's building block,,
mcwpaths,mcwpaths:cobbled_deepslate_flagstone_path,Cobbled Deepslate Flagstone Path,decoration/building block,Macaw's building block,,
mcwpaths,mcwpaths:cobbled_deepslate_flagstone_slab,Cobbled Deepslate Flagstone Slab,decoration/building block,Macaw's building block,,
mcwpaths,mcwpaths:cobbled_deepslate_flagstone_stairs,Cobbled Deepslate Flagstone Stairs,decoration/building block,Macaw's building block,,
mcwpaths,mcwpaths:cobbled_deepslate_honeycomb_paving,Cobbled Deepslate Honeycomb Paving,decoration/building block,Macaw's building block,,
mcwpaths,mcwpaths:cobbled_deepslate_running_bond,Cobbled Deepslate Running Bond,decoration/building block,Macaw's building block,,
mcwpaths,mcwpaths:cobbled_deepslate_running_bond_path,Cobbled Deepslate Running Bond Path,decoration/building block,Macaw's building block,,
mcwpaths,mcwpaths:cobbled_deepslate_running_bond_slab,Cobbled Deepslate Running Bond Slab,decoration/building block,Macaw's building block,,
mcwpaths,mcwpaths:cobbled_deepslate_running_bond_stairs,Cobbled Deepslate Running Bond Stairs,decoration/building block,Macaw's building block,,
mcwpaths,mcwpaths:cobbled_deepslate_square_paving,Cobbled Deepslate Square Paving,decoration/building block,Macaw's building block,,
mcwpaths,mcwpaths:cobbled_deepslate_strewn_rocky_path,Cobbled Deepslate Strewn Rocky Path,decoration/building block,Macaw's building block,,
mcwpaths,mcwpaths:cobbled_deepslate_windmill_weave,Cobbled Deepslate Windmill Weave,decoration/building block,Macaw's building block,,
mcwpaths,mcwpaths:cobbled_deepslate_windmill_weave_path,Cobbled Deepslate Windmill Weave Path,decoration/building block,Macaw's building block,,
mcwpaths,mcwpaths:cobbled_deepslate_windmill_weave_slab,Cobbled Deepslate Windmill Weave Slab,decoration/building block,Macaw's building block,,
mcwpaths,mcwpaths:cobbled_deepslate_windmill_weave_stairs,Cobbled Deepslate Windmill Weave Stairs,decoration/building block,Macaw's building block,,
mcwpaths,mcwpaths:cobblestone_basket_weave_paving,Cobblestone Basket Weave Paving,decoration/building block,Macaw's building block,,
mcwpaths,mcwpaths:cobblestone_clover_paving,Cobblestone Clover Paving,decoration/building block,Macaw's building block,,
mcwpaths,mcwpaths:cobblestone_diamond_paving,Cobblestone Diamond Paving,decoration/building block,Macaw's building block,,
mcwpaths,mcwpaths:cobblestone_dumble_paving,Cobblestone Dumble Paving,decoration/building block,Macaw's building block,,
mcwpaths,mcwpaths:cobblestone_honeycomb_paving,Cobblestone Honeycomb Paving,decoration/building block,Macaw's building block,,
mcwpaths,mcwpaths:cobblestone_square_paving,Cobblestone Square Paving,decoration/building block,Macaw's building block,,
mcwpaths,mcwpaths:crimson_planks_path,Crimson Planks Path,decoration/building block,Macaw's building block,,
mcwpaths,mcwpaths:dark_oak_planks_path,Dark Oak Planks Path,decoration/building block,Macaw's building block,,
mcwpaths,mcwpaths:dark_prismarine_basket_weave_paving,Dark Prismarine Basket Weave Paving,decoration/building block,Macaw's building block,,
mcwpaths,mcwpaths:dark_prismarine_clover_paving,Dark Prismarine Clover Paving,decoration/building block,Macaw's building block,,
mcwpaths,mcwpaths:dark_prismarine_crystal_floor,Dark Prismarine Crystal Floor,decoration/building block,Macaw's building block,,
mcwpaths,mcwpaths:dark_prismarine_crystal_floor_path,Dark Prismarine Crystal Floor Path,decoration/building block,Macaw's building block,,
mcwpaths,mcwpaths:dark_prismarine_crystal_floor_slab,Dark Prismarine Crystal Floor Slab,decoration/building block,Macaw's building block,,
mcwpaths,mcwpaths:dark_prismarine_crystal_floor_stairs,Dark Prismarine Crystal Floor Stairs,decoration/building block,Macaw's building block,,
mcwpaths,mcwpaths:dark_prismarine_diamond_paving,Dark Prismarine Diamond Paving,decoration/building block,Macaw's building block,,
mcwpaths,mcwpaths:dark_prismarine_dumble_paving,Dark Prismarine Dumble Paving,decoration/building block,Macaw's building block,,
mcwpaths,mcwpaths:dark_prismarine_flagstone,Dark Prismarine Flagstone,decoration/building block,Macaw's building block,,
mcwpaths,mcwpaths:dark_prismarine_flagstone_path,Dark Prismarine Flagstone Path,decoration/building block,Macaw's building block,,
mcwpaths,mcwpaths:dark_prismarine_flagstone_slab,Dark Prismarine Flagstone Slab,decoration/building block,Macaw's building block,,
mcwpaths,mcwpaths:dark_prismarine_flagstone_stairs,Dark Prismarine Flagstone Stairs,decoration/building block,Macaw's building block,,
mcwpaths,mcwpaths:dark_prismarine_honeycomb_paving,Dark Prismarine Honeycomb Paving,decoration/building block,Macaw's building block,,
mcwpaths,mcwpaths:dark_prismarine_running_bond,Dark Prismarine Running Bond,decoration/building block,Macaw's building block,,
mcwpaths,mcwpaths:dark_prismarine_running_bond_path,Dark Prismarine Running Bond Path,decoration/building block,Macaw's building block,,
mcwpaths,mcwpaths:dark_prismarine_running_bond_slab,Dark Prismarine Running Bond Slab,decoration/building block,Macaw's building block,,
mcwpaths,mcwpaths:dark_prismarine_running_bond_stairs,Dark Prismarine Running Bond Stairs,decoration/building block,Macaw's building block,,
mcwpaths,mcwpaths:dark_prismarine_square_paving,Dark Prismarine Square Paving,decoration/building block,Macaw's building block,,
mcwpaths,mcwpaths:dark_prismarine_strewn_rocky_path,Dark Prismarine Strewn Rocky Path,decoration/building block,Macaw's building block,,
mcwpaths,mcwpaths:dark_prismarine_windmill_weave,Dark Prismarine Windmill Weave,decoration/building block,Macaw's building block,,
mcwpaths,mcwpaths:dark_prismarine_windmill_weave_path,Dark Prismarine Windmill Weave Path,decoration/building block,Macaw's building block,,
mcwpaths,mcwpaths:dark_prismarine_windmill_weave_slab,Dark Prismarine Windmill Weave Slab,decoration/building block,Macaw's building block,,
mcwpaths,mcwpaths:dark_prismarine_windmill_weave_stairs,Dark Prismarine Windmill Weave Stairs,decoration/building block,Macaw's building block,,
mcwpaths,mcwpaths:deepslate_basket_weave_paving,Deepslate Basket Weave Paving,decoration/building block,Macaw's building block,,
mcwpaths,mcwpaths:deepslate_clover_paving,Deepslate Clover Paving,decoration/building block,Macaw's building block,,
mcwpaths,mcwpaths:deepslate_crystal_floor,Deepslate Crystal Floor,decoration/building block,Macaw's building block,,
mcwpaths,mcwpaths:deepslate_crystal_floor_path,Deepslate Crystal Floor Path,decoration/building block,Macaw's building block,,
mcwpaths,mcwpaths:deepslate_crystal_floor_slab,Deepslate Crystal Floor Slab,decoration/building block,Macaw's building block,,
mcwpaths,mcwpaths:deepslate_crystal_floor_stairs,Deepslate Crystal Floor Stairs,decoration/building block,Macaw's building block,,
mcwpaths,mcwpaths:deepslate_diamond_paving,Deepslate Diamond Paving,decoration/building block,Macaw's building block,,
mcwpaths,mcwpaths:deepslate_dumble_paving,Deepslate Dumble Paving,decoration/building block,Macaw's building block,,
mcwpaths,mcwpaths:deepslate_flagstone,Deepslate Flagstone,decoration/building block,Macaw's building block,,
mcwpaths,mcwpaths:deepslate_flagstone_path,Deepslate Flagstone Path,decoration/building block,Macaw's building block,,
mcwpaths,mcwpaths:deepslate_flagstone_slab,Deepslate Flagstone Slab,decoration/building block,Macaw's building block,,
mcwpaths,mcwpaths:deepslate_flagstone_stairs,Deepslate Flagstone Stairs,decoration/building block,Macaw's building block,,
mcwpaths,mcwpaths:deepslate_honeycomb_paving,Deepslate Honeycomb Paving,decoration/building block,Macaw's building block,,
mcwpaths,mcwpaths:deepslate_running_bond,Deepslate Running Bond,decoration/building block,Macaw's building block,,
mcwpaths,mcwpaths:deepslate_running_bond_path,Deepslate Running Bond Path,decoration/building block,Macaw's building block,,
mcwpaths,mcwpaths:deepslate_running_bond_slab,Deepslate Running Bond Slab,decoration/building block,Macaw's building block,,
mcwpaths,mcwpaths:deepslate_running_bond_stairs,Deepslate Running Bond Stairs,decoration/building block,Macaw's building block,,
mcwpaths,mcwpaths:deepslate_square_paving,Deepslate Square Paving,decoration/building block,Macaw's building block,,
mcwpaths,mcwpaths:deepslate_strewn_rocky_path,Deepslate Strewn Rocky Path,decoration/building block,Macaw's building block,,
mcwpaths,mcwpaths:deepslate_windmill_weave,Deepslate Windmill Weave,decoration/building block,Macaw's building block,,
mcwpaths,mcwpaths:deepslate_windmill_weave_path,Deepslate Windmill Weave Path,decoration/building block,Macaw's building block,,
mcwpaths,mcwpaths:deepslate_windmill_weave_slab,Deepslate Windmill Weave Slab,decoration/building block,Macaw's building block,,
mcwpaths,mcwpaths:deepslate_windmill_weave_stairs,Deepslate Windmill Weave Stairs,decoration/building block,Macaw's building block,,
mcwpaths,mcwpaths:diorite_basket_weave_paving,Diorite Basket Weave Paving,decoration/building block,Macaw's building block,,
mcwpaths,mcwpaths:diorite_clover_paving,Diorite Clover Paving,decoration/building block,Macaw's building block,,
mcwpaths,mcwpaths:diorite_crystal_floor,Diorite Crystal Floor,decoration/building block,Macaw's building block,,
mcwpaths,mcwpaths:diorite_crystal_floor_path,Diorite Crystal Floor Path,decoration/building block,Macaw's building block,,
mcwpaths,mcwpaths:diorite_crystal_floor_slab,Diorite Crystal Floor Slab,decoration/building block,Macaw's building block,,
mcwpaths,mcwpaths:diorite_crystal_floor_stairs,Diorite Crystal Floor Stairs,decoration/building block,Macaw's building block,,
mcwpaths,mcwpaths:diorite_diamond_paving,Diorite Diamond Paving,decoration/building block,Macaw's building block,,
mcwpaths,mcwpaths:diorite_dumble_paving,Diorite Dumble Paving,decoration/building block,Macaw's building block,,
mcwpaths,mcwpaths:diorite_flagstone,Diorite Flagstone,decoration/building block,Macaw's building block,,
mcwpaths,mcwpaths:diorite_flagstone_path,Diorite Flagstone Path,decoration/building block,Macaw's building block,,
mcwpaths,mcwpaths:diorite_flagstone_slab,Diorite Flagstone Slab,decoration/building block,Macaw's building block,,
mcwpaths,mcwpaths:diorite_flagstone_stairs,Diorite Flagstone Stairs,decoration/building block,Macaw's building block,,
mcwpaths,mcwpaths:diorite_honeycomb_paving,Diorite Honeycomb Paving,decoration/building block,Macaw's building block,,
mcwpaths,mcwpaths:diorite_running_bond,Diorite Running Bond,decoration/building block,Macaw's building block,,
mcwpaths,mcwpaths:diorite_running_bond_path,Diorite Running Bond Path,decoration/building block,Macaw's building block,,
mcwpaths,mcwpaths:diorite_running_bond_slab,Diorite Running Bond Slab,decoration/building block,Macaw's building block,,
mcwpaths,mcwpaths:diorite_running_bond_stairs,Diorite Running Bond Stairs,decoration/building block,Macaw's building block,,
mcwpaths,mcwpaths:diorite_square_paving,Diorite Square Paving,decoration/building block,Macaw's building block,,
mcwpaths,mcwpaths:diorite_strewn_rocky_path,Diorite Strewn Rocky Path,decoration/building block,Macaw's building block,,
mcwpaths,mcwpaths:diorite_windmill_weave,Diorite Windmill Weave,decoration/building block,Macaw's building block,,
mcwpaths,mcwpaths:diorite_windmill_weave_path,Diorite Windmill Weave Path,decoration/building block,Macaw's building block,,
mcwpaths,mcwpaths:diorite_windmill_weave_slab,Diorite Windmill Weave Slab,decoration/building block,Macaw's building block,,
mcwpaths,mcwpaths:diorite_windmill_weave_stairs,Diorite Windmill Weave Stairs,decoration/building block,Macaw's building block,,
mcwpaths,mcwpaths:dirt_path_block,Dirt Path Block,decoration/building block,Macaw's building block,,
mcwpaths,mcwpaths:granite_basket_weave_paving,Granite Basket Weave Paving,decoration/building block,Macaw's building block,,
mcwpaths,mcwpaths:granite_clover_paving,Granite Clover Paving,decoration/building block,Macaw's building block,,
mcwpaths,mcwpaths:granite_crystal_floor,Granite Crystal Floor,decoration/building block,Macaw's building block,,
mcwpaths,mcwpaths:granite_crystal_floor_path,Granite Crystal Floor Path,decoration/building block,Macaw's building block,,
mcwpaths,mcwpaths:granite_crystal_floor_slab,Granite Crystal Floor Slab,decoration/building block,Macaw's building block,,
mcwpaths,mcwpaths:granite_crystal_floor_stairs,Granite Crystal Floor Stairs,decoration/building block,Macaw's building block,,
mcwpaths,mcwpaths:granite_diamond_paving,Granite Diamond Paving,decoration/building block,Macaw's building block,,
mcwpaths,mcwpaths:granite_dumble_paving,Granite Dumble Paving,decoration/building block,Macaw's building block,,
mcwpaths,mcwpaths:granite_flagstone,Granite Flagstone,decoration/building block,Macaw's building block,,
mcwpaths,mcwpaths:granite_flagstone_path,Granite Flagstone Path,decoration/building block,Macaw's building block,,
mcwpaths,mcwpaths:granite_flagstone_slab,Granite Flagstone Slab,decoration/building block,Macaw's building block,,
mcwpaths,mcwpaths:granite_flagstone_stairs,Granite Flagstone Stairs,decoration/building block,Macaw's building block,,
mcwpaths,mcwpaths:granite_honeycomb_paving,Granite Honeycomb Paving,decoration/building block,Macaw's building block,,
mcwpaths,mcwpaths:granite_running_bond,Granite Running Bond,decoration/building block,Macaw's building block,,
mcwpaths,mcwpaths:granite_running_bond_path,Granite Running Bond Path,decoration/building block,Macaw's building block,,
mcwpaths,mcwpaths:granite_running_bond_slab,Granite Running Bond Slab,decoration/building block,Macaw's building block,,
mcwpaths,mcwpaths:granite_running_bond_stairs,Granite Running Bond Stairs,decoration/building block,Macaw's building block,,
mcwpaths,mcwpaths:granite_square_paving,Granite Square Paving,decoration/building block,Macaw's building block,,
mcwpaths,mcwpaths:granite_strewn_rocky_path,Granite Strewn Rocky Path,decoration/building block,Macaw's building block,,
mcwpaths,mcwpaths:granite_windmill_weave,Granite Windmill Weave,decoration/building block,Macaw's building block,,
mcwpaths,mcwpaths:granite_windmill_weave_path,Granite Windmill Weave Path,decoration/building block,Macaw's building block,,
mcwpaths,mcwpaths:granite_windmill_weave_slab,Granite Windmill Weave Slab,decoration/building block,Macaw's building block,,
mcwpaths,mcwpaths:granite_windmill_weave_stairs,Granite Windmill Weave Stairs,decoration/building block,Macaw's building block,,
mcwpaths,mcwpaths:gravel_path_block,Gravel Path Block,decoration/building block,Macaw's building block,,
mcwpaths,mcwpaths:jungle_planks_path,Jungle Planks Path,decoration/building block,Macaw's building block,,
mcwpaths,mcwpaths:mangrove_planks_path,Mangrove Planks Path,decoration/building block,Macaw's building block,,
mcwpaths,mcwpaths:mossy_cobblestone_basket_weave_paving,Mossy Cobblestone Basket Weave Paving,decoration/building block,Macaw's building block,,
mcwpaths,mcwpaths:mossy_cobblestone_clover_paving,Mossy Cobblestone Clover Paving,decoration/building block,Macaw's building block,,
mcwpaths,mcwpaths:mossy_cobblestone_diamond_paving,Mossy Cobblestone Diamond Paving,decoration/building block,Macaw's building block,,
mcwpaths,mcwpaths:mossy_cobblestone_dumble_paving,Mossy Cobblestone Dumble Paving,decoration/building block,Macaw's building block,,
mcwpaths,mcwpaths:mossy_cobblestone_honeycomb_paving,Mossy Cobblestone Honeycomb Paving,decoration/building block,Macaw's building block,,
mcwpaths,mcwpaths:mossy_cobblestone_square_paving,Mossy Cobblestone Square Paving,decoration/building block,Macaw's building block,,
mcwpaths,mcwpaths:mossy_stone_crystal_floor,Mossy Stone Crystal Floor,decoration/building block,Macaw's building block,,
mcwpaths,mcwpaths:mossy_stone_crystal_floor_path,Mossy Stone Crystal Floor Path,decoration/building block,Macaw's building block,,
mcwpaths,mcwpaths:mossy_stone_crystal_floor_slab,Mossy Stone Crystal Floor Slab,decoration/building block,Macaw's building block,,
mcwpaths,mcwpaths:mossy_stone_crystal_floor_stairs,Mossy Stone Crystal Floor Stairs,decoration/building block,Macaw's building block,,
mcwpaths,mcwpaths:mossy_stone_flagstone,Mossy Stone Flagstone,decoration/building block,Macaw's building block,,
mcwpaths,mcwpaths:mossy_stone_flagstone_path,Mossy Stone Flagstone Path,decoration/building block,Macaw's building block,,
mcwpaths,mcwpaths:mossy_stone_flagstone_slab,Mossy Stone Flagstone Slab,decoration/building block,Macaw's building block,,
mcwpaths,mcwpaths:mossy_stone_flagstone_stairs,Mossy Stone Flagstone Stairs,decoration/building block,Macaw's building block,,
mcwpaths,mcwpaths:mossy_stone_running_bond,Mossy Stone Running Bond,decoration/building block,Macaw's building block,,
mcwpaths,mcwpaths:mossy_stone_running_bond_path,Mossy Stone Running Bond Path,decoration/building block,Macaw's building block,,
mcwpaths,mcwpaths:mossy_stone_running_bond_slab,Mossy Stone Running Bond Slab,decoration/building block,Macaw's building block,,
mcwpaths,mcwpaths:mossy_stone_running_bond_stairs,Mossy Stone Running Bond Stairs,decoration/building block,Macaw's building block,,
mcwpaths,mcwpaths:mossy_stone_strewn_rocky_path,Mossy Stone Strewn Rocky Path,decoration/building block,Macaw's building block,,
mcwpaths,mcwpaths:mossy_stone_windmill_weave,Mossy Stone Windmill Weave,decoration/building block,Macaw's building block,,
mcwpaths,mcwpaths:mossy_stone_windmill_weave_path,Mossy Stone Windmill Weave Path,decoration/building block,Macaw's building block,,
mcwpaths,mcwpaths:mossy_stone_windmill_weave_slab,Mossy Stone Windmill Weave Slab,decoration/building block,Macaw's building block,,
mcwpaths,mcwpaths:mossy_stone_windmill_weave_stairs,Mossy Stone Windmill Weave Stairs,decoration/building block,Macaw's building block,,
mcwpaths,mcwpaths:mud_brick_basket_weave_paving,Mud Brick Basket Weave Paving,decoration/building block,Macaw's building block,,
mcwpaths,mcwpaths:mud_brick_clover_paving,Mud Brick Clover Paving,decoration/building block,Macaw's building block,,
mcwpaths,mcwpaths:mud_brick_crystal_floor,Mud Brick Crystal Floor,decoration/building block,Macaw's building block,,
mcwpaths,mcwpaths:mud_brick_crystal_floor_path,Mud Brick Crystal Floor Path,decoration/building block,Macaw's building block,,
mcwpaths,mcwpaths:mud_brick_crystal_floor_slab,Mud Brick Crystal Floor Slab,decoration/building block,Macaw's building block,,
mcwpaths,mcwpaths:mud_brick_crystal_floor_stairs,Mud Brick Crystal Floor Stairs,decoration/building block,Macaw's building block,,
mcwpaths,mcwpaths:mud_brick_diamond_paving,Mud Brick Diamond Paving,decoration/building block,Macaw's building block,,
mcwpaths,mcwpaths:mud_brick_dumble_paving,Mud Brick Dumble Paving,decoration/building block,Macaw's building block,,
mcwpaths,mcwpaths:mud_brick_flagstone,Mud Brick Flagstone,decoration/building block,Macaw's building block,,
mcwpaths,mcwpaths:mud_brick_flagstone_path,Mud Brick Flagstone Path,decoration/building block,Macaw's building block,,
mcwpaths,mcwpaths:mud_brick_flagstone_slab,Mud Brick Flagstone Slab,decoration/building block,Macaw's building block,,
mcwpaths,mcwpaths:mud_brick_flagstone_stairs,Mud Brick Flagstone Stairs,decoration/building block,Macaw's building block,,
mcwpaths,mcwpaths:mud_brick_honeycomb_paving,Mud Brick Honeycomb Paving,decoration/building block,Macaw's building block,,
mcwpaths,mcwpaths:mud_brick_running_bond,Mud Brick Running Bond,decoration/building block,Macaw's building block,,
mcwpaths,mcwpaths:mud_brick_running_bond_path,Mud Brick Running Bond Path,decoration/building block,Macaw's building block,,
mcwpaths,mcwpaths:mud_brick_running_bond_slab,Mud Brick Running Bond Slab,decoration/building block,Macaw's building block,,
mcwpaths,mcwpaths:mud_brick_running_bond_stairs,Mud Brick Running Bond Stairs,decoration/building block,Macaw's building block,,
mcwpaths,mcwpaths:mud_brick_square_paving,Mud Brick Square Paving,decoration/building block,Macaw's building block,,
mcwpaths,mcwpaths:mud_brick_strewn_rocky_path,Mud Brick Strewn Rocky Path,decoration/building block,Macaw's building block,,
mcwpaths,mcwpaths:mud_brick_windmill_weave,Mud Brick Windmill Weave,decoration/building block,Macaw's building block,,
mcwpaths,mcwpaths:mud_brick_windmill_weave_path,Mud Brick Windmill Weave Path,decoration/building block,Macaw's building block,,
mcwpaths,mcwpaths:mud_brick_windmill_weave_slab,Mud Brick Windmill Weave Slab,decoration/building block,Macaw's building block,,
mcwpaths,mcwpaths:mud_brick_windmill_weave_stairs,Mud Brick Windmill Weave Stairs,decoration/building block,Macaw's building block,,
mcwpaths,mcwpaths:oak_planks_path,Oak Planks Path,decoration/building block,Macaw's building block,,
mcwpaths,mcwpaths:podzol_path_block,Podzol Path Block,decoration/building block,Macaw's building block,,
mcwpaths,mcwpaths:red_sand_path_block,Red Sand Path Block,decoration/building block,Macaw's building block,,
mcwpaths,mcwpaths:red_sandstone_basket_weave_paving,Red Sandstone Basket Weave Paving,decoration/building block,Macaw's building block,,
mcwpaths,mcwpaths:red_sandstone_clover_paving,Red Sandstone Clover Paving,decoration/building block,Macaw's building block,,
mcwpaths,mcwpaths:red_sandstone_crystal_floor,Red Sandstone Crystal Floor,decoration/building block,Macaw's building block,,
mcwpaths,mcwpaths:red_sandstone_crystal_floor_path,Red Sandstone Crystal Floor Path,decoration/building block,Macaw's building block,,
mcwpaths,mcwpaths:red_sandstone_crystal_floor_slab,Red Sandstone Crystal Floor Slab,decoration/building block,Macaw's building block,,
mcwpaths,mcwpaths:red_sandstone_crystal_floor_stairs,Red Sandstone Crystal Floor Stairs,decoration/building block,Macaw's building block,,
mcwpaths,mcwpaths:red_sandstone_diamond_paving,Red Sandstone Diamond Paving,decoration/building block,Macaw's building block,,
mcwpaths,mcwpaths:red_sandstone_dumble_paving,Red Sandstone Dumble Paving,decoration/building block,Macaw's building block,,
mcwpaths,mcwpaths:red_sandstone_flagstone,Red Sandstone Flagstone,decoration/building block,Macaw's building block,,
mcwpaths,mcwpaths:red_sandstone_flagstone_path,Red Sandstone Flagstone Path,decoration/building block,Macaw's building block,,
mcwpaths,mcwpaths:red_sandstone_flagstone_slab,Red Sandstone Flagstone Slab,decoration/building block,Macaw's building block,,
mcwpaths,mcwpaths:red_sandstone_flagstone_stairs,Red Sandstone Flagstone Stairs,decoration/building block,Macaw's building block,,
mcwpaths,mcwpaths:red_sandstone_honeycomb_paving,Red Sandstone Honeycomb Paving,decoration/building block,Macaw's building block,,
mcwpaths,mcwpaths:red_sandstone_running_bond,Red Sandstone Running Bond,decoration/building block,Macaw's building block,,
mcwpaths,mcwpaths:red_sandstone_running_bond_path,Red Sandstone Running Bond Path,decoration/building block,Macaw's building block,,
mcwpaths,mcwpaths:red_sandstone_running_bond_slab,Red Sandstone Running Bond Slab,decoration/building block,Macaw's building block,,
mcwpaths,mcwpaths:red_sandstone_running_bond_stairs,Red Sandstone Running Bond Stairs,decoration/building block,Macaw's building block,,
mcwpaths,mcwpaths:red_sandstone_square_paving,Red Sandstone Square Paving,decoration/building block,Macaw's building block,,
mcwpaths,mcwpaths:red_sandstone_strewn_rocky_path,Red Sandstone Strewn Rocky Path,decoration/building block,Macaw's building block,,
mcwpaths,mcwpaths:red_sandstone_windmill_weave,Red Sandstone Windmill Weave,decoration/building block,Macaw's building block,,
mcwpaths,mcwpaths:red_sandstone_windmill_weave_path,Red Sandstone Windmill Weave Path,decoration/building block,Macaw's building block,,
mcwpaths,mcwpaths:red_sandstone_windmill_weave_slab,Red Sandstone Windmill Weave Slab,decoration/building block,Macaw's building block,,
mcwpaths,mcwpaths:red_sandstone_windmill_weave_stairs,Red Sandstone Windmill Weave Stairs,decoration/building block,Macaw's building block,,
mcwpaths,mcwpaths:sand_path_block,Sand Path Block,decoration/building block,Macaw's building block,,
mcwpaths,mcwpaths:sandstone_basket_weave_paving,Sandstone Basket Weave Paving,decoration/building block,Macaw's building block,,
mcwpaths,mcwpaths:sandstone_clover_paving,Sandstone Clover Paving,decoration/building block,Macaw's building block,,
mcwpaths,mcwpaths:sandstone_crystal_floor,Sandstone Crystal Floor,decoration/building block,Macaw's building block,,
mcwpaths,mcwpaths:sandstone_crystal_floor_path,Sandstone Crystal Floor Path,decoration/building block,Macaw's building block,,
mcwpaths,mcwpaths:sandstone_crystal_floor_slab,Sandstone Crystal Floor Slab,decoration/building block,Macaw's building block,,
mcwpaths,mcwpaths:sandstone_crystal_floor_stairs,Sandstone Crystal Floor Stairs,decoration/building block,Macaw's building block,,
mcwpaths,mcwpaths:sandstone_diamond_paving,Sandstone Diamond Paving,decoration/building block,Macaw's building block,,
mcwpaths,mcwpaths:sandstone_dumble_paving,Sandstone Dumble Paving,decoration/building block,Macaw's building block,,
mcwpaths,mcwpaths:sandstone_flagstone,Sandstone Flagstone,decoration/building block,Macaw's building block,,
mcwpaths,mcwpaths:sandstone_flagstone_path,Sandstone Flagstone Path,decoration/building block,Macaw's building block,,
mcwpaths,mcwpaths:sandstone_flagstone_slab,Sandstone Flagstone Slab,decoration/building block,Macaw's building block,,
mcwpaths,mcwpaths:sandstone_flagstone_stairs,Sandstone Flagstone Stairs,decoration/building block,Macaw's building block,,
mcwpaths,mcwpaths:sandstone_honeycomb_paving,Sandstone Honeycomb Paving,decoration/building block,Macaw's building block,,
mcwpaths,mcwpaths:sandstone_running_bond,Sandstone Running Bond,decoration/building block,Macaw's building block,,
mcwpaths,mcwpaths:sandstone_running_bond_path,Sandstone Running Bond Path,decoration/building block,Macaw's building block,,
mcwpaths,mcwpaths:sandstone_running_bond_slab,Sandstone Running Bond Slab,decoration/building block,Macaw's building block,,
mcwpaths,mcwpaths:sandstone_running_bond_stairs,Sandstone Running Bond Stairs,decoration/building block,Macaw's building block,,
mcwpaths,mcwpaths:sandstone_square_paving,Sandstone Square Paving,decoration/building block,Macaw's building block,,
mcwpaths,mcwpaths:sandstone_strewn_rocky_path,Sandstone Strewn Rocky Path,decoration/building block,Macaw's building block,,
mcwpaths,mcwpaths:sandstone_windmill_weave,Sandstone Windmill Weave,decoration/building block,Macaw's building block,,
mcwpaths,mcwpaths:sandstone_windmill_weave_path,Sandstone Windmill Weave Path,decoration/building block,Macaw's building block,,
mcwpaths,mcwpaths:sandstone_windmill_weave_slab,Sandstone Windmill Weave Slab,decoration/building block,Macaw's building block,,
mcwpaths,mcwpaths:sandstone_windmill_weave_stairs,Sandstone Windmill Weave Stairs,decoration/building block,Macaw's building block,,
mcwpaths,mcwpaths:spruce_planks_path,Spruce Planks Path,decoration/building block,Macaw's building block,,
mcwpaths,mcwpaths:stone_crystal_floor,Stone Crystal Floor,decoration/building block,Macaw's building block,,
mcwpaths,mcwpaths:stone_crystal_floor_path,Stone Crystal Floor Path,decoration/building block,Macaw's building block,,
mcwpaths,mcwpaths:stone_crystal_floor_slab,Stone Crystal Floor Slab,decoration/building block,Macaw's building block,,
mcwpaths,mcwpaths:stone_crystal_floor_stairs,Stone Crystal Floor Stairs,decoration/building block,Macaw's building block,,
mcwpaths,mcwpaths:stone_flagstone,Stone Flagstone,decoration/building block,Macaw's building block,,
mcwpaths,mcwpaths:stone_flagstone_path,Stone Flagstone Path,decoration/building block,Macaw's building block,,
mcwpaths,mcwpaths:stone_flagstone_slab,Stone Flagstone Slab,decoration/building block,Macaw's building block,,
mcwpaths,mcwpaths:stone_flagstone_stairs,Stone Flagstone Stairs,decoration/building block,Macaw's building block,,
mcwpaths,mcwpaths:stone_running_bond,Stone Running Bond,decoration/building block,Macaw's building block,,
mcwpaths,mcwpaths:stone_running_bond_path,Stone Running Bond Path,decoration/building block,Macaw's building block,,
mcwpaths,mcwpaths:stone_running_bond_slab,Stone Running Bond Slab,decoration/building block,Macaw's building block,,
mcwpaths,mcwpaths:stone_running_bond_stairs,Stone Running Bond Stairs,decoration/building block,Macaw's building block,,
mcwpaths,mcwpaths:stone_strewn_rocky_path,Stone Strewn Rocky Path,decoration/building block,Macaw's building block,,
mcwpaths,mcwpaths:stone_windmill_weave,Stone Windmill Weave,decoration/building block,Macaw's building block,,
mcwpaths,mcwpaths:stone_windmill_weave_path,Stone Windmill Weave Path,decoration/building block,Macaw's building block,,
mcwpaths,mcwpaths:stone_windmill_weave_slab,Stone Windmill Weave Slab,decoration/building block,Macaw's building block,,
mcwpaths,mcwpaths:stone_windmill_weave_stairs,Stone Windmill Weave Stairs,decoration/building block,Macaw's building block,,
mcwpaths,mcwpaths:warped_planks_path,Warped Planks Path,decoration/building block,Macaw's building block,,
mcwbridges,mcwbridges:acacia_bridge_pier,Acacia Bridge Support,decoration/building block,Macaw's building block,,
mcwbridges,mcwbridges:acacia_log_bridge_middle,Acacia Bridge,decoration/building block,Macaw's building block,,
mcwbridges,mcwbridges:acacia_log_bridge_stair,Acacia Bridge Stair,decoration/building block,Macaw's building block,,
mcwbridges,mcwbridges:acacia_rail_bridge,Acacia Rail Bridge,decoration/building block,Macaw's building block,,
mcwbridges,mcwbridges:acacia_rope_bridge_stair,Rope Acacia Bridge Stair,decoration/building block,Macaw's building block,,
mcwbridges,mcwbridges:andesite_bridge,Andesite Bridge,decoration/building block,Macaw's building block,,
mcwbridges,mcwbridges:andesite_bridge_pier,Andesite Bridge Pier,decoration/building block,Macaw's building block,,
mcwbridges,mcwbridges:andesite_bridge_stair,Andesite Bridge Stair,decoration/building block,Macaw's building block,,
mcwbridges,mcwbridges:asian_red_bridge,Asian Red Bridge,decoration/building block,Macaw's building block,,
mcwbridges,mcwbridges:asian_red_bridge_pier,Asian Red Bridge Pier,decoration/building block,Macaw's building block,,
mcwbridges,mcwbridges:asian_red_bridge_stair,Asian Red Bridge Stair,decoration/building block,Macaw's building block,,
mcwbridges,mcwbridges:balustrade_andesite_bridge,Balustrade Andesite Bridge,decoration/building block,Macaw's building block,,
mcwbridges,mcwbridges:balustrade_blackstone_bridge,Balustrade Blackstone Bridge,decoration/building block,Macaw's building block,,
mcwbridges,mcwbridges:balustrade_bricks_bridge,Balustrade Bricks Bridge,decoration/building block,Macaw's building block,,
mcwbridges,mcwbridges:balustrade_cobblestone_bridge,Balustrade Cobblestone Bridge,decoration/building block,Macaw's building block,,
mcwbridges,mcwbridges:balustrade_deepslate_bricks_bridge,Balustrade Deepslate Bricks Bridge,decoration/building block,Macaw's building block,,
mcwbridges,mcwbridges:balustrade_deepslate_tiles_bridge,Balustrade Deepslate Tiles Bridge,decoration/building block,Macaw's building block,,
mcwbridges,mcwbridges:balustrade_diorite_bridge,Balustrade Diorite Bridge,decoration/building block,Macaw's building block,,
mcwbridges,mcwbridges:balustrade_end_stone_bricks_bridge,Balustrade End Stone Bricks Bridge,decoration/building block,Macaw's building block,,
mcwbridges,mcwbridges:balustrade_granite_bridge,Balustrade Granite Bridge,decoration/building block,Macaw's building block,,
mcwbridges,mcwbridges:balustrade_mossy_cobblestone_bridge,Balustrade Mossy Cobblestone Bridge,decoration/building block,Macaw's building block,,
mcwbridges,mcwbridges:balustrade_mossy_stone_bricks_bridge,Balustrade Mossy Stone Bricks Bridge,decoration/building block,Macaw's building block,,
mcwbridges,mcwbridges:balustrade_mud_bricks_bridge,Balustrade Mud Bricks Bridge,decoration/building block,Macaw's building block,,
mcwbridges,mcwbridges:balustrade_nether_bricks_bridge,Balustrade Nether Bricks Bridge,decoration/building block,Macaw's building block,,
mcwbridges,mcwbridges:balustrade_orange_sandstone_bridge,Balustrade Red Sandstone Bridge,decoration/building block,Macaw's building block,,
mcwbridges,mcwbridges:balustrade_prismarine_bricks_bridge,Balustrade Prismarine Bricks Bridge,decoration/building block,Macaw's building block,,
mcwbridges,mcwbridges:balustrade_sandstone_bridge,Balustrade Sandstone Bridge,decoration/building block,Macaw's building block,,
mcwbridges,mcwbridges:balustrade_stone_bricks_bridge,Balustrade Stone Bricks Bridge,decoration/building block,Macaw's building block,,
mcwbridges,mcwbridges:bamboo_bridge,Bamboo Bridge,decoration/building block,Macaw's building block,,
mcwbridges,mcwbridges:bamboo_bridge_pier,Bamboo Bridge Support,decoration/building block,Macaw's building block,,
mcwbridges,mcwbridges:bamboo_bridge_stair,Bamboo Bridge Stair,decoration/building block,Macaw's building block,,
mcwbridges,mcwbridges:birch_bridge_pier,Birch Bridge Support,decoration/building block,Macaw's building block,,
mcwbridges,mcwbridges:birch_log_bridge_middle,Birch Bridge,decoration/building block,Macaw's building block,,
mcwbridges,mcwbridges:birch_log_bridge_stair,Birch Bridge Stair,decoration/building block,Macaw's building block,,
mcwbridges,mcwbridges:birch_rail_bridge,Birch Rail Bridge,decoration/building block,Macaw's building block,,
mcwbridges,mcwbridges:birch_rope_bridge_stair,Rope Birch Bridge Stair,decoration/building block,Macaw's building block,,
mcwbridges,mcwbridges:blackstone_bridge,Blackstone Bridge,decoration/building block,Macaw's building block,,
mcwbridges,mcwbridges:blackstone_bridge_pier,Blackstone Bridge Support,decoration/building block,Macaw's building block,,
mcwbridges,mcwbridges:blackstone_bridge_stair,Blackstone Bridge Stair,decoration/building block,Macaw's building block,,
mcwbridges,mcwbridges:brick_bridge,Brick Bridge,decoration/building block,Macaw's building block,,
mcwbridges,mcwbridges:brick_bridge_pier,Brick Bridge Support,decoration/building block,Macaw's building block,,
mcwbridges,mcwbridges:brick_bridge_stair,Brick Bridge Stair,decoration/building block,Macaw's building block,,
mcwbridges,mcwbridges:bridge_lantern,Bridge Lantern,decoration/building block,Macaw's building block,,
mcwbridges,mcwbridges:bridge_torch,Bridge Torch,decoration/building block,Macaw's building block,,
mcwbridges,mcwbridges:cherry_bridge_pier,Cherry Bridge Support,decoration/building block,Macaw's building block,,
mcwbridges,mcwbridges:cherry_log_bridge_middle,Cherry Bridge,decoration/building block,Macaw's building block,,
mcwbridges,mcwbridges:cherry_log_bridge_stair,Cherry Bridge Stair,decoration/building block,Macaw's building block,,
mcwbridges,mcwbridges:cherry_rail_bridge,Cherry Rail Bridge,decoration/building block,Macaw's building block,,
mcwbridges,mcwbridges:cherry_rope_bridge_stair,Rope Cherry Bridge Stair,decoration/building block,Macaw's building block,,
mcwbridges,mcwbridges:cobblestone_bridge,Cobblestone Bridge,decoration/building block,Macaw's building block,,
mcwbridges,mcwbridges:cobblestone_bridge_pier,Cobblestone Bridge Pier,decoration/building block,Macaw's building block,,
mcwbridges,mcwbridges:cobblestone_bridge_stair,Cobblestone Bridge Stair,decoration/building block,Macaw's building block,,
mcwbridges,mcwbridges:crimson_bridge_pier,Crimson Bridge Support,decoration/building block,Macaw's building block,,
mcwbridges,mcwbridges:crimson_log_bridge_middle,Crimson Bridge,decoration/building block,Macaw's building block,,
mcwbridges,mcwbridges:crimson_log_bridge_stair,Crimson Bridge Stair,decoration/building block,Macaw's building block,,
mcwbridges,mcwbridges:crimson_rail_bridge,Crimson Rail Bridge,decoration/building block,Macaw's building block,,
mcwbridges,mcwbridges:crimson_rope_bridge_stair,Rope Crimson Bridge Stair,decoration/building block,Macaw's building block,,
mcwbridges,mcwbridges:dark_oak_bridge_pier,Dark Oak Bridge Support,decoration/building block,Macaw's building block,,
mcwbridges,mcwbridges:dark_oak_log_bridge_middle,Dark Oak Bridge,decoration/building block,Macaw's building block,,
mcwbridges,mcwbridges:dark_oak_log_bridge_stair,Dark Oak Bridge Stair,decoration/building block,Macaw's building block,,
mcwbridges,mcwbridges:dark_oak_rail_bridge,Dark Oak Rail Bridge,decoration/building block,Macaw's building block,,
mcwbridges,mcwbridges:dark_oak_rope_bridge_stair,Rope Dark Oak Bridge Stair,decoration/building block,Macaw's building block,,
mcwbridges,mcwbridges:deepslate_brick_bridge,Deepslate Brick Bridge,decoration/building block,Macaw's building block,,
mcwbridges,mcwbridges:deepslate_brick_bridge_pier,Deepslate Brick Bridge Support,decoration/building block,Macaw's building block,,
mcwbridges,mcwbridges:deepslate_brick_bridge_stair,Deepslate Brick Bridge Stair,decoration/building block,Macaw's building block,,
mcwbridges,mcwbridges:deepslate_tile_bridge,Deepslate Tile Bridge,decoration/building block,Macaw's building block,,
mcwbridges,mcwbridges:deepslate_tile_bridge_pier,Deepslate Tile Bridge Support,decoration/building block,Macaw's building block,,
mcwbridges,mcwbridges:deepslate_tile_bridge_stair,Deepslate Tile Bridge Stair,decoration/building block,Macaw's building block,,
mcwbridges,mcwbridges:diorite_bridge,Diorite Bridge,decoration/building block,Macaw's building block,,
mcwbridges,mcwbridges:diorite_bridge_pier,Diorite Bridge Pier,decoration/building block,Macaw's building block,,
mcwbridges,mcwbridges:diorite_bridge_stair,Diorite Bridge Stair,decoration/building block,Macaw's building block,,
mcwbridges,mcwbridges:dry_bamboo_bridge,Dry Bamboo Bridge,decoration/building block,Macaw's building block,,
mcwbridges,mcwbridges:dry_bamboo_bridge_pier,Dry Bamboo Bridge Support,decoration/building block,Macaw's building block,,
mcwbridges,mcwbridges:dry_bamboo_bridge_stair,Dry Bamboo Bridge Stair,decoration/building block,Macaw's building block,,
mcwbridges,mcwbridges:end_stone_bricks_bridge,End Stone Bricks Bridge,decoration/building block,Macaw's building block,,
mcwbridges,mcwbridges:end_stone_bricks_bridge_pier,End Stone Bricks Bridge Pier,decoration/building block,Macaw's building block,,
mcwbridges,mcwbridges:end_stone_bricks_bridge_stair,End Stone Bricks Bridge Stair,decoration/building block,Macaw's building block,,
mcwbridges,mcwbridges:glass_bridge,Glass Bridge,decoration/building block,Macaw's building block,,
mcwbridges,mcwbridges:glass_bridge_pier,Glass Bridge Pier,decoration/building block,Macaw's building block,,
mcwbridges,mcwbridges:glass_bridge_stair,Glass Bridge Stair,decoration/building block,Macaw's building block,,
mcwbridges,mcwbridges:granite_bridge,Granite Bridge,decoration/building block,Macaw's building block,,
mcwbridges,mcwbridges:granite_bridge_pier,Granite Bridge Pier,decoration/building block,Macaw's building block,,
mcwbridges,mcwbridges:granite_bridge_stair,Granite Bridge Stair,decoration/building block,Macaw's building block,,
mcwbridges,mcwbridges:iron_bridge,Iron Bridge,decoration/building block,Macaw's building block,,
mcwbridges,mcwbridges:iron_bridge_pier,Iron Bridge Support,decoration/building block,Macaw's building block,,
mcwbridges,mcwbridges:iron_bridge_stair,Iron Bridge Stair,decoration/building block,Macaw's building block,,
mcwbridges,mcwbridges:jungle_bridge_pier,Jungle Bridge Support,decoration/building block,Macaw's building block,,
mcwbridges,mcwbridges:jungle_log_bridge_middle,Jungle Bridge,decoration/building block,Macaw's building block,,
mcwbridges,mcwbridges:jungle_log_bridge_stair,Jungle Bridge Stair,decoration/building block,Macaw's building block,,
mcwbridges,mcwbridges:jungle_rail_bridge,Jungle Rail Bridge,decoration/building block,Macaw's building block,,
mcwbridges,mcwbridges:jungle_rope_bridge_stair,Rope Jungle Bridge Stair,decoration/building block,Macaw's building block,,
mcwbridges,mcwbridges:mangrove_bridge_pier,Mangrove Bridge Support,decoration/building block,Macaw's building block,,
mcwbridges,mcwbridges:mangrove_log_bridge_middle,Mangrove Bridge,decoration/building block,Macaw's building block,,
mcwbridges,mcwbridges:mangrove_log_bridge_stair,Mangrove Bridge Stair,decoration/building block,Macaw's building block,,
mcwbridges,mcwbridges:mangrove_rail_bridge,Mangrove Rail Bridge,decoration/building block,Macaw's building block,,
mcwbridges,mcwbridges:mangrove_rope_bridge_stair,Rope Mangrove Bridge Stair,decoration/building block,Macaw's building block,,
mcwbridges,mcwbridges:mossy_cobblestone_bridge,Mossy Cobblestone Bridge,decoration/building block,Macaw's building block,,
mcwbridges,mcwbridges:mossy_cobblestone_bridge_pier,Mossy Cobblestone Bridge Pier,decoration/building block,Macaw's building block,,
mcwbridges,mcwbridges:mossy_cobblestone_bridge_stair,Mossy Cobblestone Bridge Stair,decoration/building block,Macaw's building block,,
mcwbridges,mcwbridges:mossy_stone_brick_bridge,Mossy Stone Brick Bridge,decoration/building block,Macaw's building block,,
mcwbridges,mcwbridges:mossy_stone_bridge_pier,Mossy Stone Bridge Support,decoration/building block,Macaw's building block,,
mcwbridges,mcwbridges:mossy_stone_bridge_stair,Mossy Stone Bridge Stair,decoration/building block,Macaw's building block,,
mcwbridges,mcwbridges:mud_brick_bridge,Mud Brick Bridge,decoration/building block,Macaw's building block,,
mcwbridges,mcwbridges:mud_brick_bridge_pier,Mud Brick Bridge Support,decoration/building block,Macaw's building block,,
mcwbridges,mcwbridges:mud_brick_bridge_stair,Mud Brick Bridge Stair,decoration/building block,Macaw's building block,,
mcwbridges,mcwbridges:nether_bricks_bridge,Nether Bricks Bridge,decoration/building block,Macaw's building block,,
mcwbridges,mcwbridges:nether_bricks_bridge_pier,Nether Bricks Bridge Pier,decoration/building block,Macaw's building block,,
mcwbridges,mcwbridges:nether_bricks_bridge_stair,Nether Bricks Bridge Stair,decoration/building block,Macaw's building block,,
mcwbridges,mcwbridges:oak_bridge_pier,Oak Bridge Support,decoration/building block,Macaw's building block,,
mcwbridges,mcwbridges:oak_log_bridge_middle,Oak Bridge,decoration/building block,Macaw's building block,,
mcwbridges,mcwbridges:oak_log_bridge_stair,Oak Bridge Stair,decoration/building block,Macaw's building block,,
mcwbridges,mcwbridges:oak_rail_bridge,Oak Rail Bridge,decoration/building block,Macaw's building block,,
mcwbridges,mcwbridges:oak_rope_bridge_stair,Rope Oak Bridge Stair,decoration/building block,Macaw's building block,,
mcwbridges,mcwbridges:orange_sandstone_bridge,Red Sandstone Bridge,decoration/building block,Macaw's building block,,
mcwbridges,mcwbridges:pliers,Pliers,decoration/building block,Macaw's building block,,
mcwbridges,mcwbridges:prismarine_bricks_bridge,Prismarine Bricks Bridge,decoration/building block,Macaw's building block,,
mcwbridges,mcwbridges:prismarine_bricks_bridge_pier,Prismarine Bricks Bridge Pier,decoration/building block,Macaw's building block,,
mcwbridges,mcwbridges:prismarine_bricks_bridge_stair,Prismarine Bricks Bridge Stair,decoration/building block,Macaw's building block,,
mcwbridges,mcwbridges:red_sandstone_bridge_pier,Red Sandstone Bridge Support,decoration/building block,Macaw's building block,,
mcwbridges,mcwbridges:red_sandstone_bridge_stair,Red Sandstone Bridge Stair,decoration/building block,Macaw's building block,,
mcwbridges,mcwbridges:rope_acacia_bridge,Rope Acacia Bridge,decoration/building block,Macaw's building block,,
mcwbridges,mcwbridges:rope_birch_bridge,Rope Birch Bridge,decoration/building block,Macaw's building block,,
mcwbridges,mcwbridges:rope_cherry_bridge,Rope Cherry Bridge,decoration/building block,Macaw's building block,,
mcwbridges,mcwbridges:rope_crimson_bridge,Rope Crimson Bridge,decoration/building block,Macaw's building block,,
mcwbridges,mcwbridges:rope_dark_oak_bridge,Rope Dark Oak Bridge,decoration/building block,Macaw's building block,,
mcwbridges,mcwbridges:rope_jungle_bridge,Rope Jungle Bridge,decoration/building block,Macaw's building block,,
mcwbridges,mcwbridges:rope_mangrove_bridge,Rope Mangrove Bridge,decoration/building block,Macaw's building block,,
mcwbridges,mcwbridges:rope_oak_bridge,Rope Oak Bridge,decoration/building block,Macaw's building block,,
mcwbridges,mcwbridges:rope_spruce_bridge,Rope Spruce Bridge,decoration/building block,Macaw's building block,,
mcwbridges,mcwbridges:rope_warped_bridge,Rope Warped Bridge,decoration/building block,Macaw's building block,,
mcwbridges,mcwbridges:sandstone_bridge,Sandstone Bridge,decoration/building block,Macaw's building block,,
mcwbridges,mcwbridges:sandstone_bridge_pier,Sandstone Bridge Support,decoration/building block,Macaw's building block,,
mcwbridges,mcwbridges:sandstone_bridge_stair,Sandstone Bridge Stair,decoration/building block,Macaw's building block,,
mcwbridges,mcwbridges:spruce_bridge_pier,Spruce Bridge Support,decoration/building block,Macaw's building block,,
mcwbridges,mcwbridges:spruce_log_bridge_middle,Spruce Bridge,decoration/building block,Macaw's building block,,
mcwbridges,mcwbridges:spruce_log_bridge_stair,Spruce Bridge Stair,decoration/building block,Macaw's building block,,
mcwbridges,mcwbridges:spruce_rail_bridge,Spruce Rail Bridge,decoration/building block,Macaw's building block,,
mcwbridges,mcwbridges:spruce_rope_bridge_stair,Rope Spruce Bridge Stair,decoration/building block,Macaw's building block,,
mcwbridges,mcwbridges:stone_brick_bridge,Stone Brick Bridge,decoration/building block,Macaw's building block,,
mcwbridges,mcwbridges:stone_brick_bridge_stair,Stone Brick Bridge Stair,decoration/building block,Macaw's building block,,
mcwbridges,mcwbridges:stone_bridge_pier,Stone Bridge Support,decoration/building block,Macaw's building block,,
mcwbridges,mcwbridges:warped_bridge_pier,Warped Bridge Support,decoration/building block,Macaw's building block,,
mcwbridges,mcwbridges:warped_log_bridge_middle,Warped Bridge,decoration/building block,Macaw's building block,,
mcwbridges,mcwbridges:warped_log_bridge_stair,Warped Bridge Stair,decoration/building block,Macaw's building block,,
mcwbridges,mcwbridges:warped_rail_bridge,Warped Rail Bridge,decoration/building block,Macaw's building block,,
mcwbridges,mcwbridges:warped_rope_bridge_stair,Rope Warped Bridge Stair,decoration/building block,Macaw's building block,,
mcwstairs,mcwstairs:acacia_balcony,Acacia Balcony,decoration/building block,Macaw's building block,,
mcwstairs,mcwstairs:acacia_bulk_stairs,Acacia Bulk Stairs,decoration/building block,Macaw's building block,,
mcwstairs,mcwstairs:acacia_compact_stairs,Acacia Compact Stairs,decoration/building block,Macaw's building block,,
mcwstairs,mcwstairs:acacia_loft_stairs,Acacia Loft Stairs,decoration/building block,Macaw's building block,,
mcwstairs,mcwstairs:acacia_platform,Acacia Platform,decoration/building block,Macaw's building block,,
mcwstairs,mcwstairs:acacia_railing,Acacia Railing,decoration/building block,Macaw's building block,,
mcwstairs,mcwstairs:acacia_skyline_stairs,Acacia Skyline Stairs,decoration/building block,Macaw's building block,,
mcwstairs,mcwstairs:acacia_terrace_stairs,Acacia Terrace Stairs,decoration/building block,Macaw's building block,,
mcwstairs,mcwstairs:andesite_balcony,Andesite Balcony,decoration/building block,Macaw's building block,,
mcwstairs,mcwstairs:andesite_bulk_stairs,Andesite Bulk Stairs,decoration/building block,Macaw's building block,,
mcwstairs,mcwstairs:andesite_compact_stairs,Andesite Compact Stairs,decoration/building block,Macaw's building block,,
mcwstairs,mcwstairs:andesite_loft_stairs,Andesite Loft Stairs,decoration/building block,Macaw's building block,,
mcwstairs,mcwstairs:andesite_platform,Andesite Platform,decoration/building block,Macaw's building block,,
mcwstairs,mcwstairs:andesite_railing,Andesite Railing,decoration/building block,Macaw's building block,,
mcwstairs,mcwstairs:andesite_skyline_stairs,Andesite Skyline Stairs,decoration/building block,Macaw's building block,,
mcwstairs,mcwstairs:andesite_terrace_stairs,Andesite Terrace Stairs,decoration/building block,Macaw's building block,,
mcwstairs,mcwstairs:birch_balcony,Birch Balcony,decoration/building block,Macaw's building block,,
mcwstairs,mcwstairs:birch_bulk_stairs,Birch Bulk Stairs,decoration/building block,Macaw's building block,,
mcwstairs,mcwstairs:birch_compact_stairs,Birch Compact Stairs,decoration/building block,Macaw's building block,,
mcwstairs,mcwstairs:birch_loft_stairs,Birch Loft Stairs,decoration/building block,Macaw's building block,,
mcwstairs,mcwstairs:birch_platform,Birch Platform,decoration/building block,Macaw's building block,,
mcwstairs,mcwstairs:birch_railing,Birch Railing,decoration/building block,Macaw's building block,,
mcwstairs,mcwstairs:birch_skyline_stairs,Birch Skyline Stairs,decoration/building block,Macaw's building block,,
mcwstairs,mcwstairs:birch_terrace_stairs,Birch Terrace Stairs,decoration/building block,Macaw's building block,,
mcwstairs,mcwstairs:blackstone_balcony,Blackstone Balcony,decoration/building block,Macaw's building block,,
mcwstairs,mcwstairs:blackstone_bulk_stairs,Blackstone Bulk Stairs,decoration/building block,Macaw's building block,,
mcwstairs,mcwstairs:blackstone_compact_stairs,Blackstone Compact Stairs,decoration/building block,Macaw's building block,,
mcwstairs,mcwstairs:blackstone_loft_stairs,Blackstone Loft Stairs,decoration/building block,Macaw's building block,,
mcwstairs,mcwstairs:blackstone_platform,Blackstone Platform,decoration/building block,Macaw's building block,,
mcwstairs,mcwstairs:blackstone_railing,Blackstone Railing,decoration/building block,Macaw's building block,,
mcwstairs,mcwstairs:blackstone_skyline_stairs,Blackstone Skyline Stairs,decoration/building block,Macaw's building block,,
mcwstairs,mcwstairs:blackstone_terrace_stairs,Blackstone Terrace Stairs,decoration/building block,Macaw's building block,,
mcwstairs,mcwstairs:brick_balcony,Brick Balcony,decoration/building block,Macaw's building block,,
mcwstairs,mcwstairs:brick_bulk_stairs,Brick Bulk Stairs,decoration/building block,Macaw's building block,,
mcwstairs,mcwstairs:brick_compact_stairs,Brick Compact Stairs,decoration/building block,Macaw's building block,,
mcwstairs,mcwstairs:brick_loft_stairs,Brick Loft Stairs,decoration/building block,Macaw's building block,,
mcwstairs,mcwstairs:brick_platform,Brick Platform,decoration/building block,Macaw's building block,,
mcwstairs,mcwstairs:brick_railing,Brick Railing,decoration/building block,Macaw's building block,,
mcwstairs,mcwstairs:brick_skyline_stairs,Brick Skyline Stairs,decoration/building block,Macaw's building block,,
mcwstairs,mcwstairs:brick_terrace_stairs,Brick Terrace Stairs,decoration/building block,Macaw's building block,,
mcwstairs,mcwstairs:cherry_balcony,Cherry Balcony,decoration/building block,Macaw's building block,,
mcwstairs,mcwstairs:cherry_bulk_stairs,Cherry Bulk Stairs,decoration/building block,Macaw's building block,,
mcwstairs,mcwstairs:cherry_compact_stairs,Cherry Compact Stairs,decoration/building block,Macaw's building block,,
mcwstairs,mcwstairs:cherry_loft_stairs,Cherry Loft Stairs,decoration/building block,Macaw's building block,,
mcwstairs,mcwstairs:cherry_platform,Cherry Platform,decoration/building block,Macaw's building block,,
mcwstairs,mcwstairs:cherry_railing,Cherry Railing,decoration/building block,Macaw's building block,,
mcwstairs,mcwstairs:cherry_skyline_stairs,Cherry Skyline Stairs,decoration/building block,Macaw's building block,,
mcwstairs,mcwstairs:cherry_terrace_stairs,Cherry Terrace Stairs,decoration/building block,Macaw's building block,,
mcwstairs,mcwstairs:cobbled_deepslate_balcony,Cobbled Deepslate Balcony,decoration/building block,Macaw's building block,,
mcwstairs,mcwstairs:cobbled_deepslate_bulk_stairs,Cobbled Deepslate Bulk Stairs,decoration/building block,Macaw's building block,,
mcwstairs,mcwstairs:cobbled_deepslate_compact_stairs,Cobbled Deepslate Compact Stairs,decoration/building block,Macaw's building block,,
mcwstairs,mcwstairs:cobbled_deepslate_loft_stairs,Cobbled Deepslate Loft Stairs,decoration/building block,Macaw's building block,,
mcwstairs,mcwstairs:cobbled_deepslate_platform,Cobbled Deepslate Platform,decoration/building block,Macaw's building block,,
mcwstairs,mcwstairs:cobbled_deepslate_railing,Cobbled Deepslate Railing,decoration/building block,Macaw's building block,,
mcwstairs,mcwstairs:cobbled_deepslate_skyline_stairs,Cobbled Deepslate Skyline Stairs,decoration/building block,Macaw's building block,,
mcwstairs,mcwstairs:cobbled_deepslate_terrace_stairs,Cobbled Deepslate Terrace Stairs,decoration/building block,Macaw's building block,,
mcwstairs,mcwstairs:cobblestone_balcony,Cobblestone Balcony,decoration/building block,Macaw's building block,,
mcwstairs,mcwstairs:cobblestone_bulk_stairs,Cobblestone Bulk Stairs,decoration/building block,Macaw's building block,,
mcwstairs,mcwstairs:cobblestone_compact_stairs,Cobblestone Compact Stairs,decoration/building block,Macaw's building block,,
mcwstairs,mcwstairs:cobblestone_loft_stairs,Cobblestone Loft Stairs,decoration/building block,Macaw's building block,,
mcwstairs,mcwstairs:cobblestone_platform,Cobblestone Platform,decoration/building block,Macaw's building block,,
mcwstairs,mcwstairs:cobblestone_railing,Cobblestone Railing,decoration/building block,Macaw's building block,,
mcwstairs,mcwstairs:cobblestone_skyline_stairs,Cobblestone Skyline Stairs,decoration/building block,Macaw's building block,,
mcwstairs,mcwstairs:cobblestone_terrace_stairs,Cobblestone Terrace Stairs,decoration/building block,Macaw's building block,,
mcwstairs,mcwstairs:crimson_balcony,Crimson Balcony,decoration/building block,Macaw's building block,,
mcwstairs,mcwstairs:crimson_bulk_stairs,Crimson Bulk Stairs,decoration/building block,Macaw's building block,,
mcwstairs,mcwstairs:crimson_compact_stairs,Crimson Compact Stairs,decoration/building block,Macaw's building block,,
mcwstairs,mcwstairs:crimson_loft_stairs,Crimson Loft Stairs,decoration/building block,Macaw's building block,,
mcwstairs,mcwstairs:crimson_platform,Crimson Platform,decoration/building block,Macaw's building block,,
mcwstairs,mcwstairs:crimson_railing,Crimson Railing,decoration/building block,Macaw's building block,,
mcwstairs,mcwstairs:crimson_skyline_stairs,Crimson Skyline Stairs,decoration/building block,Macaw's building block,,
mcwstairs,mcwstairs:crimson_terrace_stairs,Crimson Terrace Stairs,decoration/building block,Macaw's building block,,
mcwstairs,mcwstairs:dark_oak_balcony,Dark Oak Balcony,decoration/building block,Macaw's building block,,
mcwstairs,mcwstairs:dark_oak_bulk_stairs,Dark Oak Bulk Stairs,decoration/building block,Macaw's building block,,
mcwstairs,mcwstairs:dark_oak_compact_stairs,Dark Oak Compact Stairs,decoration/building block,Macaw's building block,,
mcwstairs,mcwstairs:dark_oak_loft_stairs,Dark Oak Loft Stairs,decoration/building block,Macaw's building block,,
mcwstairs,mcwstairs:dark_oak_platform,Dark Oak Platform,decoration/building block,Macaw's building block,,
mcwstairs,mcwstairs:dark_oak_railing,Dark Oak Railing,decoration/building block,Macaw's building block,,
mcwstairs,mcwstairs:dark_oak_skyline_stairs,Dark Oak Skyline Stairs,decoration/building block,Macaw's building block,,
mcwstairs,mcwstairs:dark_oak_terrace_stairs,Dark Oak Terrace Stairs,decoration/building block,Macaw's building block,,
mcwstairs,mcwstairs:deepslate_brick_balcony,Deepslate Brick Balcony,decoration/building block,Macaw's building block,,
mcwstairs,mcwstairs:deepslate_brick_bulk_stairs,Deepslate Brick Bulk Stairs,decoration/building block,Macaw's building block,,
mcwstairs,mcwstairs:deepslate_brick_compact_stairs,Deepslate Brick Compact Stairs,decoration/building block,Macaw's building block,,
mcwstairs,mcwstairs:deepslate_brick_loft_stairs,Deepslate Brick Loft Stairs,decoration/building block,Macaw's building block,,
mcwstairs,mcwstairs:deepslate_brick_platform,Deepslate Brick Platform,decoration/building block,Macaw's building block,,
mcwstairs,mcwstairs:deepslate_brick_railing,Deepslate Brick Railing,decoration/building block,Macaw's building block,,
mcwstairs,mcwstairs:deepslate_brick_skyline_stairs,Deepslate Brick Skyline Stairs,decoration/building block,Macaw's building block,,
mcwstairs,mcwstairs:deepslate_brick_terrace_stairs,Deepslate Brick Terrace Stairs,decoration/building block,Macaw's building block,,
mcwstairs,mcwstairs:diorite_balcony,Diorite Balcony,decoration/building block,Macaw's building block,,
mcwstairs,mcwstairs:diorite_bulk_stairs,Diorite Bulk Stairs,decoration/building block,Macaw's building block,,
mcwstairs,mcwstairs:diorite_compact_stairs,Diorite Compact Stairs,decoration/building block,Macaw's building block,,
mcwstairs,mcwstairs:diorite_loft_stairs,Diorite Loft Stairs,decoration/building block,Macaw's building block,,
mcwstairs,mcwstairs:diorite_platform,Diorite Platform,decoration/building block,Macaw's building block,,
mcwstairs,mcwstairs:diorite_railing,Diorite Railing,decoration/building block,Macaw's building block,,
mcwstairs,mcwstairs:diorite_skyline_stairs,Diorite Skyline Stairs,decoration/building block,Macaw's building block,,
mcwstairs,mcwstairs:diorite_terrace_stairs,Diorite Terrace Stairs,decoration/building block,Macaw's building block,,
mcwstairs,mcwstairs:granite_balcony,Granite Balcony,decoration/building block,Macaw's building block,,
mcwstairs,mcwstairs:granite_bulk_stairs,Granite Bulk Stairs,decoration/building block,Macaw's building block,,
mcwstairs,mcwstairs:granite_compact_stairs,Granite Compact Stairs,decoration/building block,Macaw's building block,,
mcwstairs,mcwstairs:granite_loft_stairs,Granite Loft Stairs,decoration/building block,Macaw's building block,,
mcwstairs,mcwstairs:granite_platform,Granite Platform,decoration/building block,Macaw's building block,,
mcwstairs,mcwstairs:granite_railing,Granite Railing,decoration/building block,Macaw's building block,,
mcwstairs,mcwstairs:granite_skyline_stairs,Granite Skyline Stairs,decoration/building block,Macaw's building block,,
mcwstairs,mcwstairs:granite_terrace_stairs,Granite Terrace Stairs,decoration/building block,Macaw's building block,,
mcwstairs,mcwstairs:jungle_balcony,Jungle Balcony,decoration/building block,Macaw's building block,,
mcwstairs,mcwstairs:jungle_bulk_stairs,Jungle Bulk Stairs,decoration/building block,Macaw's building block,,
mcwstairs,mcwstairs:jungle_compact_stairs,Jungle Compact Stairs,decoration/building block,Macaw's building block,,
mcwstairs,mcwstairs:jungle_loft_stairs,Jungle Loft Stairs,decoration/building block,Macaw's building block,,
mcwstairs,mcwstairs:jungle_platform,Jungle Platform,decoration/building block,Macaw's building block,,
mcwstairs,mcwstairs:jungle_railing,Jungle Railing,decoration/building block,Macaw's building block,,
mcwstairs,mcwstairs:jungle_skyline_stairs,Jungle Skyline Stairs,decoration/building block,Macaw's building block,,
mcwstairs,mcwstairs:jungle_terrace_stairs,Jungle Terrace Stairs,decoration/building block,Macaw's building block,,
mcwstairs,mcwstairs:mangrove_balcony,Mangrove Balcony,decoration/building block,Macaw's building block,,
mcwstairs,mcwstairs:mangrove_bulk_stairs,Mangrove Bulk Stairs,decoration/building block,Macaw's building block,,
mcwstairs,mcwstairs:mangrove_compact_stairs,Mangrove Compact Stairs,decoration/building block,Macaw's building block,,
mcwstairs,mcwstairs:mangrove_loft_stairs,Mangrove Loft Stairs,decoration/building block,Macaw's building block,,
mcwstairs,mcwstairs:mangrove_platform,Mangrove Platform,decoration/building block,Macaw's building block,,
mcwstairs,mcwstairs:mangrove_railing,Mangrove Railing,decoration/building block,Macaw's building block,,
mcwstairs,mcwstairs:mangrove_skyline_stairs,Mangrove Skyline Stairs,decoration/building block,Macaw's building block,,
mcwstairs,mcwstairs:mangrove_terrace_stairs,Mangrove Terrace Stairs,decoration/building block,Macaw's building block,,
mcwstairs,mcwstairs:mossy_cobblestone_balcony,Mossy Cobblestone Balcony,decoration/building block,Macaw's building block,,
mcwstairs,mcwstairs:mossy_cobblestone_bulk_stairs,Mossy Cobblestone Bulk Stairs,decoration/building block,Macaw's building block,,
mcwstairs,mcwstairs:mossy_cobblestone_compact_stairs,Mossy Cobblestone Compact Stairs,decoration/building block,Macaw's building block,,
mcwstairs,mcwstairs:mossy_cobblestone_loft_stairs,Mossy Cobblestone Loft Stairs,decoration/building block,Macaw's building block,,
mcwstairs,mcwstairs:mossy_cobblestone_platform,Mossy Cobblestone Platform,decoration/building block,Macaw's building block,,
mcwstairs,mcwstairs:mossy_cobblestone_railing,Mossy Cobblestone Railing,decoration/building block,Macaw's building block,,
mcwstairs,mcwstairs:mossy_cobblestone_skyline_stairs,Mossy Cobblestone Skyline Stairs,decoration/building block,Macaw's building block,,
mcwstairs,mcwstairs:mossy_cobblestone_terrace_stairs,Mossy Cobblestone Terrace Stairs,decoration/building block,Macaw's building block,,
mcwstairs,mcwstairs:mossy_stone_brick_balcony,Mossy Stone Brick Balcony,decoration/building block,Macaw's building block,,
mcwstairs,mcwstairs:mossy_stone_brick_bulk_stairs,Mossy Stone Brick Bulk Stairs,decoration/building block,Macaw's building block,,
mcwstairs,mcwstairs:mossy_stone_brick_compact_stairs,Mossy Stone Brick Compact Stairs,decoration/building block,Macaw's building block,,
mcwstairs,mcwstairs:mossy_stone_brick_loft_stairs,Mossy Stone Brick Loft Stairs,decoration/building block,Macaw's building block,,
mcwstairs,mcwstairs:mossy_stone_brick_platform,Mossy Stone Brick Platform,decoration/building block,Macaw's building block,,
mcwstairs,mcwstairs:mossy_stone_brick_railing,Mossy Stone Brick Railing,decoration/building block,Macaw's building block,,
mcwstairs,mcwstairs:mossy_stone_brick_skyline_stairs,Mossy Stone Brick Skyline Stairs,decoration/building block,Macaw's building block,,
mcwstairs,mcwstairs:mossy_stone_brick_terrace_stairs,Mossy Stone Brick Terrace Stairs,decoration/building block,Macaw's building block,,
mcwstairs,mcwstairs:mud_brick_balcony,Mud Brick Balcony,decoration/building block,Macaw's building block,,
mcwstairs,mcwstairs:mud_brick_bulk_stairs,Mud Brick Bulk Stairs,decoration/building block,Macaw's building block,,
mcwstairs,mcwstairs:mud_brick_compact_stairs,Mud Brick Compact Stairs,decoration/building block,Macaw's building block,,
mcwstairs,mcwstairs:mud_brick_loft_stairs,Mud Brick Loft Stairs,decoration/building block,Macaw's building block,,
mcwstairs,mcwstairs:mud_brick_platform,Mud Brick Platform,decoration/building block,Macaw's building block,,
mcwstairs,mcwstairs:mud_brick_railing,Mud Brick Railing,decoration/building block,Macaw's building block,,
mcwstairs,mcwstairs:mud_brick_skyline_stairs,Mud Brick Skyline Stairs,decoration/building block,Macaw's building block,,
mcwstairs,mcwstairs:mud_brick_terrace_stairs,Mud Brick Terrace Stairs,decoration/building block,Macaw's building block,,
mcwstairs,mcwstairs:nether_brick_balcony,Nether Brick Balcony,decoration/building block,Macaw's building block,,
mcwstairs,mcwstairs:nether_brick_bulk_stairs,Nether Brick Bulk Stairs,decoration/building block,Macaw's building block,,
mcwstairs,mcwstairs:nether_brick_compact_stairs,Nether Brick Compact Stairs,decoration/building block,Macaw's building block,,
mcwstairs,mcwstairs:nether_brick_loft_stairs,Nether Brick Loft Stairs,decoration/building block,Macaw's building block,,
mcwstairs,mcwstairs:nether_brick_platform,Nether Brick Platform,decoration/building block,Macaw's building block,,
mcwstairs,mcwstairs:nether_brick_railing,Nether Brick Railing,decoration/building block,Macaw's building block,,
mcwstairs,mcwstairs:nether_brick_skyline_stairs,Nether Brick Skyline Stairs,decoration/building block,Macaw's building block,,
mcwstairs,mcwstairs:nether_brick_terrace_stairs,Nether Brick Terrace Stairs,decoration/building block,Macaw's building block,,
mcwstairs,mcwstairs:oak_balcony,Oak Balcony,decoration/building block,Macaw's building block,,
mcwstairs,mcwstairs:oak_bulk_stairs,Oak Bulk Stairs,decoration/building block,Macaw's building block,,
mcwstairs,mcwstairs:oak_compact_stairs,Oak Compact Stairs,decoration/building block,Macaw's building block,,
mcwstairs,mcwstairs:oak_loft_stairs,Oak Loft Stairs,decoration/building block,Macaw's building block,,
mcwstairs,mcwstairs:oak_platform,Oak Platform,decoration/building block,Macaw's building block,,
mcwstairs,mcwstairs:oak_railing,Oak Stair Railing,decoration/building block,Macaw's building block,,
mcwstairs,mcwstairs:oak_skyline_stairs,Oak Skyline Stairs,decoration/building block,Macaw's building block,,
mcwstairs,mcwstairs:oak_terrace_stairs,Oak Terrace Stairs,decoration/building block,Macaw's building block,,
mcwstairs,mcwstairs:prismarine_balcony,Prismarine Balcony,decoration/building block,Macaw's building block,,
mcwstairs,mcwstairs:prismarine_bulk_stairs,Prismarine Bulk Stairs,decoration/building block,Macaw's building block,,
mcwstairs,mcwstairs:prismarine_compact_stairs,Prismarine Compact Stairs,decoration/building block,Macaw's building block,,
mcwstairs,mcwstairs:prismarine_loft_stairs,Prismarine Loft Stairs,decoration/building block,Macaw's building block,,
mcwstairs,mcwstairs:prismarine_platform,Prismarine Platform,decoration/building block,Macaw's building block,,
mcwstairs,mcwstairs:prismarine_railing,Prismarine Railing,decoration/building block,Macaw's building block,,
mcwstairs,mcwstairs:prismarine_skyline_stairs,Prismarine Skyline Stairs,decoration/building block,Macaw's building block,,
mcwstairs,mcwstairs:prismarine_terrace_stairs,Prismarine Terrace Stairs,decoration/building block,Macaw's building block,,
mcwstairs,mcwstairs:quartz_balcony,Quartz Balcony,decoration/building block,Macaw's building block,,
mcwstairs,mcwstairs:quartz_bulk_stairs,Quartz Bulk Stairs,decoration/building block,Macaw's building block,,
mcwstairs,mcwstairs:quartz_compact_stairs,Quartz Compact Stairs,decoration/building block,Macaw's building block,,
mcwstairs,mcwstairs:quartz_loft_stairs,Quartz Loft Stairs,decoration/building block,Macaw's building block,,
mcwstairs,mcwstairs:quartz_platform,Quartz Platform,decoration/building block,Macaw's building block,,
mcwstairs,mcwstairs:quartz_railing,Quartz Railing,decoration/building block,Macaw's building block,,
mcwstairs,mcwstairs:quartz_skyline_stairs,Quartz Skyline Stairs,decoration/building block,Macaw's building block,,
mcwstairs,mcwstairs:quartz_terrace_stairs,Quartz Terrace Stairs,decoration/building block,Macaw's building block,,
mcwstairs,mcwstairs:red_nether_brick_balcony,Red Nether Brick Balcony,decoration/building block,Macaw's building block,,
mcwstairs,mcwstairs:red_nether_brick_bulk_stairs,Red Nether Brick Bulk Stairs,decoration/building block,Macaw's building block,,
mcwstairs,mcwstairs:red_nether_brick_compact_stairs,Red Nether Brick Compact Stairs,decoration/building block,Macaw's building block,,
mcwstairs,mcwstairs:red_nether_brick_loft_stairs,Red Nether Brick Loft Stairs,decoration/building block,Macaw's building block,,
mcwstairs,mcwstairs:red_nether_brick_platform,Red Nether Brick Platform,decoration/building block,Macaw's building block,,
mcwstairs,mcwstairs:red_nether_brick_railing,Red Nether Brick Railing,decoration/building block,Macaw's building block,,
mcwstairs,mcwstairs:red_nether_brick_skyline_stairs,Red Nether Brick Skyline Stairs,decoration/building block,Macaw's building block,,
mcwstairs,mcwstairs:red_nether_brick_terrace_stairs,Red Nether Brick Terrace Stairs,decoration/building block,Macaw's building block,,
mcwstairs,mcwstairs:red_sandstone_balcony,Red Sandstone Balcony,decoration/building block,Macaw's building block,,
mcwstairs,mcwstairs:red_sandstone_bulk_stairs,Red Sandstone Bulk Stairs,decoration/building block,Macaw's building block,,
mcwstairs,mcwstairs:red_sandstone_compact_stairs,Red Sandstone Compact Stairs,decoration/building block,Macaw's building block,,
mcwstairs,mcwstairs:red_sandstone_loft_stairs,Red Sandstone Loft Stairs,decoration/building block,Macaw's building block,,
mcwstairs,mcwstairs:red_sandstone_platform,Red Sandstone Platform,decoration/building block,Macaw's building block,,
mcwstairs,mcwstairs:red_sandstone_railing,Red Sandstone Railing,decoration/building block,Macaw's building block,,
mcwstairs,mcwstairs:red_sandstone_skyline_stairs,Red Sandstone Skyline Stairs,decoration/building block,Macaw's building block,,
mcwstairs,mcwstairs:red_sandstone_terrace_stairs,Red Sandstone Terrace Stairs,decoration/building block,Macaw's building block,,
mcwstairs,mcwstairs:sandstone_balcony,Sandstone Balcony,decoration/building block,Macaw's building block,,
mcwstairs,mcwstairs:sandstone_bulk_stairs,Sandstone Bulk Stairs,decoration/building block,Macaw's building block,,
mcwstairs,mcwstairs:sandstone_compact_stairs,Sandstone Compact Stairs,decoration/building block,Macaw's building block,,
mcwstairs,mcwstairs:sandstone_loft_stairs,Sandstone Loft Stairs,decoration/building block,Macaw's building block,,
mcwstairs,mcwstairs:sandstone_platform,Sandstone Platform,decoration/building block,Macaw's building block,,
mcwstairs,mcwstairs:sandstone_railing,Sandstone Railing,decoration/building block,Macaw's building block,,
mcwstairs,mcwstairs:sandstone_skyline_stairs,Sandstone Skyline Stairs,decoration/building block,Macaw's building block,,
mcwstairs,mcwstairs:sandstone_terrace_stairs,Sandstone Terrace Stairs,decoration/building block,Macaw's building block,,
mcwstairs,mcwstairs:spruce_balcony,Spruce Balcony,decoration/building block,Macaw's building block,,
mcwstairs,mcwstairs:spruce_bulk_stairs,Spruce Bulk Stairs,decoration/building block,Macaw's building block,,
mcwstairs,mcwstairs:spruce_compact_stairs,Spruce Compact Stairs,decoration/building block,Macaw's building block,,
mcwstairs,mcwstairs:spruce_loft_stairs,Spruce Loft Stairs,decoration/building block,Macaw's building block,,
mcwstairs,mcwstairs:spruce_platform,Spruce Platform,decoration/building block,Macaw's building block,,
mcwstairs,mcwstairs:spruce_railing,Spruce Railing,decoration/building block,Macaw's building block,,
mcwstairs,mcwstairs:spruce_skyline_stairs,Spruce Skyline Stairs,decoration/building block,Macaw's building block,,
mcwstairs,mcwstairs:spruce_terrace_stairs,Spruce Terrace Stairs,decoration/building block,Macaw's building block,,
mcwstairs,mcwstairs:stone_brick_balcony,Stone Brick Balcony,decoration/building block,Macaw's building block,,
mcwstairs,mcwstairs:stone_brick_bulk_stairs,Stone Brick Bulk Stairs,decoration/building block,Macaw's building block,,
mcwstairs,mcwstairs:stone_brick_compact_stairs,Stone Brick Compact Stairs,decoration/building block,Macaw's building block,,
mcwstairs,mcwstairs:stone_brick_loft_stairs,Stone Brick Loft Stairs,decoration/building block,Macaw's building block,,
mcwstairs,mcwstairs:stone_brick_platform,Stone Brick Platform,decoration/building block,Macaw's building block,,
mcwstairs,mcwstairs:stone_brick_railing,Stone Brick Railing,decoration/building block,Macaw's building block,,
mcwstairs,mcwstairs:stone_brick_skyline_stairs,Stone Brick Skyline Stairs,decoration/building block,Macaw's building block,,
mcwstairs,mcwstairs:stone_brick_terrace_stairs,Stone Brick Terrace Stairs,decoration/building block,Macaw's building block,,
mcwstairs,mcwstairs:warped_balcony,Warped Balcony,decoration/building block,Macaw's building block,,
mcwstairs,mcwstairs:warped_bulk_stairs,Warped Bulk Stairs,decoration/building block,Macaw's building block,,
mcwstairs,mcwstairs:warped_compact_stairs,Warped Compact Stairs,decoration/building block,Macaw's building block,,
mcwstairs,mcwstairs:warped_loft_stairs,Warped Loft Stairs,decoration/building block,Macaw's building block,,
mcwstairs,mcwstairs:warped_platform,Warped Platform,decoration/building block,Macaw's building block,,
mcwstairs,mcwstairs:warped_railing,Warped Railing,decoration/building block,Macaw's building block,,
mcwstairs,mcwstairs:warped_skyline_stairs,Warped Skyline Stairs,decoration/building block,Macaw's building block,,
mcwstairs,mcwstairs:warped_terrace_stairs,Warped Terrace Stairs,decoration/building block,Macaw's building block,,
gravestone,gravestone:gravestone,Grave,utility block,grave,,
gravestone,gravestone:obituary,Obituary,technical/creative-only,death note (given on death),,
lootr,lootr:decorated_pot,Decorated Loot Pot,technical/creative-only,"creative, debug or mod-internal",,
lootr,lootr:lootr_barrel,Loot Barrel,technical/creative-only,"creative, debug or mod-internal",,
lootr,lootr:lootr_chest,Loot Chest,technical/creative-only,"creative, debug or mod-internal",,
lootr,lootr:lootr_inventory,Loot Chest,technical/creative-only,"creative, debug or mod-internal",,
lootr,lootr:lootr_shulker,Loot Shulker,technical/creative-only,"creative, debug or mod-internal",,
lootr,lootr:lootr_trapped_chest,Loot Chest,technical/creative-only,"creative, debug or mod-internal",,
lootr,lootr:suspicious_gravel,Gravel,technical/creative-only,"creative, debug or mod-internal",,
lootr,lootr:suspicious_sand,Sand,technical/creative-only,"creative, debug or mod-internal",,
lootr,lootr:trophy,Centennial Trophy,technical/creative-only,"creative, debug or mod-internal",,
ftbquests,ftbquests:barrier,Quest Barrier,technical/creative-only,"creative, debug or mod-internal",,
ftbquests,ftbquests:book,Quest Book,technical/creative-only,"creative, debug or mod-internal",,
ftbquests,ftbquests:custom_icon,Custom Icon,technical/creative-only,"creative, debug or mod-internal",,
ftbquests,ftbquests:detector,Quest Detector,technical/creative-only,"creative, debug or mod-internal",,
ftbquests,ftbquests:loot_crate_opener,Loot Crate Opener,technical/creative-only,"creative, debug or mod-internal",,
ftbquests,ftbquests:lootcrate,Loot Crate,technical/creative-only,"creative, debug or mod-internal",,
ftbquests,ftbquests:missing_item,Missing Item,technical/creative-only,"creative, debug or mod-internal",,
ftbquests,ftbquests:screen_1,Task Screen (1x1),technical/creative-only,"creative, debug or mod-internal",,
ftbquests,ftbquests:screen_3,Task Screen (3x3),technical/creative-only,"creative, debug or mod-internal",,
ftbquests,ftbquests:screen_5,Task Screen (5x5),technical/creative-only,"creative, debug or mod-internal",,
ftbquests,ftbquests:screen_7,Task Screen (7x7),technical/creative-only,"creative, debug or mod-internal",,
ftbquests,ftbquests:stage_barrier,Stage Barrier,technical/creative-only,"creative, debug or mod-internal",,
ftbquests,ftbquests:task_screen_configurator,Task Screen Configurator,technical/creative-only,"creative, debug or mod-internal",,
ftblibrary,ftblibrary:icon_item,FTB Icon,technical/creative-only,"creative, debug or mod-internal",,
patchouli,patchouli:guide_book,Guide Book,technical/creative-only,"creative, debug or mod-internal",,
moonlight,moonlight:placeable_item,,technical/creative-only,"creative, debug or mod-internal",,
moonlight,moonlight:spawn_box,Spawn Box Block,technical/creative-only,"creative, debug or mod-internal",,
dragonlib,dragonlib:dragon,Dragon,technical/creative-only,"creative, debug or mod-internal",,
easy_npc,easy_npc:allay_spawn_egg,,technical/creative-only,spawn egg,,
easy_npc,easy_npc:bogged_spawn_egg,,technical/creative-only,spawn egg,,
easy_npc,easy_npc:boss_spawner,EasyNPC Boss Spawner,technical/creative-only,"creative, debug or mod-internal",,
easy_npc,easy_npc:bullet,,technical/creative-only,"creative, debug or mod-internal",,
easy_npc,easy_npc:cat_spawn_egg,,technical/creative-only,spawn egg,,
easy_npc,easy_npc:cave_spider_spawn_egg,,technical/creative-only,spawn egg,,
easy_npc,easy_npc:chicken_spawn_egg,,technical/creative-only,spawn egg,,
easy_npc,easy_npc:creeper_spawn_egg,,technical/creative-only,spawn egg,,
easy_npc,easy_npc:custom_data_test,Custom Data Test Item,technical/creative-only,"creative, debug or mod-internal",,
easy_npc,easy_npc:default_spawner,EasyNPC Default Spawner,technical/creative-only,"creative, debug or mod-internal",,
easy_npc,easy_npc:doppler_spawn_egg,,technical/creative-only,spawn egg,,
easy_npc,easy_npc:drowned_spawn_egg,,technical/creative-only,spawn egg,,
easy_npc,easy_npc:easy_npc_preset,NPC Preset,technical/creative-only,"creative, debug or mod-internal",,
easy_npc,easy_npc:easy_npc_preset_empty,Empty NPC Preset,technical/creative-only,"creative, debug or mod-internal",,
easy_npc,easy_npc:enderman_spawn_egg,,technical/creative-only,spawn egg,,
easy_npc,easy_npc:evoker_spawn_egg,,technical/creative-only,spawn egg,,
easy_npc,easy_npc:fairy_spawn_egg,,technical/creative-only,spawn egg,,
easy_npc,easy_npc:fox_spawn_egg,,technical/creative-only,spawn egg,,
easy_npc,easy_npc:ghast_spawn_egg,,technical/creative-only,spawn egg,,
easy_npc,easy_npc:group_spawner,EasyNPC Group Spawner,technical/creative-only,"creative, debug or mod-internal",,
easy_npc,easy_npc:horse_spawn_egg,,technical/creative-only,spawn egg,,
easy_npc,easy_npc:humanoid_slim_spawn_egg,,technical/creative-only,spawn egg,,
easy_npc,easy_npc:humanoid_spawn_egg,,technical/creative-only,spawn egg,,
easy_npc,easy_npc:husk_spawn_egg,,technical/creative-only,spawn egg,,
easy_npc,easy_npc:illusioner_spawn_egg,,technical/creative-only,spawn egg,,
easy_npc,easy_npc:iron_golem_spawn_egg,,technical/creative-only,spawn egg,,
easy_npc,easy_npc:move_easy_npc,Move EasyNPC,technical/creative-only,"creative, debug or mod-internal",,
easy_npc,easy_npc:npc_coin,NPC Coin,technical/creative-only,"creative, debug or mod-internal",,
easy_npc,easy_npc:npc_key,NPC Key,technical/creative-only,"creative, debug or mod-internal",,
easy_npc,easy_npc:npc_red_token,NPC Red Token,technical/creative-only,"creative, debug or mod-internal",,
easy_npc,easy_npc:orc_spawn_egg,,technical/creative-only,spawn egg,,
easy_npc,easy_npc:orc_warrior_spawn_egg,,technical/creative-only,spawn egg,,
easy_npc,easy_npc:pig_spawn_egg,,technical/creative-only,spawn egg,,
easy_npc,easy_npc:piglin_brute_spawn_egg,,technical/creative-only,spawn egg,,
easy_npc,easy_npc:piglin_spawn_egg,,technical/creative-only,spawn egg,,
easy_npc,easy_npc:pillager_spawn_egg,,technical/creative-only,spawn egg,,
easy_npc,easy_npc:single_spawner,EasyNPC Single Spawner,technical/creative-only,"creative, debug or mod-internal",,
easy_npc,easy_npc:skeleton_horse_spawn_egg,,technical/creative-only,spawn egg,,
easy_npc,easy_npc:skeleton_spawn_egg,,technical/creative-only,spawn egg,,
easy_npc,easy_npc:slime_spawn_egg,,technical/creative-only,spawn egg,,
easy_npc,easy_npc:spawn_egg,%s NPC Spawn Egg,technical/creative-only,spawn egg,,
easy_npc,easy_npc:spider_spawn_egg,,technical/creative-only,spawn egg,,
easy_npc,easy_npc:stray_spawn_egg,,technical/creative-only,spawn egg,,
easy_npc,easy_npc:vex_spawn_egg,,technical/creative-only,spawn egg,,
easy_npc,easy_npc:villager_spawn_egg,,technical/creative-only,spawn egg,,
easy_npc,easy_npc:vindicator_spawn_egg,,technical/creative-only,spawn egg,,
easy_npc,easy_npc:wandering_trader_spawn_egg,,technical/creative-only,spawn egg,,
easy_npc,easy_npc:witch_spawn_egg,,technical/creative-only,spawn egg,,
easy_npc,easy_npc:wither_skeleton_spawn_egg,,technical/creative-only,spawn egg,,
easy_npc,easy_npc:wolf_spawn_egg,,technical/creative-only,spawn egg,,
easy_npc,easy_npc:world_spawner,EasyNPC World Spawner,technical/creative-only,"creative, debug or mod-internal",,
easy_npc,easy_npc:zombie_horse_spawn_egg,,technical/creative-only,spawn egg,,
easy_npc,easy_npc:zombie_spawn_egg,,technical/creative-only,spawn egg,,
easy_npc,easy_npc:zombie_villager_spawn_egg,,technical/creative-only,spawn egg,,
easy_npc,easy_npc:zombified_piglin_spawn_egg,,technical/creative-only,spawn egg,,
easy_npc_config_ui,easy_npc_config_ui:easy_npc_wand,EasyNPC Wand,technical/creative-only,"creative, debug or mod-internal",,
easy_npc_config_ui,easy_npc_config_ui:preset_browser,Preset Browser,technical/creative-only,"creative, debug or mod-internal",,
lemursaucepacket,lemursaucepacket:aeronaut_boots,,armour,gear set,pmmo: WEAR agility 40,
lemursaucepacket,lemursaucepacket:aeronaut_chestplate,,armour,gear set,pmmo: WEAR agility 40,
lemursaucepacket,lemursaucepacket:aeronaut_helmet,,armour,gear set,pmmo: WEAR agility 40,
lemursaucepacket,lemursaucepacket:aeronaut_leggings,,armour,gear set,pmmo: WEAR agility 40,
lemursaucepacket,lemursaucepacket:aeronaut_rigging,,crafting material,pack material,craft: crafting 35,
lemursaucepacket,lemursaucepacket:agility_cape,,technical/creative-only,"cape (earned, never crafted)",earned (cape unlock),
lemursaucepacket,lemursaucepacket:anglers_cap,,armour,gear set,pmmo: WEAR fishing 25,
lemursaucepacket,lemursaucepacket:armory_cape,,technical/creative-only,"cape (earned, never crafted)",earned (cape unlock),
lemursaucepacket,lemursaucepacket:attack_cape,,technical/creative-only,"cape (earned, never crafted)",earned (cape unlock),
lemursaucepacket,lemursaucepacket:beacon_cape,,technical/creative-only,"cape (earned, never crafted)",earned (cape unlock),
lemursaucepacket,lemursaucepacket:brass_age_cape,,technical/creative-only,"cape (earned, never crafted)",earned (cape unlock),
lemursaucepacket,lemursaucepacket:brass_sabre,,weapon,gear weapon,pmmo: WEAPON attack 25,
lemursaucepacket,lemursaucepacket:brewing_cape,,technical/creative-only,"cape (earned, never crafted)",earned (cape unlock),
lemursaucepacket,lemursaucepacket:builders_wand,,tool,gear tool,"pmmo: TOOL crafting 30, USE crafting 30",
lemursaucepacket,lemursaucepacket:compacted_diamond,,crafting material,pack material,,
lemursaucepacket,lemursaucepacket:compacted_diamond_boots,,armour,gear set,pmmo: WEAR defence 45,
lemursaucepacket,lemursaucepacket:compacted_diamond_chestplate,,armour,gear set,pmmo: WEAR defence 45,
lemursaucepacket,lemursaucepacket:compacted_diamond_helmet,,armour,gear set,pmmo: WEAR defence 45,
lemursaucepacket,lemursaucepacket:compacted_diamond_leggings,,armour,gear set,pmmo: WEAR defence 45,
lemursaucepacket,lemursaucepacket:compacted_netherite,,crafting material,pack material,,
lemursaucepacket,lemursaucepacket:compacted_netherite_boots,,armour,gear set,craft: smithing 65; pmmo: WEAR defence 60,
lemursaucepacket,lemursaucepacket:compacted_netherite_chestplate,,armour,gear set,craft: smithing 65; pmmo: WEAR defence 60,
lemursaucepacket,lemursaucepacket:compacted_netherite_helmet,,armour,gear set,craft: smithing 65; pmmo: WEAR defence 60,
lemursaucepacket,lemursaucepacket:compacted_netherite_leggings,,armour,gear set,craft: smithing 65; pmmo: WEAR defence 60,
lemursaucepacket,lemursaucepacket:completionist_cape,,technical/creative-only,"cape (earned, never crafted)",earned (cape unlock),
lemursaucepacket,lemursaucepacket:construction_cape,,technical/creative-only,"cape (earned, never crafted)",earned (cape unlock),
lemursaucepacket,lemursaucepacket:cooking_cape,,technical/creative-only,"cape (earned, never crafted)",earned (cape unlock),
lemursaucepacket,lemursaucepacket:crafting_cape,,technical/creative-only,"cape (earned, never crafted)",earned (cape unlock),
lemursaucepacket,lemursaucepacket:crown_of_fire_cape,,technical/creative-only,"cape (earned, never crafted)",earned (cape unlock),
lemursaucepacket,lemursaucepacket:defence_cape,,technical/creative-only,"cape (earned, never crafted)",earned (cape unlock),
lemursaucepacket,lemursaucepacket:diamond_lattice,,crafting material,pack material,craft: smithing 45,
lemursaucepacket,lemursaucepacket:dragonslayer_cape,,technical/creative-only,"cape (earned, never crafted)",earned (cape unlock),
lemursaucepacket,lemursaucepacket:duelist_boots,,armour,gear set,pmmo: WEAR attack 40,
lemursaucepacket,lemursaucepacket:duelist_chestplate,,armour,gear set,pmmo: WEAR attack 40,
lemursaucepacket,lemursaucepacket:duelist_helmet,,armour,gear set,pmmo: WEAR attack 40,
lemursaucepacket,lemursaucepacket:duelist_leggings,,armour,gear set,pmmo: WEAR attack 40,
lemursaucepacket,lemursaucepacket:duelists_filigree,,crafting material,pack material,craft: crafting 40,
lemursaucepacket,lemursaucepacket:duelists_pattern,,crafting material,pack material,,
lemursaucepacket,lemursaucepacket:ember_crown,,armour,gear set,pmmo: WEAR defence 40,
lemursaucepacket,lemursaucepacket:enchanting_cape,,technical/creative-only,"cape (earned, never crafted)",earned (cape unlock),
lemursaucepacket,lemursaucepacket:excavators_pickaxe,,tool,gear tool,"pmmo: TOOL mining 40, USE mining 40",
lemursaucepacket,lemursaucepacket:explorer_cape,,technical/creative-only,"cape (earned, never crafted)",earned (cape unlock),
lemursaucepacket,lemursaucepacket:farming_cape,,technical/creative-only,"cape (earned, never crafted)",earned (cape unlock),
lemursaucepacket,lemursaucepacket:fire_cape,,technical/creative-only,"cape (earned, never crafted)",earned (cape unlock),
lemursaucepacket,lemursaucepacket:fishing_cape,,technical/creative-only,"cape (earned, never crafted)",earned (cape unlock),
lemursaucepacket,lemursaucepacket:grave_essence,,crafting material,pack material,,
lemursaucepacket,lemursaucepacket:harvesters_scythe,,tool,gear tool,"pmmo: TOOL farming 30, USE farming 30",
lemursaucepacket,lemursaucepacket:heart,,magic/enchanting,lifesteal heart,,
lemursaucepacket,lemursaucepacket:hero_cape,,technical/creative-only,"cape (earned, never crafted)",earned (cape unlock),
lemursaucepacket,lemursaucepacket:hitpoints_cape,,technical/creative-only,"cape (earned, never crafted)",earned (cape unlock),
lemursaucepacket,lemursaucepacket:incomplete_heart,,crafting material,pack material,,
lemursaucepacket,lemursaucepacket:infernal_cape,,technical/creative-only,"cape (earned, never crafted)",earned (cape unlock),
lemursaucepacket,lemursaucepacket:iron_roads_cape,,technical/creative-only,"cape (earned, never crafted)",earned (cape unlock),
lemursaucepacket,lemursaucepacket:legacy_cape,,technical/creative-only,"cape (earned, never crafted)",earned (cape unlock),
lemursaucepacket,lemursaucepacket:lemur_cape,,technical/creative-only,"cape (earned, never crafted)",earned (cape unlock),
lemursaucepacket,lemursaucepacket:lost_item_compass,,tool,lifesteal compass,,
lemursaucepacket,lemursaucepacket:lumber_axe,,tool,gear tool,"pmmo: TOOL woodcutting 30, USE woodcutting 30",
lemursaucepacket,lemursaucepacket:maxed_cape,,technical/creative-only,"cape (earned, never crafted)",earned (cape unlock),
lemursaucepacket,lemursaucepacket:mining_cape,,technical/creative-only,"cape (earned, never crafted)",earned (cape unlock),
lemursaucepacket,lemursaucepacket:prospector_boots,,armour,gear set,pmmo: WEAR mining 35,
lemursaucepacket,lemursaucepacket:prospector_chestplate,,armour,gear set,pmmo: WEAR mining 35,
lemursaucepacket,lemursaucepacket:prospector_helmet,,armour,gear set,pmmo: WEAR mining 35,
lemursaucepacket,lemursaucepacket:prospector_leggings,,armour,gear set,pmmo: WEAR mining 35,
lemursaucepacket,lemursaucepacket:prospector_plating,,crafting material,pack material,craft: smithing 25,
lemursaucepacket,lemursaucepacket:prospectors_pickaxe,,tool,gear tool,"pmmo: TOOL mining 30, USE mining 30",
lemursaucepacket,lemursaucepacket:ranged_cape,,technical/creative-only,"cape (earned, never crafted)",earned (cape unlock),
lemursaucepacket,lemursaucepacket:seekers_compass,,tool,lifesteal compass,,
lemursaucepacket,lemursaucepacket:settlers_cape,,technical/creative-only,"cape (earned, never crafted)",earned (cape unlock),
lemursaucepacket,lemursaucepacket:skyward_cape,,technical/creative-only,"cape (earned, never crafted)",earned (cape unlock),
lemursaucepacket,lemursaucepacket:smithing_cape,,technical/creative-only,"cape (earned, never crafted)",earned (cape unlock),
lemursaucepacket,lemursaucepacket:stormcallers_sabre,,weapon,gear weapon,pmmo: WEAPON attack 50,
lemursaucepacket,lemursaucepacket:strength_cape,,technical/creative-only,"cape (earned, never crafted)",earned (cape unlock),
lemursaucepacket,lemursaucepacket:sturdy_warhammer,,weapon,gear weapon,pmmo: WEAPON attack 45,
lemursaucepacket,lemursaucepacket:wings_cape,,technical/creative-only,"cape (earned, never crafted)",earned (cape unlock),
lemursaucepacket,lemursaucepacket:woodcutting_cape,,technical/creative-only,"cape (earned, never crafted)",earned (cape unlock),
lsp_fixes,lsp_fixes:climbing_boots,Climbing Boots,armour,relic boots,craft: crafting 20; wear: agility 25 (relic); pmmo: WEAR agility 25,
lsp_fixes,lsp_fixes:coin_pouch,Coin Pouch,technical/creative-only,currency,,
lsp_fixes,lsp_fixes:gold_coins,Gold Coins,technical/creative-only,currency,,
lsp_fixes,lsp_fixes:masons_palette,Mason's Palette,tool,Construction 99 palette,use: construction 99 (palette),
